solid OpenSCAD_Model
  facet normal 0.033341 0.999444 -0
    outer loop
      vertex 0 22.0296 1.69
      vertex -0.107915 22.0332 2
      vertex 0 22.0296 2
    endloop
  endfacet
  facet normal 0.033341 0.999444 0
    outer loop
      vertex -0.107915 22.0332 2
      vertex 0 22.0296 1.69
      vertex -0.107915 22.0332 1.69
    endloop
  endfacet
  facet normal 0.999465 0.032698 0
    outer loop
      vertex -1.64647 23.5717 2
      vertex -1.65 23.6796 1.69
      vertex -1.65 23.6796 2
    endloop
  endfacet
  facet normal 0.999465 0.032698 0
    outer loop
      vertex -1.65 23.6796 1.69
      vertex -1.64647 23.5717 2
      vertex -1.64647 23.5717 1.69
    endloop
  endfacet
  facet normal -0.999466 -0.0326677 0
    outer loop
      vertex 1.65 23.6796 1.69
      vertex 1.64647 23.7876 2
      vertex 1.64647 23.7876 1.69
    endloop
  endfacet
  facet normal -0.999466 -0.0326677 0
    outer loop
      vertex 1.64647 23.7876 2
      vertex 1.65 23.6796 1.69
      vertex 1.65 23.6796 2
    endloop
  endfacet
  facet normal 0.729884 0.683571 0
    outer loop
      vertex -1.16673 22.5129 2
      vertex -1.24053 22.5917 1.69
      vertex -1.24053 22.5917 2
    endloop
  endfacet
  facet normal 0.729884 0.683571 0
    outer loop
      vertex -1.24053 22.5917 1.69
      vertex -1.16673 22.5129 2
      vertex -1.16673 22.5129 1.69
    endloop
  endfacet
  facet normal 0.935971 0.352077 0
    outer loop
      vertex -1.5244 23.0482 2
      vertex -1.56243 23.1493 1.69
      vertex -1.56243 23.1493 2
    endloop
  endfacet
  facet normal 0.935971 0.352077 0
    outer loop
      vertex -1.56243 23.1493 1.69
      vertex -1.5244 23.0482 2
      vertex -1.5244 23.0482 1.69
    endloop
  endfacet
  facet normal 0.935971 -0.352077 0
    outer loop
      vertex -1.56243 24.21 2
      vertex -1.5244 24.3111 1.69
      vertex -1.5244 24.3111 2
    endloop
  endfacet
  facet normal 0.935971 -0.352077 0
    outer loop
      vertex -1.5244 24.3111 1.69
      vertex -1.56243 24.21 2
      vertex -1.56243 24.21 1.69
    endloop
  endfacet
  facet normal 0.413007 0.910728 -0
    outer loop
      vertex -0.631427 22.1552 1.69
      vertex -0.729775 22.1998 2
      vertex -0.631427 22.1552 2
    endloop
  endfacet
  facet normal 0.413007 0.910728 0
    outer loop
      vertex -0.729775 22.1998 2
      vertex -0.631427 22.1552 1.69
      vertex -0.729775 22.1998 1.69
    endloop
  endfacet
  facet normal 0.986673 0.162718 0
    outer loop
      vertex -1.6183 23.3577 2
      vertex -1.63588 23.4643 1.69
      vertex -1.63588 23.4643 2
    endloop
  endfacet
  facet normal 0.986673 0.162718 0
    outer loop
      vertex -1.63588 23.4643 1.69
      vertex -1.6183 23.3577 2
      vertex -1.6183 23.3577 1.69
    endloop
  endfacet
  facet normal -0.956904 -0.290406 0
    outer loop
      vertex 1.59378 24.1067 1.69
      vertex 1.56243 24.21 2
      vertex 1.56243 24.21 1.69
    endloop
  endfacet
  facet normal -0.956904 -0.290406 0
    outer loop
      vertex 1.56243 24.21 2
      vertex 1.59378 24.1067 1.69
      vertex 1.59378 24.1067 2
    endloop
  endfacet
  facet normal -0.973896 -0.226995 0
    outer loop
      vertex 1.6183 24.0015 1.69
      vertex 1.59378 24.1067 2
      vertex 1.59378 24.1067 1.69
    endloop
  endfacet
  facet normal -0.973896 -0.226995 0
    outer loop
      vertex 1.59378 24.1067 2
      vertex 1.6183 24.0015 1.69
      vertex 1.6183 24.0015 2
    endloop
  endfacet
  facet normal 0.986648 -0.162866 0
    outer loop
      vertex -1.63588 23.895 2
      vertex -1.6183 24.0015 1.69
      vertex -1.6183 24.0015 2
    endloop
  endfacet
  facet normal 0.986648 -0.162866 0
    outer loop
      vertex -1.6183 24.0015 1.69
      vertex -1.63588 23.895 2
      vertex -1.63588 23.895 1.69
    endloop
  endfacet
  facet normal 0.995174 -0.0981275 0
    outer loop
      vertex -1.64647 23.7876 2
      vertex -1.63588 23.895 1.69
      vertex -1.63588 23.895 2
    endloop
  endfacet
  facet normal 0.995174 -0.0981275 0
    outer loop
      vertex -1.63588 23.895 1.69
      vertex -1.64647 23.7876 2
      vertex -1.64647 23.7876 1.69
    endloop
  endfacet
  facet normal 0.227794 0.973709 -0
    outer loop
      vertex -0.321898 22.0613 1.69
      vertex -0.427051 22.0859 2
      vertex -0.321898 22.0613 2
    endloop
  endfacet
  facet normal 0.227794 0.973709 0
    outer loop
      vertex -0.427051 22.0859 2
      vertex -0.321898 22.0613 1.69
      vertex -0.427051 22.0859 1.69
    endloop
  endfacet
  facet normal 0.582512 0.812822 -0
    outer loop
      vertex -0.916691 22.3077 1.69
      vertex -1.00446 22.3706 2
      vertex -0.916691 22.3077 2
    endloop
  endfacet
  facet normal 0.582512 0.812822 0
    outer loop
      vertex -1.00446 22.3706 2
      vertex -0.916691 22.3077 1.69
      vertex -1.00446 22.3706 1.69
    endloop
  endfacet
  facet normal 0.527953 0.849273 -0
    outer loop
      vertex -0.825 22.2507 1.69
      vertex -0.916691 22.3077 2
      vertex -0.825 22.2507 2
    endloop
  endfacet
  facet normal 0.527953 0.849273 0
    outer loop
      vertex -0.916691 22.3077 2
      vertex -0.825 22.2507 1.69
      vertex -0.916691 22.3077 1.69
    endloop
  endfacet
  facet normal 0.35198 0.936008 -0
    outer loop
      vertex -0.530375 22.1172 1.69
      vertex -0.631427 22.1552 2
      vertex -0.530375 22.1172 2
    endloop
  endfacet
  facet normal 0.35198 0.936008 0
    outer loop
      vertex -0.631427 22.1552 2
      vertex -0.530375 22.1172 1.69
      vertex -0.631427 22.1552 1.69
    endloop
  endfacet
  facet normal 0.849213 0.52805 0
    outer loop
      vertex -1.37192 22.7629 2
      vertex -1.42894 22.8546 1.69
      vertex -1.42894 22.8546 2
    endloop
  endfacet
  facet normal 0.849213 0.52805 0
    outer loop
      vertex -1.42894 22.8546 1.69
      vertex -1.37192 22.7629 2
      vertex -1.37192 22.7629 1.69
    endloop
  endfacet
  facet normal 0.812649 0.582754 0
    outer loop
      vertex -1.30903 22.6752 2
      vertex -1.37192 22.7629 1.69
      vertex -1.37192 22.7629 2
    endloop
  endfacet
  facet normal 0.812649 0.582754 0
    outer loop
      vertex -1.37192 22.7629 1.69
      vertex -1.30903 22.6752 2
      vertex -1.30903 22.6752 1.69
    endloop
  endfacet
  facet normal 0.995174 0.0981275 0
    outer loop
      vertex -1.63588 23.4643 2
      vertex -1.64647 23.5717 1.69
      vertex -1.64647 23.5717 2
    endloop
  endfacet
  facet normal 0.995174 0.0981275 0
    outer loop
      vertex -1.64647 23.5717 1.69
      vertex -1.63588 23.4643 2
      vertex -1.63588 23.4643 1.69
    endloop
  endfacet
  facet normal -0.413007 0.910728 0
    outer loop
      vertex 0.729775 22.1998 1.69
      vertex 0.631427 22.1552 2
      vertex 0.729775 22.1998 2
    endloop
  endfacet
  facet normal -0.413007 0.910728 0
    outer loop
      vertex 0.631427 22.1552 2
      vertex 0.729775 22.1998 1.69
      vertex 0.631427 22.1552 1.69
    endloop
  endfacet
  facet normal -0.582512 0.812822 0
    outer loop
      vertex 1.00446 22.3706 1.69
      vertex 0.916691 22.3077 2
      vertex 1.00446 22.3706 2
    endloop
  endfacet
  facet normal -0.582512 0.812822 0
    outer loop
      vertex 0.916691 22.3077 2
      vertex 1.00446 22.3706 1.69
      vertex 0.916691 22.3077 1.69
    endloop
  endfacet
  facet normal 0.973896 -0.226995 0
    outer loop
      vertex -1.6183 24.0015 2
      vertex -1.59378 24.1067 1.69
      vertex -1.59378 24.1067 2
    endloop
  endfacet
  facet normal 0.973896 -0.226995 0
    outer loop
      vertex -1.59378 24.1067 1.69
      vertex -1.6183 24.0015 2
      vertex -1.6183 24.0015 1.69
    endloop
  endfacet
  facet normal 0.956904 -0.290406 0
    outer loop
      vertex -1.59378 24.1067 2
      vertex -1.56243 24.21 1.69
      vertex -1.56243 24.21 2
    endloop
  endfacet
  facet normal 0.956904 -0.290406 0
    outer loop
      vertex -1.56243 24.21 1.69
      vertex -1.59378 24.1067 2
      vertex -1.59378 24.1067 1.69
    endloop
  endfacet
  facet normal 0.999466 -0.0326677 0
    outer loop
      vertex -1.65 23.6796 2
      vertex -1.64647 23.7876 1.69
      vertex -1.64647 23.7876 2
    endloop
  endfacet
  facet normal 0.999466 -0.0326677 0
    outer loop
      vertex -1.64647 23.7876 1.69
      vertex -1.65 23.6796 2
      vertex -1.65 23.6796 1.69
    endloop
  endfacet
  facet normal 0.910383 -0.413767 0
    outer loop
      vertex -1.5244 24.3111 2
      vertex -1.51581 24.33 1.69
      vertex -1.51581 24.33 2
    endloop
  endfacet
  facet normal 0.910383 -0.413767 0
    outer loop
      vertex -1.51581 24.33 1.69
      vertex -1.5244 24.3111 2
      vertex -1.5244 24.3111 1.69
    endloop
  endfacet
  facet normal 0.634427 0.772983 -0
    outer loop
      vertex -1.00446 22.3706 1.69
      vertex -1.08792 22.4391 2
      vertex -1.00446 22.3706 2
    endloop
  endfacet
  facet normal 0.634427 0.772983 0
    outer loop
      vertex -1.08792 22.4391 2
      vertex -1.00446 22.3706 1.69
      vertex -1.08792 22.4391 1.69
    endloop
  endfacet
  facet normal 0.683525 0.729927 -0
    outer loop
      vertex -1.08792 22.4391 1.69
      vertex -1.16673 22.5129 2
      vertex -1.08792 22.4391 2
    endloop
  endfacet
  facet normal 0.683525 0.729927 0
    outer loop
      vertex -1.16673 22.5129 2
      vertex -1.08792 22.4391 1.69
      vertex -1.16673 22.5129 1.69
    endloop
  endfacet
  facet normal 0.471405 0.881917 -0
    outer loop
      vertex -0.729775 22.1998 1.69
      vertex -0.825 22.2507 2
      vertex -0.729775 22.1998 2
    endloop
  endfacet
  facet normal 0.471405 0.881917 0
    outer loop
      vertex -0.825 22.2507 2
      vertex -0.729775 22.1998 1.69
      vertex -0.825 22.2507 1.69
    endloop
  endfacet
  facet normal 0.28992 0.957051 -0
    outer loop
      vertex -0.427051 22.0859 1.69
      vertex -0.530375 22.1172 2
      vertex -0.427051 22.0859 2
    endloop
  endfacet
  facet normal 0.28992 0.957051 0
    outer loop
      vertex -0.530375 22.1172 2
      vertex -0.427051 22.0859 1.69
      vertex -0.530375 22.1172 1.69
    endloop
  endfacet
  facet normal 0.162099 0.986775 -0
    outer loop
      vertex -0.215367 22.0438 1.69
      vertex -0.321898 22.0613 2
      vertex -0.215367 22.0438 2
    endloop
  endfacet
  facet normal 0.162099 0.986775 0
    outer loop
      vertex -0.321898 22.0613 2
      vertex -0.215367 22.0438 1.69
      vertex -0.321898 22.0613 1.69
    endloop
  endfacet
  facet normal 0.0981722 0.995169 -0
    outer loop
      vertex -0.107915 22.0332 1.69
      vertex -0.215367 22.0438 2
      vertex -0.107915 22.0332 2
    endloop
  endfacet
  facet normal 0.0981722 0.995169 0
    outer loop
      vertex -0.215367 22.0438 2
      vertex -0.107915 22.0332 1.69
      vertex -0.215367 22.0438 1.69
    endloop
  endfacet
  facet normal 0.882071 0.471117 0
    outer loop
      vertex -1.42894 22.8546 2
      vertex -1.47984 22.9499 1.69
      vertex -1.47984 22.9499 2
    endloop
  endfacet
  facet normal 0.882071 0.471117 0
    outer loop
      vertex -1.47984 22.9499 1.69
      vertex -1.42894 22.8546 2
      vertex -1.42894 22.8546 1.69
    endloop
  endfacet
  facet normal 0.910791 0.412867 0
    outer loop
      vertex -1.47984 22.9499 2
      vertex -1.5244 23.0482 1.69
      vertex -1.5244 23.0482 2
    endloop
  endfacet
  facet normal 0.910791 0.412867 0
    outer loop
      vertex -1.5244 23.0482 1.69
      vertex -1.47984 22.9499 2
      vertex -1.47984 22.9499 1.69
    endloop
  endfacet
  facet normal 0.773132 0.634246 0
    outer loop
      vertex -1.24053 22.5917 2
      vertex -1.30903 22.6752 1.69
      vertex -1.30903 22.6752 2
    endloop
  endfacet
  facet normal 0.773132 0.634246 0
    outer loop
      vertex -1.30903 22.6752 1.69
      vertex -1.24053 22.5917 2
      vertex -1.24053 22.5917 1.69
    endloop
  endfacet
  facet normal 0.973848 0.2272 0
    outer loop
      vertex -1.59378 23.2526 2
      vertex -1.6183 23.3577 1.69
      vertex -1.6183 23.3577 2
    endloop
  endfacet
  facet normal 0.973848 0.2272 0
    outer loop
      vertex -1.6183 23.3577 1.69
      vertex -1.59378 23.2526 2
      vertex -1.59378 23.2526 1.69
    endloop
  endfacet
  facet normal 0.956904 0.290406 0
    outer loop
      vertex -1.56243 23.1493 2
      vertex -1.59378 23.2526 1.69
      vertex -1.59378 23.2526 2
    endloop
  endfacet
  facet normal 0.956904 0.290406 0
    outer loop
      vertex -1.59378 23.2526 1.69
      vertex -1.56243 23.1493 2
      vertex -1.56243 23.1493 1.69
    endloop
  endfacet
  facet normal -0.634427 0.772983 0
    outer loop
      vertex 1.08792 22.4391 1.69
      vertex 1.00446 22.3706 2
      vertex 1.08792 22.4391 2
    endloop
  endfacet
  facet normal -0.634427 0.772983 0
    outer loop
      vertex 1.00446 22.3706 2
      vertex 1.08792 22.4391 1.69
      vertex 1.00446 22.3706 1.69
    endloop
  endfacet
  facet normal -0.227794 0.973709 0
    outer loop
      vertex 0.427051 22.0859 1.69
      vertex 0.321898 22.0613 2
      vertex 0.427051 22.0859 2
    endloop
  endfacet
  facet normal -0.227794 0.973709 0
    outer loop
      vertex 0.321898 22.0613 2
      vertex 0.427051 22.0859 1.69
      vertex 0.321898 22.0613 1.69
    endloop
  endfacet
  facet normal -0.35198 0.936008 0
    outer loop
      vertex 0.631427 22.1552 1.69
      vertex 0.530375 22.1172 2
      vertex 0.631427 22.1552 2
    endloop
  endfacet
  facet normal -0.35198 0.936008 0
    outer loop
      vertex 0.530375 22.1172 2
      vertex 0.631427 22.1552 1.69
      vertex 0.530375 22.1172 1.69
    endloop
  endfacet
  facet normal -0.995174 -0.0981275 0
    outer loop
      vertex 1.64647 23.7876 1.69
      vertex 1.63588 23.895 2
      vertex 1.63588 23.895 1.69
    endloop
  endfacet
  facet normal -0.995174 -0.0981275 0
    outer loop
      vertex 1.63588 23.895 2
      vertex 1.64647 23.7876 1.69
      vertex 1.64647 23.7876 2
    endloop
  endfacet
  facet normal -0.910383 -0.413767 0
    outer loop
      vertex 1.5244 24.3111 1.69
      vertex 1.51581 24.33 2
      vertex 1.51581 24.33 1.69
    endloop
  endfacet
  facet normal -0.910383 -0.413767 0
    outer loop
      vertex 1.51581 24.33 2
      vertex 1.5244 24.3111 1.69
      vertex 1.5244 24.3111 2
    endloop
  endfacet
  facet normal -0.935971 -0.352077 0
    outer loop
      vertex 1.56243 24.21 1.69
      vertex 1.5244 24.3111 2
      vertex 1.5244 24.3111 1.69
    endloop
  endfacet
  facet normal -0.935971 -0.352077 0
    outer loop
      vertex 1.5244 24.3111 2
      vertex 1.56243 24.21 1.69
      vertex 1.56243 24.21 2
    endloop
  endfacet
  facet normal -0.935971 0.352077 0
    outer loop
      vertex 1.5244 23.0482 1.69
      vertex 1.56243 23.1493 2
      vertex 1.56243 23.1493 1.69
    endloop
  endfacet
  facet normal -0.935971 0.352077 0
    outer loop
      vertex 1.56243 23.1493 2
      vertex 1.5244 23.0482 1.69
      vertex 1.5244 23.0482 2
    endloop
  endfacet
  facet normal -0.527953 0.849273 0
    outer loop
      vertex 0.916691 22.3077 1.69
      vertex 0.825 22.2507 2
      vertex 0.916691 22.3077 2
    endloop
  endfacet
  facet normal -0.527953 0.849273 0
    outer loop
      vertex 0.825 22.2507 2
      vertex 0.916691 22.3077 1.69
      vertex 0.825 22.2507 1.69
    endloop
  endfacet
  facet normal -0.683525 0.729927 0
    outer loop
      vertex 1.16673 22.5129 1.69
      vertex 1.08792 22.4391 2
      vertex 1.16673 22.5129 2
    endloop
  endfacet
  facet normal -0.683525 0.729927 0
    outer loop
      vertex 1.08792 22.4391 2
      vertex 1.16673 22.5129 1.69
      vertex 1.08792 22.4391 1.69
    endloop
  endfacet
  facet normal -0.0981722 0.995169 0
    outer loop
      vertex 0.215367 22.0438 1.69
      vertex 0.107915 22.0332 2
      vertex 0.215367 22.0438 2
    endloop
  endfacet
  facet normal -0.0981722 0.995169 0
    outer loop
      vertex 0.107915 22.0332 2
      vertex 0.215367 22.0438 1.69
      vertex 0.107915 22.0332 1.69
    endloop
  endfacet
  facet normal -0.033341 0.999444 0
    outer loop
      vertex 0.107915 22.0332 1.69
      vertex 0 22.0296 2
      vertex 0.107915 22.0332 2
    endloop
  endfacet
  facet normal -0.033341 0.999444 0
    outer loop
      vertex 0 22.0296 2
      vertex 0.107915 22.0332 1.69
      vertex 0 22.0296 1.69
    endloop
  endfacet
  facet normal -0.162099 0.986775 0
    outer loop
      vertex 0.321898 22.0613 1.69
      vertex 0.215367 22.0438 2
      vertex 0.321898 22.0613 2
    endloop
  endfacet
  facet normal -0.162099 0.986775 0
    outer loop
      vertex 0.215367 22.0438 2
      vertex 0.321898 22.0613 1.69
      vertex 0.215367 22.0438 1.69
    endloop
  endfacet
  facet normal -0.986648 -0.162866 0
    outer loop
      vertex 1.63588 23.895 1.69
      vertex 1.6183 24.0015 2
      vertex 1.6183 24.0015 1.69
    endloop
  endfacet
  facet normal -0.986648 -0.162866 0
    outer loop
      vertex 1.6183 24.0015 2
      vertex 1.63588 23.895 1.69
      vertex 1.63588 23.895 2
    endloop
  endfacet
  facet normal -0.999465 0.032698 0
    outer loop
      vertex 1.64647 23.5717 1.69
      vertex 1.65 23.6796 2
      vertex 1.65 23.6796 1.69
    endloop
  endfacet
  facet normal -0.999465 0.032698 0
    outer loop
      vertex 1.65 23.6796 2
      vertex 1.64647 23.5717 1.69
      vertex 1.64647 23.5717 2
    endloop
  endfacet
  facet normal -0.849213 0.52805 0
    outer loop
      vertex 1.37192 22.7629 1.69
      vertex 1.42894 22.8546 2
      vertex 1.42894 22.8546 1.69
    endloop
  endfacet
  facet normal -0.849213 0.52805 0
    outer loop
      vertex 1.42894 22.8546 2
      vertex 1.37192 22.7629 1.69
      vertex 1.37192 22.7629 2
    endloop
  endfacet
  facet normal -0.986673 0.162718 0
    outer loop
      vertex 1.6183 23.3577 1.69
      vertex 1.63588 23.4643 2
      vertex 1.63588 23.4643 1.69
    endloop
  endfacet
  facet normal -0.986673 0.162718 0
    outer loop
      vertex 1.63588 23.4643 2
      vertex 1.6183 23.3577 1.69
      vertex 1.6183 23.3577 2
    endloop
  endfacet
  facet normal -0.995174 0.0981275 0
    outer loop
      vertex 1.63588 23.4643 1.69
      vertex 1.64647 23.5717 2
      vertex 1.64647 23.5717 1.69
    endloop
  endfacet
  facet normal -0.995174 0.0981275 0
    outer loop
      vertex 1.64647 23.5717 2
      vertex 1.63588 23.4643 1.69
      vertex 1.63588 23.4643 2
    endloop
  endfacet
  facet normal -0.471405 0.881917 0
    outer loop
      vertex 0.825 22.2507 1.69
      vertex 0.729775 22.1998 2
      vertex 0.825 22.2507 2
    endloop
  endfacet
  facet normal -0.471405 0.881917 0
    outer loop
      vertex 0.729775 22.1998 2
      vertex 0.825 22.2507 1.69
      vertex 0.729775 22.1998 1.69
    endloop
  endfacet
  facet normal -0.28992 0.957051 0
    outer loop
      vertex 0.530375 22.1172 1.69
      vertex 0.427051 22.0859 2
      vertex 0.530375 22.1172 2
    endloop
  endfacet
  facet normal -0.28992 0.957051 0
    outer loop
      vertex 0.427051 22.0859 2
      vertex 0.530375 22.1172 1.69
      vertex 0.427051 22.0859 1.69
    endloop
  endfacet
  facet normal -0.882071 0.471117 0
    outer loop
      vertex 1.42894 22.8546 1.69
      vertex 1.47984 22.9499 2
      vertex 1.47984 22.9499 1.69
    endloop
  endfacet
  facet normal -0.882071 0.471117 0
    outer loop
      vertex 1.47984 22.9499 2
      vertex 1.42894 22.8546 1.69
      vertex 1.42894 22.8546 2
    endloop
  endfacet
  facet normal -0.956904 0.290406 0
    outer loop
      vertex 1.56243 23.1493 1.69
      vertex 1.59378 23.2526 2
      vertex 1.59378 23.2526 1.69
    endloop
  endfacet
  facet normal -0.956904 0.290406 0
    outer loop
      vertex 1.59378 23.2526 2
      vertex 1.56243 23.1493 1.69
      vertex 1.56243 23.1493 2
    endloop
  endfacet
  facet normal -0.773132 0.634246 0
    outer loop
      vertex 1.24053 22.5917 1.69
      vertex 1.30903 22.6752 2
      vertex 1.30903 22.6752 1.69
    endloop
  endfacet
  facet normal -0.773132 0.634246 0
    outer loop
      vertex 1.30903 22.6752 2
      vertex 1.24053 22.5917 1.69
      vertex 1.24053 22.5917 2
    endloop
  endfacet
  facet normal -0.729884 0.683571 0
    outer loop
      vertex 1.16673 22.5129 1.69
      vertex 1.24053 22.5917 2
      vertex 1.24053 22.5917 1.69
    endloop
  endfacet
  facet normal -0.729884 0.683571 0
    outer loop
      vertex 1.24053 22.5917 2
      vertex 1.16673 22.5129 1.69
      vertex 1.16673 22.5129 2
    endloop
  endfacet
  facet normal -0.973848 0.2272 0
    outer loop
      vertex 1.59378 23.2526 1.69
      vertex 1.6183 23.3577 2
      vertex 1.6183 23.3577 1.69
    endloop
  endfacet
  facet normal -0.973848 0.2272 0
    outer loop
      vertex 1.6183 23.3577 2
      vertex 1.59378 23.2526 1.69
      vertex 1.59378 23.2526 2
    endloop
  endfacet
  facet normal -0.812649 0.582754 0
    outer loop
      vertex 1.30903 22.6752 1.69
      vertex 1.37192 22.7629 2
      vertex 1.37192 22.7629 1.69
    endloop
  endfacet
  facet normal -0.812649 0.582754 0
    outer loop
      vertex 1.37192 22.7629 2
      vertex 1.30903 22.6752 1.69
      vertex 1.30903 22.6752 2
    endloop
  endfacet
  facet normal -0.910791 0.412867 0
    outer loop
      vertex 1.47984 22.9499 1.69
      vertex 1.5244 23.0482 2
      vertex 1.5244 23.0482 1.69
    endloop
  endfacet
  facet normal -0.910791 0.412867 0
    outer loop
      vertex 1.5244 23.0482 2
      vertex 1.47984 22.9499 1.69
      vertex 1.47984 22.9499 2
    endloop
  endfacet
  facet normal -0.12763 0.77282 -0.621658
    outer loop
      vertex 0.583722 20.7451 0
      vertex 0.391168 20.7133 0
      vertex 0.321898 22.0613 1.69
    endloop
  endfacet
  facet normal -0.535418 0.571701 -0.62168
    outer loop
      vertex 2.1157 21.5639 0
      vertex 1.97326 21.4305 0
      vertex 1.16673 22.5129 1.69
    endloop
  endfacet
  facet normal -0.772818 0.127559 -0.621676
    outer loop
      vertex 2.96636 23.2885 0
      vertex 2.93457 23.0959 0
      vertex 1.6183 23.3577 1.69
    endloop
  endfacet
  facet normal -0.177805 0.76284 -0.621659
    outer loop
      vertex 0.773783 20.7894 0
      vertex 0.583722 20.7451 0
      vertex 0.321898 22.0613 1.69
    endloop
  endfacet
  facet normal -0.513864 0.590944 -0.621876
    outer loop
      vertex 1.08792 22.4391 1.69
      vertex 1.97326 21.4305 0
      vertex 1.9728 21.4301 0
    endloop
  endfacet
  facet normal -0.535384 0.571729 -0.621682
    outer loop
      vertex 1.97326 21.4305 0
      vertex 1.08792 22.4391 1.69
      vertex 1.16673 22.5129 1.69
    endloop
  endfacet
  facet normal -0.77281 -0.127654 -0.621667
    outer loop
      vertex 2.96636 24.0708 0
      vertex 2.70624 24.2179 0.293156
      vertex 2.94596 24.1943 0
    endloop
  endfacet
  facet normal -0.772806 -0.127628 -0.621677
    outer loop
      vertex 2.70624 24.2179 0.293156
      vertex 2.96636 24.0708 0
      vertex 1.6183 24.0015 1.69
    endloop
  endfacet
  facet normal -0.762839 -0.177746 -0.621678
    outer loop
      vertex 2.33136 24.2549 0.742579
      vertex 2.70624 24.2179 0.293156
      vertex 1.6183 24.0015 1.69
    endloop
  endfacet
  facet normal 0 0.783124 -0.621865
    outer loop
      vertex -0.000634794 20.6876 0
      vertex 0 22.0296 1.69
      vertex 0 20.6876 0
    endloop
  endfacet
  facet normal 0.0261156 0.782852 -0.621659
    outer loop
      vertex 0 22.0296 1.69
      vertex -0.000634794 20.6876 0
      vertex -0.107915 22.0332 1.69
    endloop
  endfacet
  facet normal 0.605536 0.496828 -0.621681
    outer loop
      vertex -1.30903 22.6752 1.69
      vertex -2.24995 21.7073 0
      vertex -2.37376 21.8582 0
    endloop
  endfacet
  facet normal 0.413527 0.665205 -0.62169
    outer loop
      vertex -1.49603 21.0884 0
      vertex -0.916691 22.3077 1.69
      vertex -0.825 22.2507 1.69
    endloop
  endfacet
  facet normal 0.468475 0.632441 -0.616888
    outer loop
      vertex -0.916691 22.3077 1.69
      vertex -1.49603 21.0884 0
      vertex -1.49657 21.0888 0
    endloop
  endfacet
  facet normal 0.713628 -0.322838 -0.621699
    outer loop
      vertex -1.55408 24.3288 1.64674
      vertex -1.5244 24.3111 1.69
      vertex -1.56617 24.3284 1.63307
    endloop
  endfacet
  facet normal -0.123338 0.773331 -0.62189
    outer loop
      vertex 0.390541 20.7132 0
      vertex 0.321898 22.0613 1.69
      vertex 0.391168 20.7133 0
    endloop
  endfacet
  facet normal -0.126966 0.772901 -0.621694
    outer loop
      vertex 0.321898 22.0613 1.69
      vertex 0.390541 20.7132 0
      vertex 0.215367 22.0438 1.69
    endloop
  endfacet
  facet normal -0.636627 0.456316 -0.621677
    outer loop
      vertex 2.48781 22.0173 0
      vertex 2.37413 21.8587 0
      vertex 1.37192 22.7629 1.69
    endloop
  endfacet
  facet normal -0.782844 0.0260948 -0.621671
    outer loop
      vertex 2.99204 23.679 0
      vertex 1.65 23.6796 1.69
      vertex 2.99206 23.6796 0
    endloop
  endfacet
  facet normal -0.782854 0.0256114 -0.621678
    outer loop
      vertex 1.65 23.6796 1.69
      vertex 2.99204 23.679 0
      vertex 1.64647 23.5717 1.69
    endloop
  endfacet
  facet normal -0.369228 0.690778 -0.621689
    outer loop
      vertex 1.49603 21.0884 0
      vertex 1.32391 20.9964 0
      vertex 0.825 22.2507 1.69
    endloop
  endfacet
  facet normal -0.772667 -0.128778 -0.621613
    outer loop
      vertex 2.96646 24.0702 0
      vertex 1.6183 24.0015 1.69
      vertex 2.96636 24.0708 0
    endloop
  endfacet
  facet normal -0.772813 -0.127569 -0.62168
    outer loop
      vertex 1.6183 24.0015 1.69
      vertex 2.96646 24.0702 0
      vertex 1.63588 23.895 1.69
    endloop
  endfacet
  facet normal 0.275698 0.733154 -0.621672
    outer loop
      vertex -0.961766 20.8464 0
      vertex -0.631427 22.1552 1.69
      vertex -0.530375 22.1172 1.69
    endloop
  endfacet
  facet normal 0.249621 0.741374 -0.62294
    outer loop
      vertex -0.631427 22.1552 1.69
      vertex -0.961766 20.8464 0
      vertex -0.96236 20.8466 0
    endloop
  endfacet
  facet normal 0.0256862 0.782848 -0.621683
    outer loop
      vertex -0.107915 22.0332 1.69
      vertex -0.000634794 20.6876 0
      vertex -0.19569 20.694 0
    endloop
  endfacet
  facet normal 0.772818 0.127559 -0.621676
    outer loop
      vertex -1.6183 23.3577 1.69
      vertex -2.93457 23.0959 0
      vertex -2.96636 23.2885 0
    endloop
  endfacet
  facet normal 0.571703 0.535427 -0.62167
    outer loop
      vertex -2.24911 21.7064 0
      vertex -1.24053 22.5917 1.69
      vertex -1.16673 22.5129 1.69
    endloop
  endfacet
  facet normal 0.528075 0.580883 -0.619445
    outer loop
      vertex -1.24053 22.5917 1.69
      vertex -2.24911 21.7064 0
      vertex -2.24955 21.7068 0
    endloop
  endfacet
  facet normal 0.413454 0.66526 -0.621679
    outer loop
      vertex -0.916691 22.3077 1.69
      vertex -1.49657 21.0888 0
      vertex -1.6623 21.1918 0
    endloop
  endfacet
  facet normal 0.782854 -0.0255877 -0.62168
    outer loop
      vertex -1.65 23.6796 1.69
      vertex -2.99204 23.6803 0
      vertex -1.64647 23.7876 1.69
    endloop
  endfacet
  facet normal 0.782915 -0.022369 -0.621727
    outer loop
      vertex -2.99204 23.6803 0
      vertex -1.65 23.6796 1.69
      vertex -2.99206 23.6796 0
    endloop
  endfacet
  facet normal 0.77281 -0.127654 -0.621667
    outer loop
      vertex -2.70624 24.2179 0.293156
      vertex -2.96636 24.0708 0
      vertex -2.94596 24.1943 0
    endloop
  endfacet
  facet normal 0.772806 -0.127628 -0.621677
    outer loop
      vertex -2.96636 24.0708 0
      vertex -2.70624 24.2179 0.293156
      vertex -1.6183 24.0015 1.69
    endloop
  endfacet
  facet normal -0.0261156 0.782852 -0.621659
    outer loop
      vertex 0.000634794 20.6876 0
      vertex 0 22.0296 1.69
      vertex 0.107915 22.0332 1.69
    endloop
  endfacet
  facet normal 0 0.783124 -0.621865
    outer loop
      vertex 0 22.0296 1.69
      vertex 0.000634794 20.6876 0
      vertex 0 20.6876 0
    endloop
  endfacet
  facet normal -0.762798 0.177933 -0.621675
    outer loop
      vertex 2.93457 23.0959 0
      vertex 2.89025 22.9059 0
      vertex 1.6183 23.3577 1.69
    endloop
  endfacet
  facet normal -0.275752 0.733131 -0.621675
    outer loop
      vertex 1.14501 20.9153 0
      vertex 0.96236 20.8466 0
      vertex 0.631427 22.1552 1.69
    endloop
  endfacet
  facet normal -0.125336 0.774576 -0.619938
    outer loop
      vertex 0.773783 20.7894 0
      vertex 0.427051 22.0859 1.69
      vertex 0.774401 20.7895 0
    endloop
  endfacet
  facet normal -0.178422 0.762668 -0.621694
    outer loop
      vertex 0.427051 22.0859 1.69
      vertex 0.773783 20.7894 0
      vertex 0.321898 22.0613 1.69
    endloop
  endfacet
  facet normal -0.496888 0.605497 -0.621672
    outer loop
      vertex 1.97231 21.4297 0
      vertex 1.82145 21.3059 0
      vertex 1.00446 22.3706 1.69
    endloop
  endfacet
  facet normal -0.477474 0.620717 -0.621875
    outer loop
      vertex 1.82093 21.3055 0
      vertex 1.00446 22.3706 1.69
      vertex 1.82145 21.3059 0
    endloop
  endfacet
  facet normal -0.456266 0.636662 -0.621678
    outer loop
      vertex 1.00446 22.3706 1.69
      vertex 1.82093 21.3055 0
      vertex 0.916691 22.3077 1.69
    endloop
  endfacet
  facet normal -0.413454 0.66526 -0.621679
    outer loop
      vertex 1.6623 21.1918 0
      vertex 1.49657 21.0888 0
      vertex 0.916691 22.3077 1.69
    endloop
  endfacet
  facet normal -0.782915 -0.022369 -0.621727
    outer loop
      vertex 1.65 23.6796 1.69
      vertex 2.99204 23.6803 0
      vertex 2.99206 23.6796 0
    endloop
  endfacet
  facet normal -0.782854 -0.0255877 -0.62168
    outer loop
      vertex 2.99204 23.6803 0
      vertex 1.65 23.6796 1.69
      vertex 1.64647 23.7876 1.69
    endloop
  endfacet
  facet normal -0.733505 -0.27476 -0.621673
    outer loop
      vertex 1.56617 24.3284 1.63307
      vertex 1.58976 24.3276 1.60559
      vertex 1.5244 24.3111 1.69
    endloop
  endfacet
  facet normal -0.762818 -0.177821 -0.621682
    outer loop
      vertex 1.6183 24.0015 1.69
      vertex 2.19639 24.2682 0.904386
      vertex 2.33136 24.2549 0.742579
    endloop
  endfacet
  facet normal -0.762825 -0.177799 -0.62168
    outer loop
      vertex 2.19639 24.2682 0.904386
      vertex 1.6183 24.0015 1.69
      vertex 1.59378 24.1067 1.69
    endloop
  endfacet
  facet normal 0.0766588 0.779508 -0.621684
    outer loop
      vertex -0.107915 22.0332 1.69
      vertex -0.19569 20.694 0
      vertex -0.389909 20.7131 0
    endloop
  endfacet
  facet normal 0.12763 0.77282 -0.621658
    outer loop
      vertex -0.321898 22.0613 1.69
      vertex -0.391168 20.7133 0
      vertex -0.583722 20.7451 0
    endloop
  endfacet
  facet normal 0.177805 0.76284 -0.621659
    outer loop
      vertex -0.321898 22.0613 1.69
      vertex -0.583722 20.7451 0
      vertex -0.773783 20.7894 0
    endloop
  endfacet
  facet normal 0.178422 0.762668 -0.621694
    outer loop
      vertex -0.773783 20.7894 0
      vertex -0.427051 22.0859 1.69
      vertex -0.321898 22.0613 1.69
    endloop
  endfacet
  facet normal 0.125336 0.774576 -0.619938
    outer loop
      vertex -0.427051 22.0859 1.69
      vertex -0.773783 20.7894 0
      vertex -0.774401 20.7895 0
    endloop
  endfacet
  facet normal 0.636627 0.456316 -0.621677
    outer loop
      vertex -1.37192 22.7629 1.69
      vertex -2.37413 21.8587 0
      vertex -2.48781 22.0173 0
    endloop
  endfacet
  facet normal 0.77949 0.0768604 -0.621681
    outer loop
      vertex -1.63588 23.4643 1.69
      vertex -2.96652 23.2897 0
      vertex -1.64647 23.5717 1.69
    endloop
  endfacet
  facet normal 0.77937 0.077937 -0.621698
    outer loop
      vertex -2.96652 23.2897 0
      vertex -1.63588 23.4643 1.69
      vertex -2.96646 23.2891 0
    endloop
  endfacet
  facet normal 0.733087 0.275861 -0.621679
    outer loop
      vertex -1.5244 23.0482 1.69
      vertex -2.7643 22.5346 0
      vertex -2.83305 22.7173 0
    endloop
  endfacet
  facet normal 0.456266 0.636662 -0.621678
    outer loop
      vertex -1.82093 21.3055 0
      vertex -1.00446 22.3706 1.69
      vertex -0.916691 22.3077 1.69
    endloop
  endfacet
  facet normal 0.477474 0.620717 -0.621875
    outer loop
      vertex -1.00446 22.3706 1.69
      vertex -1.82093 21.3055 0
      vertex -1.82145 21.3059 0
    endloop
  endfacet
  facet normal 0.782844 0.0260948 -0.621671
    outer loop
      vertex -1.65 23.6796 1.69
      vertex -2.99204 23.679 0
      vertex -2.99206 23.6796 0
    endloop
  endfacet
  facet normal 0.782854 0.0256114 -0.621678
    outer loop
      vertex -2.99204 23.679 0
      vertex -1.65 23.6796 1.69
      vertex -1.64647 23.5717 1.69
    endloop
  endfacet
  facet normal 0.762839 -0.177746 -0.621678
    outer loop
      vertex -2.33136 24.2549 0.742579
      vertex -1.6183 24.0015 1.69
      vertex -2.70624 24.2179 0.293156
    endloop
  endfacet
  facet normal 0.779503 -0.0767863 -0.621674
    outer loop
      vertex -2.96652 24.0695 0
      vertex -1.64647 23.7876 1.69
      vertex -2.98565 23.8753 0
    endloop
  endfacet
  facet normal 0.772667 -0.128778 -0.621613
    outer loop
      vertex -1.6183 24.0015 1.69
      vertex -2.96646 24.0702 0
      vertex -2.96636 24.0708 0
    endloop
  endfacet
  facet normal 0.772813 -0.127569 -0.62168
    outer loop
      vertex -2.96646 24.0702 0
      vertex -1.6183 24.0015 1.69
      vertex -1.63588 23.895 1.69
    endloop
  endfacet
  facet normal 0.713009 -0.324061 -0.621775
    outer loop
      vertex -1.51581 24.33 1.69
      vertex -1.5244 24.3111 1.69
      vertex -1.55408 24.3288 1.64674
    endloop
  endfacet
  facet normal 0.749569 -0.227242 -0.621698
    outer loop
      vertex -1.83778 24.3035 1.32384
      vertex -1.56243 24.21 1.69
      vertex -1.98887 24.2886 1.14712
    endloop
  endfacet
  facet normal -0.0256862 0.782848 -0.621683
    outer loop
      vertex 0.107915 22.0332 1.69
      vertex 0.19569 20.694 0
      vertex 0.000634794 20.6876 0
    endloop
  endfacet
  facet normal -0.0766588 0.779508 -0.621684
    outer loop
      vertex 0.389909 20.7131 0
      vertex 0.19569 20.694 0
      vertex 0.107915 22.0332 1.69
    endloop
  endfacet
  facet normal -0.779501 0.0767861 -0.621677
    outer loop
      vertex 2.98565 23.4839 0
      vertex 2.96652 23.2897 0
      vertex 1.64647 23.5717 1.69
    endloop
  endfacet
  facet normal -0.782854 0.0256404 -0.621677
    outer loop
      vertex 2.99204 23.679 0
      vertex 2.98565 23.4839 0
      vertex 1.64647 23.5717 1.69
    endloop
  endfacet
  facet normal -0.749515 0.227466 -0.621681
    outer loop
      vertex 2.89011 22.9052 0
      vertex 1.56243 23.1493 1.69
      vertex 1.59378 23.2526 1.69
    endloop
  endfacet
  facet normal -0.747139 0.236594 -0.621133
    outer loop
      vertex 1.56243 23.1493 1.69
      vertex 2.89011 22.9052 0
      vertex 2.88992 22.9046 0
    endloop
  endfacet
  facet normal -0.76279 0.17796 -0.621676
    outer loop
      vertex 2.89025 22.9059 0
      vertex 1.59378 23.2526 1.69
      vertex 1.6183 23.3577 1.69
    endloop
  endfacet
  facet normal -0.768517 0.153703 -0.621093
    outer loop
      vertex 1.59378 23.2526 1.69
      vertex 2.89025 22.9059 0
      vertex 2.89011 22.9052 0
    endloop
  endfacet
  facet normal -0.63652 0.456451 -0.621687
    outer loop
      vertex 2.37413 21.8587 0
      vertex 1.30903 22.6752 1.69
      vertex 1.37192 22.7629 1.69
    endloop
  endfacet
  facet normal -0.629533 0.465855 -0.621826
    outer loop
      vertex 1.30903 22.6752 1.69
      vertex 2.37413 21.8587 0
      vertex 2.37376 21.8582 0
    endloop
  endfacet
  facet normal -0.66525 0.413474 -0.621676
    outer loop
      vertex 2.59086 22.1831 0
      vertex 2.48781 22.0173 0
      vertex 1.37192 22.7629 1.69
    endloop
  endfacet
  facet normal -0.571795 0.53532 -0.621678
    outer loop
      vertex 2.24911 21.7064 0
      vertex 2.1157 21.5639 0
      vertex 1.16673 22.5129 1.69
    endloop
  endfacet
  facet normal -0.690897 0.36901 -0.621686
    outer loop
      vertex 2.6835 22.3563 0
      vertex 1.42894 22.8546 1.69
      vertex 1.47984 22.9499 1.69
    endloop
  endfacet
  facet normal -0.69985 0.349925 -0.622705
    outer loop
      vertex 1.42894 22.8546 1.69
      vertex 2.6835 22.3563 0
      vertex 2.6832 22.3557 0
    endloop
  endfacet
  facet normal -0.22755 0.749497 -0.621671
    outer loop
      vertex 0.961766 20.8464 0
      vertex 0.775009 20.7897 0
      vertex 0.530375 22.1172 1.69
    endloop
  endfacet
  facet normal -0.249621 0.741374 -0.62294
    outer loop
      vertex 0.961766 20.8464 0
      vertex 0.631427 22.1552 1.69
      vertex 0.96236 20.8466 0
    endloop
  endfacet
  facet normal -0.275698 0.733154 -0.621672
    outer loop
      vertex 0.631427 22.1552 1.69
      vertex 0.961766 20.8464 0
      vertex 0.530375 22.1172 1.69
    endloop
  endfacet
  facet normal -0.495342 0.606794 -0.621641
    outer loop
      vertex 1.97231 21.4297 0
      vertex 1.08792 22.4391 1.69
      vertex 1.9728 21.4301 0
    endloop
  endfacet
  facet normal -0.496931 0.605458 -0.621675
    outer loop
      vertex 1.08792 22.4391 1.69
      vertex 1.97231 21.4297 0
      vertex 1.00446 22.3706 1.69
    endloop
  endfacet
  facet normal -0.45631 0.636627 -0.621681
    outer loop
      vertex 1.82093 21.3055 0
      vertex 1.6623 21.1918 0
      vertex 0.916691 22.3077 1.69
    endloop
  endfacet
  facet normal -0.369889 0.69046 -0.621648
    outer loop
      vertex 1.32335 20.9961 0
      vertex 0.825 22.2507 1.69
      vertex 1.32391 20.9964 0
    endloop
  endfacet
  facet normal -0.369235 0.690774 -0.621688
    outer loop
      vertex 0.825 22.2507 1.69
      vertex 1.32335 20.9961 0
      vertex 0.729775 22.1998 1.69
    endloop
  endfacet
  facet normal -0.468475 0.632441 -0.616888
    outer loop
      vertex 1.49603 21.0884 0
      vertex 0.916691 22.3077 1.69
      vertex 1.49657 21.0888 0
    endloop
  endfacet
  facet normal -0.413527 0.665205 -0.62169
    outer loop
      vertex 0.916691 22.3077 1.69
      vertex 1.49603 21.0884 0
      vertex 0.825 22.2507 1.69
    endloop
  endfacet
  facet normal -0.782854 -0.0256535 -0.621676
    outer loop
      vertex 2.98565 23.8753 0
      vertex 2.99204 23.6803 0
      vertex 1.64647 23.7876 1.69
    endloop
  endfacet
  facet normal -0.779503 -0.0767863 -0.621674
    outer loop
      vertex 2.96652 24.0695 0
      vertex 2.98565 23.8753 0
      vertex 1.64647 23.7876 1.69
    endloop
  endfacet
  facet normal -0.749569 -0.227242 -0.621698
    outer loop
      vertex 1.83778 24.3035 1.32384
      vertex 1.98887 24.2886 1.14712
      vertex 1.56243 24.21 1.69
    endloop
  endfacet
  facet normal -0.734363 -0.274812 -0.620637
    outer loop
      vertex 1.56243 24.21 1.69
      vertex 1.58976 24.3276 1.60559
      vertex 1.5945 24.3274 1.60007
    endloop
  endfacet
  facet normal -0.733018 -0.275994 -0.621701
    outer loop
      vertex 1.56243 24.21 1.69
      vertex 1.5945 24.3274 1.60007
      vertex 1.83778 24.3035 1.32384
    endloop
  endfacet
  facet normal -0.733168 -0.27579 -0.621614
    outer loop
      vertex 1.58976 24.3276 1.60559
      vertex 1.56243 24.21 1.69
      vertex 1.5244 24.3111 1.69
    endloop
  endfacet
  facet normal 0.0768941 0.779474 -0.621697
    outer loop
      vertex -0.389909 20.7131 0
      vertex -0.215367 22.0438 1.69
      vertex -0.107915 22.0332 1.69
    endloop
  endfacet
  facet normal 0.122403 0.773584 -0.621759
    outer loop
      vertex -0.215367 22.0438 1.69
      vertex -0.389909 20.7131 0
      vertex -0.390541 20.7132 0
    endloop
  endfacet
  facet normal 0.369228 0.690778 -0.621689
    outer loop
      vertex -0.825 22.2507 1.69
      vertex -1.32391 20.9964 0
      vertex -1.49603 21.0884 0
    endloop
  endfacet
  facet normal 0.535418 0.571701 -0.62168
    outer loop
      vertex -1.16673 22.5129 1.69
      vertex -1.97326 21.4305 0
      vertex -2.1157 21.5639 0
    endloop
  endfacet
  facet normal 0.571795 0.53532 -0.621678
    outer loop
      vertex -1.16673 22.5129 1.69
      vertex -2.1157 21.5639 0
      vertex -2.24911 21.7064 0
    endloop
  endfacet
  facet normal 0.63652 0.456451 -0.621687
    outer loop
      vertex -1.30903 22.6752 1.69
      vertex -2.37413 21.8587 0
      vertex -1.37192 22.7629 1.69
    endloop
  endfacet
  facet normal 0.629533 0.465855 -0.621826
    outer loop
      vertex -2.37413 21.8587 0
      vertex -1.30903 22.6752 1.69
      vertex -2.37376 21.8582 0
    endloop
  endfacet
  facet normal 0.713396 0.323387 -0.621681
    outer loop
      vertex -1.47984 22.9499 1.69
      vertex -2.68376 22.3569 0
      vertex -1.5244 23.0482 1.69
    endloop
  endfacet
  facet normal 0.718882 0.311516 -0.621423
    outer loop
      vertex -2.68376 22.3569 0
      vertex -1.47984 22.9499 1.69
      vertex -2.6835 22.3563 0
    endloop
  endfacet
  facet normal 0.665168 0.413608 -0.621674
    outer loop
      vertex -1.37192 22.7629 1.69
      vertex -2.5912 22.1836 0
      vertex -1.42894 22.8546 1.69
    endloop
  endfacet
  facet normal 0.649079 0.441374 -0.619584
    outer loop
      vertex -2.5912 22.1836 0
      vertex -1.37192 22.7629 1.69
      vertex -2.59086 22.1831 0
    endloop
  endfacet
  facet normal 0.772831 0.127452 -0.621682
    outer loop
      vertex -1.6183 23.3577 1.69
      vertex -2.96646 23.2891 0
      vertex -1.63588 23.4643 1.69
    endloop
  endfacet
  facet normal 0.77267 0.128778 -0.621608
    outer loop
      vertex -2.96646 23.2891 0
      vertex -1.6183 23.3577 1.69
      vertex -2.96636 23.2885 0
    endloop
  endfacet
  facet normal 0.779501 0.0767861 -0.621677
    outer loop
      vertex -1.64647 23.5717 1.69
      vertex -2.96652 23.2897 0
      vertex -2.98565 23.4839 0
    endloop
  endfacet
  facet normal 0.782854 0.0256404 -0.621677
    outer loop
      vertex -1.64647 23.5717 1.69
      vertex -2.98565 23.4839 0
      vertex -2.99204 23.679 0
    endloop
  endfacet
  facet normal 0.749526 0.227427 -0.621681
    outer loop
      vertex -1.56243 23.1493 1.69
      vertex -2.83327 22.7179 0
      vertex -2.88992 22.9046 0
    endloop
  endfacet
  facet normal 0.733118 0.275771 -0.621682
    outer loop
      vertex -1.5244 23.0482 1.69
      vertex -2.83327 22.7179 0
      vertex -1.56243 23.1493 1.69
    endloop
  endfacet
  facet normal 0.735135 0.26955 -0.622029
    outer loop
      vertex -2.83327 22.7179 0
      vertex -1.5244 23.0482 1.69
      vertex -2.83305 22.7173 0
    endloop
  endfacet
  facet normal 0.76279 0.17796 -0.621676
    outer loop
      vertex -1.59378 23.2526 1.69
      vertex -2.89025 22.9059 0
      vertex -1.6183 23.3577 1.69
    endloop
  endfacet
  facet normal 0.768517 0.153703 -0.621093
    outer loop
      vertex -2.89025 22.9059 0
      vertex -1.59378 23.2526 1.69
      vertex -2.89011 22.9052 0
    endloop
  endfacet
  facet normal 0.762798 0.177933 -0.621675
    outer loop
      vertex -1.6183 23.3577 1.69
      vertex -2.89025 22.9059 0
      vertex -2.93457 23.0959 0
    endloop
  endfacet
  facet normal 0.713417 0.323346 -0.621678
    outer loop
      vertex -1.5244 23.0482 1.69
      vertex -2.68376 22.3569 0
      vertex -2.7643 22.5346 0
    endloop
  endfacet
  facet normal 0.45631 0.636627 -0.621681
    outer loop
      vertex -0.916691 22.3077 1.69
      vertex -1.6623 21.1918 0
      vertex -1.82093 21.3055 0
    endloop
  endfacet
  facet normal 0.782854 -0.0256535 -0.621676
    outer loop
      vertex -2.98565 23.8753 0
      vertex -1.64647 23.7876 1.69
      vertex -2.99204 23.6803 0
    endloop
  endfacet
  facet normal 0.78056 -0.0669051 -0.62149
    outer loop
      vertex -1.63588 23.895 1.69
      vertex -2.96652 24.0695 0
      vertex -2.96646 24.0702 0
    endloop
  endfacet
  facet normal 0.779493 -0.0768606 -0.621678
    outer loop
      vertex -2.96652 24.0695 0
      vertex -1.63588 23.895 1.69
      vertex -1.64647 23.7876 1.69
    endloop
  endfacet
  facet normal 0.733505 -0.27476 -0.621673
    outer loop
      vertex -1.56617 24.3284 1.63307
      vertex -1.5244 24.3111 1.69
      vertex -1.58976 24.3276 1.60559
    endloop
  endfacet
  facet normal 0.733168 -0.27579 -0.621614
    outer loop
      vertex -1.56243 24.21 1.69
      vertex -1.58976 24.3276 1.60559
      vertex -1.5244 24.3111 1.69
    endloop
  endfacet
  facet normal 0.734363 -0.274812 -0.620637
    outer loop
      vertex -1.58976 24.3276 1.60559
      vertex -1.56243 24.21 1.69
      vertex -1.5945 24.3274 1.60007
    endloop
  endfacet
  facet normal 0.733018 -0.275994 -0.621701
    outer loop
      vertex -1.5945 24.3274 1.60007
      vertex -1.56243 24.21 1.69
      vertex -1.83778 24.3035 1.32384
    endloop
  endfacet
  facet normal 0.749511 -0.227465 -0.621685
    outer loop
      vertex -1.59378 24.1067 1.69
      vertex -1.98887 24.2886 1.14712
      vertex -1.56243 24.21 1.69
    endloop
  endfacet
  facet normal 0.74953 -0.227414 -0.621681
    outer loop
      vertex -1.98887 24.2886 1.14712
      vertex -1.59378 24.1067 1.69
      vertex -2.19639 24.2682 0.904386
    endloop
  endfacet
  facet normal 0.762825 -0.177799 -0.62168
    outer loop
      vertex -1.6183 24.0015 1.69
      vertex -2.19639 24.2682 0.904386
      vertex -1.59378 24.1067 1.69
    endloop
  endfacet
  facet normal 0.762818 -0.177821 -0.621682
    outer loop
      vertex -2.19639 24.2682 0.904386
      vertex -1.6183 24.0015 1.69
      vertex -2.33136 24.2549 0.742579
    endloop
  endfacet
  facet normal -0.122403 0.773584 -0.621759
    outer loop
      vertex 0.389909 20.7131 0
      vertex 0.215367 22.0438 1.69
      vertex 0.390541 20.7132 0
    endloop
  endfacet
  facet normal -0.0768941 0.779474 -0.621697
    outer loop
      vertex 0.215367 22.0438 1.69
      vertex 0.389909 20.7131 0
      vertex 0.107915 22.0332 1.69
    endloop
  endfacet
  facet normal -0.77949 0.0768604 -0.621681
    outer loop
      vertex 2.96652 23.2897 0
      vertex 1.63588 23.4643 1.69
      vertex 1.64647 23.5717 1.69
    endloop
  endfacet
  facet normal -0.77937 0.077937 -0.621698
    outer loop
      vertex 1.63588 23.4643 1.69
      vertex 2.96652 23.2897 0
      vertex 2.96646 23.2891 0
    endloop
  endfacet
  facet normal -0.749526 0.227427 -0.621681
    outer loop
      vertex 2.88992 22.9046 0
      vertex 2.83327 22.7179 0
      vertex 1.56243 23.1493 1.69
    endloop
  endfacet
  facet normal -0.733118 0.275771 -0.621682
    outer loop
      vertex 2.83327 22.7179 0
      vertex 1.5244 23.0482 1.69
      vertex 1.56243 23.1493 1.69
    endloop
  endfacet
  facet normal -0.735135 0.26955 -0.622029
    outer loop
      vertex 1.5244 23.0482 1.69
      vertex 2.83327 22.7179 0
      vertex 2.83305 22.7173 0
    endloop
  endfacet
  facet normal -0.528075 0.580883 -0.619445
    outer loop
      vertex 2.24911 21.7064 0
      vertex 1.24053 22.5917 1.69
      vertex 2.24955 21.7068 0
    endloop
  endfacet
  facet normal -0.571703 0.535427 -0.62167
    outer loop
      vertex 1.24053 22.5917 1.69
      vertex 2.24911 21.7064 0
      vertex 1.16673 22.5129 1.69
    endloop
  endfacet
  facet normal -0.665168 0.413608 -0.621674
    outer loop
      vertex 2.5912 22.1836 0
      vertex 1.37192 22.7629 1.69
      vertex 1.42894 22.8546 1.69
    endloop
  endfacet
  facet normal -0.649079 0.441374 -0.619584
    outer loop
      vertex 1.37192 22.7629 1.69
      vertex 2.5912 22.1836 0
      vertex 2.59086 22.1831 0
    endloop
  endfacet
  facet normal -0.690769 0.369267 -0.621675
    outer loop
      vertex 2.6832 22.3557 0
      vertex 2.5912 22.1836 0
      vertex 1.42894 22.8546 1.69
    endloop
  endfacet
  facet normal -0.713417 0.323346 -0.621678
    outer loop
      vertex 2.7643 22.5346 0
      vertex 2.68376 22.3569 0
      vertex 1.5244 23.0482 1.69
    endloop
  endfacet
  facet normal -0.713396 0.323387 -0.621681
    outer loop
      vertex 2.68376 22.3569 0
      vertex 1.47984 22.9499 1.69
      vertex 1.5244 23.0482 1.69
    endloop
  endfacet
  facet normal -0.718882 0.311516 -0.621423
    outer loop
      vertex 1.47984 22.9499 1.69
      vertex 2.68376 22.3569 0
      vertex 2.6835 22.3563 0
    endloop
  endfacet
  facet normal -0.245027 0.744881 -0.620575
    outer loop
      vertex 0.774401 20.7895 0
      vertex 0.530375 22.1172 1.69
      vertex 0.775009 20.7897 0
    endloop
  endfacet
  facet normal -0.227081 0.749614 -0.621702
    outer loop
      vertex 0.530375 22.1172 1.69
      vertex 0.774401 20.7895 0
      vertex 0.427051 22.0859 1.69
    endloop
  endfacet
  facet normal -0.323457 0.71337 -0.621674
    outer loop
      vertex 1.32277 20.9959 0
      vertex 1.14501 20.9153 0
      vertex 0.631427 22.1552 1.69
    endloop
  endfacet
  facet normal -0.78056 -0.0669051 -0.62149
    outer loop
      vertex 2.96652 24.0695 0
      vertex 1.63588 23.895 1.69
      vertex 2.96646 24.0702 0
    endloop
  endfacet
  facet normal -0.779493 -0.0768606 -0.621678
    outer loop
      vertex 1.63588 23.895 1.69
      vertex 2.96652 24.0695 0
      vertex 1.64647 23.7876 1.69
    endloop
  endfacet
  facet normal -0.713628 -0.322838 -0.621699
    outer loop
      vertex 1.55408 24.3288 1.64674
      vertex 1.56617 24.3284 1.63307
      vertex 1.5244 24.3111 1.69
    endloop
  endfacet
  facet normal -0.74953 -0.227414 -0.621681
    outer loop
      vertex 1.59378 24.1067 1.69
      vertex 1.98887 24.2886 1.14712
      vertex 2.19639 24.2682 0.904386
    endloop
  endfacet
  facet normal -0.749511 -0.227465 -0.621685
    outer loop
      vertex 1.98887 24.2886 1.14712
      vertex 1.59378 24.1067 1.69
      vertex 1.56243 24.21 1.69
    endloop
  endfacet
  facet normal 0.126966 0.772901 -0.621694
    outer loop
      vertex -0.390541 20.7132 0
      vertex -0.321898 22.0613 1.69
      vertex -0.215367 22.0438 1.69
    endloop
  endfacet
  facet normal 0.123338 0.773331 -0.62189
    outer loop
      vertex -0.321898 22.0613 1.69
      vertex -0.390541 20.7132 0
      vertex -0.391168 20.7133 0
    endloop
  endfacet
  facet normal 0.275752 0.733131 -0.621675
    outer loop
      vertex -0.631427 22.1552 1.69
      vertex -0.96236 20.8466 0
      vertex -1.14501 20.9153 0
    endloop
  endfacet
  facet normal 0.323457 0.71337 -0.621674
    outer loop
      vertex -0.631427 22.1552 1.69
      vertex -1.14501 20.9153 0
      vertex -1.32277 20.9959 0
    endloop
  endfacet
  facet normal 0.611745 0.489396 -0.621497
    outer loop
      vertex -2.24995 21.7073 0
      vertex -1.24053 22.5917 1.69
      vertex -2.24955 21.7068 0
    endloop
  endfacet
  facet normal 0.605573 0.496787 -0.621678
    outer loop
      vertex -1.24053 22.5917 1.69
      vertex -2.24995 21.7073 0
      vertex -1.30903 22.6752 1.69
    endloop
  endfacet
  facet normal 0.690769 0.369267 -0.621675
    outer loop
      vertex -1.42894 22.8546 1.69
      vertex -2.5912 22.1836 0
      vertex -2.6832 22.3557 0
    endloop
  endfacet
  facet normal 0.690897 0.36901 -0.621686
    outer loop
      vertex -1.42894 22.8546 1.69
      vertex -2.6835 22.3563 0
      vertex -1.47984 22.9499 1.69
    endloop
  endfacet
  facet normal 0.69985 0.349925 -0.622705
    outer loop
      vertex -2.6835 22.3563 0
      vertex -1.42894 22.8546 1.69
      vertex -2.6832 22.3557 0
    endloop
  endfacet
  facet normal 0.749515 0.227466 -0.621681
    outer loop
      vertex -1.56243 23.1493 1.69
      vertex -2.89011 22.9052 0
      vertex -1.59378 23.2526 1.69
    endloop
  endfacet
  facet normal 0.747139 0.236594 -0.621133
    outer loop
      vertex -2.89011 22.9052 0
      vertex -1.56243 23.1493 1.69
      vertex -2.88992 22.9046 0
    endloop
  endfacet
  facet normal 0.496888 0.605497 -0.621672
    outer loop
      vertex -1.00446 22.3706 1.69
      vertex -1.82145 21.3059 0
      vertex -1.97231 21.4297 0
    endloop
  endfacet
  facet normal -0.772831 0.127452 -0.621682
    outer loop
      vertex 2.96646 23.2891 0
      vertex 1.6183 23.3577 1.69
      vertex 1.63588 23.4643 1.69
    endloop
  endfacet
  facet normal -0.77267 0.128778 -0.621608
    outer loop
      vertex 1.6183 23.3577 1.69
      vertex 2.96646 23.2891 0
      vertex 2.96636 23.2885 0
    endloop
  endfacet
  facet normal -0.733087 0.275861 -0.621679
    outer loop
      vertex 2.83305 22.7173 0
      vertex 2.7643 22.5346 0
      vertex 1.5244 23.0482 1.69
    endloop
  endfacet
  facet normal -0.611745 0.489396 -0.621497
    outer loop
      vertex 1.24053 22.5917 1.69
      vertex 2.24995 21.7073 0
      vertex 2.24955 21.7068 0
    endloop
  endfacet
  facet normal -0.605573 0.496787 -0.621678
    outer loop
      vertex 2.24995 21.7073 0
      vertex 1.24053 22.5917 1.69
      vertex 1.30903 22.6752 1.69
    endloop
  endfacet
  facet normal -0.605536 0.496828 -0.621681
    outer loop
      vertex 2.37376 21.8582 0
      vertex 2.24995 21.7073 0
      vertex 1.30903 22.6752 1.69
    endloop
  endfacet
  facet normal -0.256068 0.742598 -0.618852
    outer loop
      vertex 1.32277 20.9959 0
      vertex 0.729775 22.1998 1.69
      vertex 1.32335 20.9961 0
    endloop
  endfacet
  facet normal -0.323498 0.713349 -0.621677
    outer loop
      vertex 0.729775 22.1998 1.69
      vertex 1.32277 20.9959 0
      vertex 0.631427 22.1552 1.69
    endloop
  endfacet
  facet normal -0.713009 -0.324061 -0.621775
    outer loop
      vertex 1.55408 24.3288 1.64674
      vertex 1.5244 24.3111 1.69
      vertex 1.51581 24.33 1.69
    endloop
  endfacet
  facet normal 0.22755 0.749497 -0.621671
    outer loop
      vertex -0.530375 22.1172 1.69
      vertex -0.775009 20.7897 0
      vertex -0.961766 20.8464 0
    endloop
  endfacet
  facet normal 0.227081 0.749614 -0.621702
    outer loop
      vertex -0.774401 20.7895 0
      vertex -0.530375 22.1172 1.69
      vertex -0.427051 22.0859 1.69
    endloop
  endfacet
  facet normal 0.245027 0.744881 -0.620575
    outer loop
      vertex -0.530375 22.1172 1.69
      vertex -0.774401 20.7895 0
      vertex -0.775009 20.7897 0
    endloop
  endfacet
  facet normal 0.369235 0.690774 -0.621688
    outer loop
      vertex -1.32335 20.9961 0
      vertex -0.825 22.2507 1.69
      vertex -0.729775 22.1998 1.69
    endloop
  endfacet
  facet normal 0.369889 0.69046 -0.621648
    outer loop
      vertex -0.825 22.2507 1.69
      vertex -1.32335 20.9961 0
      vertex -1.32391 20.9964 0
    endloop
  endfacet
  facet normal 0.323498 0.713349 -0.621677
    outer loop
      vertex -1.32277 20.9959 0
      vertex -0.729775 22.1998 1.69
      vertex -0.631427 22.1552 1.69
    endloop
  endfacet
  facet normal 0.256068 0.742598 -0.618852
    outer loop
      vertex -0.729775 22.1998 1.69
      vertex -1.32277 20.9959 0
      vertex -1.32335 20.9961 0
    endloop
  endfacet
  facet normal 0.66525 0.413474 -0.621676
    outer loop
      vertex -1.37192 22.7629 1.69
      vertex -2.48781 22.0173 0
      vertex -2.59086 22.1831 0
    endloop
  endfacet
  facet normal 0.513864 0.590944 -0.621876
    outer loop
      vertex -1.97326 21.4305 0
      vertex -1.08792 22.4391 1.69
      vertex -1.9728 21.4301 0
    endloop
  endfacet
  facet normal 0.535384 0.571729 -0.621682
    outer loop
      vertex -1.08792 22.4391 1.69
      vertex -1.97326 21.4305 0
      vertex -1.16673 22.5129 1.69
    endloop
  endfacet
  facet normal 0.496931 0.605458 -0.621675
    outer loop
      vertex -1.97231 21.4297 0
      vertex -1.08792 22.4391 1.69
      vertex -1.00446 22.3706 1.69
    endloop
  endfacet
  facet normal 0.495342 0.606794 -0.621641
    outer loop
      vertex -1.08792 22.4391 1.69
      vertex -1.97231 21.4297 0
      vertex -1.9728 21.4301 0
    endloop
  endfacet
  facet normal -0.881865 -0.471501 0
    outer loop
      vertex -19.0273 -11.11 1.69
      vertex -19.0782 -11.0148 2
      vertex -19.0782 -11.0148 1.69
    endloop
  endfacet
  facet normal -0.881865 -0.471501 0
    outer loop
      vertex -19.0782 -11.0148 2
      vertex -19.0273 -11.11 1.69
      vertex -19.0273 -11.11 2
    endloop
  endfacet
  facet normal -0.528584 0.848881 0
    outer loop
      vertex -19.5905 -13.2117 1.69
      vertex -19.6822 -13.2688 2
      vertex -19.5905 -13.2117 2
    endloop
  endfacet
  facet normal -0.528584 0.848881 0
    outer loop
      vertex -19.6822 -13.2688 2
      vertex -19.5905 -13.2117 1.69
      vertex -19.6822 -13.2688 1.69
    endloop
  endfacet
  facet normal 0.527916 -0.849297 0
    outer loop
      vertex -21.4239 -10.4679 1.69
      vertex -21.3322 -10.4109 2
      vertex -21.4239 -10.4679 2
    endloop
  endfacet
  facet normal 0.527916 -0.849297 0
    outer loop
      vertex -21.3322 -10.4109 2
      vertex -21.4239 -10.4679 1.69
      vertex -21.3322 -10.4109 1.69
    endloop
  endfacet
  facet normal -0.957032 0.289982 0
    outer loop
      vertex -18.9447 -12.3702 1.69
      vertex -18.9134 -12.2669 2
      vertex -18.9134 -12.2669 1.69
    endloop
  endfacet
  facet normal -0.957032 0.289982 0
    outer loop
      vertex -18.9134 -12.2669 2
      vertex -18.9447 -12.3702 1.69
      vertex -18.9447 -12.3702 2
    endloop
  endfacet
  facet normal -0.772759 0.6347 0
    outer loop
      vertex -19.2666 -12.9277 1.69
      vertex -19.1981 -12.8443 2
      vertex -19.1981 -12.8443 1.69
    endloop
  endfacet
  facet normal -0.772759 0.6347 0
    outer loop
      vertex -19.1981 -12.8443 2
      vertex -19.2666 -12.9277 1.69
      vertex -19.2666 -12.9277 2
    endloop
  endfacet
  facet normal -0.163047 0.986618 0
    outer loop
      vertex -20.1853 -13.4581 1.69
      vertex -20.2918 -13.4757 2
      vertex -20.1853 -13.4581 2
    endloop
  endfacet
  facet normal -0.163047 0.986618 0
    outer loop
      vertex -20.2918 -13.4757 2
      vertex -20.1853 -13.4581 1.69
      vertex -20.2918 -13.4757 1.69
    endloop
  endfacet
  facet normal -0.995174 -0.0981288 0
    outer loop
      vertex -18.8607 -11.7319 1.69
      vertex -18.8713 -11.6244 2
      vertex -18.8713 -11.6244 1.69
    endloop
  endfacet
  facet normal -0.995174 -0.0981288 0
    outer loop
      vertex -18.8713 -11.6244 2
      vertex -18.8607 -11.7319 1.69
      vertex -18.8607 -11.7319 2
    endloop
  endfacet
  facet normal -0.634246 0.773132 0
    outer loop
      vertex -19.4192 -13.0804 1.69
      vertex -19.5027 -13.1489 2
      vertex -19.4192 -13.0804 2
    endloop
  endfacet
  facet normal -0.634246 0.773132 0
    outer loop
      vertex -19.5027 -13.1489 2
      vertex -19.4192 -13.0804 1.69
      vertex -19.5027 -13.1489 1.69
    endloop
  endfacet
  facet normal 0.729884 -0.683571 0
    outer loop
      vertex -21.7477 -10.7519 2
      vertex -21.6739 -10.6731 1.69
      vertex -21.6739 -10.6731 2
    endloop
  endfacet
  facet normal 0.729884 -0.683571 0
    outer loop
      vertex -21.6739 -10.6731 1.69
      vertex -21.7477 -10.7519 2
      vertex -21.7477 -10.7519 1.69
    endloop
  endfacet
  facet normal 0.683571 -0.729884 0
    outer loop
      vertex -21.6739 -10.6731 1.69
      vertex -21.5951 -10.5993 2
      vertex -21.6739 -10.6731 2
    endloop
  endfacet
  facet normal 0.683571 -0.729884 0
    outer loop
      vertex -21.5951 -10.5993 2
      vertex -21.6739 -10.6731 1.69
      vertex -21.5951 -10.5993 1.69
    endloop
  endfacet
  facet normal -0.352644 0.935757 0
    outer loop
      vertex -19.8757 -13.3642 1.69
      vertex -19.9768 -13.4023 2
      vertex -19.8757 -13.3642 2
    endloop
  endfacet
  facet normal -0.352644 0.935757 0
    outer loop
      vertex -19.9768 -13.4023 2
      vertex -19.8757 -13.3642 1.69
      vertex -19.9768 -13.4023 1.69
    endloop
  endfacet
  facet normal -0.412406 0.911 0
    outer loop
      vertex -19.7774 -13.3197 1.69
      vertex -19.8757 -13.3642 2
      vertex -19.7774 -13.3197 2
    endloop
  endfacet
  facet normal -0.412406 0.911 0
    outer loop
      vertex -19.8757 -13.3642 2
      vertex -19.7774 -13.3197 1.69
      vertex -19.8757 -13.3642 1.69
    endloop
  endfacet
  facet normal -0.95711 -0.289725 0
    outer loop
      vertex -18.9134 -11.4128 1.69
      vertex -18.9447 -11.3094 2
      vertex -18.9447 -11.3094 1.69
    endloop
  endfacet
  facet normal -0.95711 -0.289725 0
    outer loop
      vertex -18.9447 -11.3094 2
      vertex -18.9134 -11.4128 1.69
      vertex -18.9134 -11.4128 2
    endloop
  endfacet
  facet normal -0.995174 0.0981288 0
    outer loop
      vertex -18.8713 -12.0552 1.69
      vertex -18.8607 -11.9477 2
      vertex -18.8607 -11.9477 1.69
    endloop
  endfacet
  facet normal -0.995174 0.0981288 0
    outer loop
      vertex -18.8607 -11.9477 2
      vertex -18.8713 -12.0552 1.69
      vertex -18.8713 -12.0552 2
    endloop
  endfacet
  facet normal -0.999474 0.0324204 0
    outer loop
      vertex -18.8607 -11.9477 1.69
      vertex -18.8572 -11.8398 2
      vertex -18.8572 -11.8398 1.69
    endloop
  endfacet
  facet normal -0.999474 0.0324204 0
    outer loop
      vertex -18.8572 -11.8398 2
      vertex -18.8607 -11.9477 1.69
      vertex -18.8607 -11.9477 2
    endloop
  endfacet
  facet normal -0.986618 -0.163047 0
    outer loop
      vertex -18.8713 -11.6244 1.69
      vertex -18.8889 -11.5179 2
      vertex -18.8889 -11.5179 1.69
    endloop
  endfacet
  facet normal -0.986618 -0.163047 0
    outer loop
      vertex -18.8889 -11.5179 2
      vertex -18.8713 -11.6244 1.69
      vertex -18.8713 -11.6244 2
    endloop
  endfacet
  facet normal -0.881865 0.471501 0
    outer loop
      vertex -19.0782 -12.6648 1.69
      vertex -19.0273 -12.5696 2
      vertex -19.0273 -12.5696 1.69
    endloop
  endfacet
  facet normal -0.881865 0.471501 0
    outer loop
      vertex -19.0273 -12.5696 2
      vertex -19.0782 -12.6648 1.69
      vertex -19.0782 -12.6648 2
    endloop
  endfacet
  facet normal -0.911158 0.412058 0
    outer loop
      vertex -19.0273 -12.5696 1.69
      vertex -18.9828 -12.4712 2
      vertex -18.9828 -12.4712 1.69
    endloop
  endfacet
  facet normal -0.911158 0.412058 0
    outer loop
      vertex -18.9828 -12.4712 2
      vertex -19.0273 -12.5696 1.69
      vertex -19.0273 -12.5696 2
    endloop
  endfacet
  facet normal -0.581764 0.813358 0
    outer loop
      vertex -19.5027 -13.1489 1.69
      vertex -19.5905 -13.2117 2
      vertex -19.5027 -13.1489 2
    endloop
  endfacet
  facet normal -0.581764 0.813358 0
    outer loop
      vertex -19.5905 -13.2117 2
      vertex -19.5027 -13.1489 1.69
      vertex -19.5905 -13.2117 1.69
    endloop
  endfacet
  facet normal -0.582376 -0.812919 0
    outer loop
      vertex -19.5905 -10.4679 1.69
      vertex -19.5027 -10.5308 2
      vertex -19.5905 -10.4679 2
    endloop
  endfacet
  facet normal -0.582376 -0.812919 -0
    outer loop
      vertex -19.5027 -10.5308 2
      vertex -19.5905 -10.4679 1.69
      vertex -19.5027 -10.5308 1.69
    endloop
  endfacet
  facet normal -0.413175 -0.910652 0
    outer loop
      vertex -19.8757 -10.3154 1.69
      vertex -19.7774 -10.36 2
      vertex -19.8757 -10.3154 2
    endloop
  endfacet
  facet normal -0.413175 -0.910652 -0
    outer loop
      vertex -19.7774 -10.36 2
      vertex -19.8757 -10.3154 1.69
      vertex -19.7774 -10.36 1.69
    endloop
  endfacet
  facet normal -0.289982 0.957032 0
    outer loop
      vertex -19.9768 -13.4023 1.69
      vertex -20.0801 -13.4336 2
      vertex -19.9768 -13.4023 2
    endloop
  endfacet
  facet normal -0.289982 0.957032 0
    outer loop
      vertex -20.0801 -13.4336 2
      vertex -19.9768 -13.4023 1.69
      vertex -20.0801 -13.4336 1.69
    endloop
  endfacet
  facet normal -0.22682 0.973937 0
    outer loop
      vertex -20.0801 -13.4336 1.69
      vertex -20.1853 -13.4581 2
      vertex -20.0801 -13.4336 2
    endloop
  endfacet
  facet normal -0.22682 0.973937 0
    outer loop
      vertex -20.1853 -13.4581 2
      vertex -20.0801 -13.4336 1.69
      vertex -20.1853 -13.4581 1.69
    endloop
  endfacet
  facet normal -0.471501 0.881865 0
    outer loop
      vertex -19.6822 -13.2688 1.69
      vertex -19.7774 -13.3197 2
      vertex -19.6822 -13.2688 2
    endloop
  endfacet
  facet normal -0.471501 0.881865 0
    outer loop
      vertex -19.7774 -13.3197 2
      vertex -19.6822 -13.2688 1.69
      vertex -19.7774 -13.3197 1.69
    endloop
  endfacet
  facet normal -0.0961705 0.995365 0
    outer loop
      vertex -20.2918 -13.4757 1.69
      vertex -20.3125 -13.4777 2
      vertex -20.2918 -13.4757 2
    endloop
  endfacet
  facet normal -0.0961705 0.995365 0
    outer loop
      vertex -20.3125 -13.4777 2
      vertex -20.2918 -13.4757 1.69
      vertex -20.3125 -13.4777 1.69
    endloop
  endfacet
  facet normal -0.986618 0.163047 0
    outer loop
      vertex -18.8889 -12.1617 1.69
      vertex -18.8713 -12.0552 2
      vertex -18.8713 -12.0552 1.69
    endloop
  endfacet
  facet normal -0.986618 0.163047 0
    outer loop
      vertex -18.8713 -12.0552 2
      vertex -18.8889 -12.1617 1.69
      vertex -18.8889 -12.1617 2
    endloop
  endfacet
  facet normal -0.973937 0.22682 0
    outer loop
      vertex -18.9134 -12.2669 1.69
      vertex -18.8889 -12.1617 2
      vertex -18.8889 -12.1617 1.69
    endloop
  endfacet
  facet normal -0.973937 0.22682 0
    outer loop
      vertex -18.8889 -12.1617 2
      vertex -18.9134 -12.2669 1.69
      vertex -18.9134 -12.2669 2
    endloop
  endfacet
  facet normal -0.999474 -0.0324204 0
    outer loop
      vertex -18.8572 -11.8398 1.69
      vertex -18.8607 -11.7319 2
      vertex -18.8607 -11.7319 1.69
    endloop
  endfacet
  facet normal -0.999474 -0.0324204 0
    outer loop
      vertex -18.8607 -11.7319 2
      vertex -18.8572 -11.8398 1.69
      vertex -18.8572 -11.8398 2
    endloop
  endfacet
  facet normal -0.973889 -0.227025 0
    outer loop
      vertex -18.8889 -11.5179 1.69
      vertex -18.9134 -11.4128 2
      vertex -18.9134 -11.4128 1.69
    endloop
  endfacet
  facet normal -0.973889 -0.227025 0
    outer loop
      vertex -18.9134 -11.4128 2
      vertex -18.8889 -11.5179 1.69
      vertex -18.8889 -11.5179 2
    endloop
  endfacet
  facet normal -0.935642 -0.35295 0
    outer loop
      vertex -18.9447 -11.3094 1.69
      vertex -18.9828 -11.2084 2
      vertex -18.9828 -11.2084 1.69
    endloop
  endfacet
  facet normal -0.935642 -0.35295 0
    outer loop
      vertex -18.9828 -11.2084 2
      vertex -18.9447 -11.3094 1.69
      vertex -18.9447 -11.3094 2
    endloop
  endfacet
  facet normal -0.911158 -0.412058 0
    outer loop
      vertex -18.9828 -11.2084 1.69
      vertex -19.0273 -11.11 2
      vertex -19.0273 -11.11 1.69
    endloop
  endfacet
  facet normal -0.911158 -0.412058 0
    outer loop
      vertex -19.0273 -11.11 2
      vertex -18.9828 -11.2084 1.69
      vertex -18.9828 -11.2084 2
    endloop
  endfacet
  facet normal -0.849297 0.527916 0
    outer loop
      vertex -19.1352 -12.7565 1.69
      vertex -19.0782 -12.6648 2
      vertex -19.0782 -12.6648 1.69
    endloop
  endfacet
  facet normal -0.849297 0.527916 0
    outer loop
      vertex -19.0782 -12.6648 2
      vertex -19.1352 -12.7565 1.69
      vertex -19.1352 -12.7565 2
    endloop
  endfacet
  facet normal -0.812919 0.582376 0
    outer loop
      vertex -19.1981 -12.8443 1.69
      vertex -19.1352 -12.7565 2
      vertex -19.1352 -12.7565 1.69
    endloop
  endfacet
  facet normal -0.812919 0.582376 0
    outer loop
      vertex -19.1352 -12.7565 2
      vertex -19.1981 -12.8443 1.69
      vertex -19.1981 -12.8443 2
    endloop
  endfacet
  facet normal -0.935642 0.35295 0
    outer loop
      vertex -18.9828 -12.4712 1.69
      vertex -18.9447 -12.3702 2
      vertex -18.9447 -12.3702 1.69
    endloop
  endfacet
  facet normal -0.935642 0.35295 0
    outer loop
      vertex -18.9447 -12.3702 2
      vertex -18.9828 -12.4712 1.69
      vertex -18.9828 -12.4712 2
    endloop
  endfacet
  facet normal -0.684064 0.729422 0
    outer loop
      vertex -19.3404 -13.0065 1.69
      vertex -19.4192 -13.0804 2
      vertex -19.3404 -13.0065 2
    endloop
  endfacet
  facet normal -0.684064 0.729422 0
    outer loop
      vertex -19.4192 -13.0804 2
      vertex -19.3404 -13.0065 1.69
      vertex -19.4192 -13.0804 1.69
    endloop
  endfacet
  facet normal -0.729884 0.683571 0
    outer loop
      vertex -19.3404 -13.0065 1.69
      vertex -19.2666 -12.9277 2
      vertex -19.2666 -12.9277 1.69
    endloop
  endfacet
  facet normal -0.729884 0.683571 0
    outer loop
      vertex -19.2666 -12.9277 2
      vertex -19.3404 -13.0065 1.69
      vertex -19.3404 -13.0065 2
    endloop
  endfacet
  facet normal -0.351834 -0.936063 0
    outer loop
      vertex -19.9768 -10.2774 1.69
      vertex -19.8757 -10.3154 2
      vertex -19.9768 -10.2774 2
    endloop
  endfacet
  facet normal -0.351834 -0.936063 -0
    outer loop
      vertex -19.8757 -10.3154 2
      vertex -19.9768 -10.2774 1.69
      vertex -19.8757 -10.3154 1.69
    endloop
  endfacet
  facet normal -0.729884 -0.683571 0
    outer loop
      vertex -19.2666 -10.7519 1.69
      vertex -19.3404 -10.6731 2
      vertex -19.3404 -10.6731 1.69
    endloop
  endfacet
  facet normal -0.729884 -0.683571 0
    outer loop
      vertex -19.3404 -10.6731 2
      vertex -19.2666 -10.7519 1.69
      vertex -19.2666 -10.7519 2
    endloop
  endfacet
  facet normal -0.634246 -0.773132 0
    outer loop
      vertex -19.5027 -10.5308 1.69
      vertex -19.4192 -10.5993 2
      vertex -19.5027 -10.5308 2
    endloop
  endfacet
  facet normal -0.634246 -0.773132 -0
    outer loop
      vertex -19.4192 -10.5993 2
      vertex -19.5027 -10.5308 1.69
      vertex -19.4192 -10.5993 1.69
    endloop
  endfacet
  facet normal 0.582815 -0.812605 0
    outer loop
      vertex -21.5116 -10.5308 1.69
      vertex -21.4239 -10.4679 2
      vertex -21.5116 -10.5308 2
    endloop
  endfacet
  facet normal 0.582815 -0.812605 0
    outer loop
      vertex -21.4239 -10.4679 2
      vertex -21.5116 -10.5308 1.69
      vertex -21.4239 -10.4679 1.69
    endloop
  endfacet
  facet normal 0.813083 -0.582148 0
    outer loop
      vertex -21.8283 -10.8523 2
      vertex -21.8162 -10.8354 1.69
      vertex -21.8162 -10.8354 2
    endloop
  endfacet
  facet normal 0.813083 -0.582148 0
    outer loop
      vertex -21.8162 -10.8354 1.69
      vertex -21.8283 -10.8523 2
      vertex -21.8283 -10.8523 1.69
    endloop
  endfacet
  facet normal 0.773132 -0.634246 0
    outer loop
      vertex -21.8162 -10.8354 2
      vertex -21.7477 -10.7519 1.69
      vertex -21.7477 -10.7519 2
    endloop
  endfacet
  facet normal 0.773132 -0.634246 0
    outer loop
      vertex -21.7477 -10.7519 1.69
      vertex -21.8162 -10.8354 2
      vertex -21.8162 -10.8354 1.69
    endloop
  endfacet
  facet normal 0.162898 -0.986643 0
    outer loop
      vertex -20.8291 -10.2215 1.69
      vertex -20.7225 -10.2039 2
      vertex -20.8291 -10.2215 2
    endloop
  endfacet
  facet normal 0.162898 -0.986643 0
    outer loop
      vertex -20.7225 -10.2039 2
      vertex -20.8291 -10.2215 1.69
      vertex -20.7225 -10.2039 1.69
    endloop
  endfacet
  facet normal -0.471501 -0.881865 0
    outer loop
      vertex -19.7774 -10.36 1.69
      vertex -19.6822 -10.4109 2
      vertex -19.7774 -10.36 2
    endloop
  endfacet
  facet normal -0.471501 -0.881865 -0
    outer loop
      vertex -19.6822 -10.4109 2
      vertex -19.7774 -10.36 1.69
      vertex -19.6822 -10.4109 1.69
    endloop
  endfacet
  facet normal -0.29083 -0.956775 0
    outer loop
      vertex -20.0801 -10.246 1.69
      vertex -19.9768 -10.2774 2
      vertex -20.0801 -10.246 2
    endloop
  endfacet
  facet normal -0.29083 -0.956775 -0
    outer loop
      vertex -19.9768 -10.2774 2
      vertex -20.0801 -10.246 1.69
      vertex -19.9768 -10.2774 1.69
    endloop
  endfacet
  facet normal -0.812605 -0.582815 0
    outer loop
      vertex -19.1352 -10.9231 1.69
      vertex -19.1981 -10.8354 2
      vertex -19.1981 -10.8354 1.69
    endloop
  endfacet
  facet normal -0.812605 -0.582815 0
    outer loop
      vertex -19.1981 -10.8354 2
      vertex -19.1352 -10.9231 1.69
      vertex -19.1352 -10.9231 2
    endloop
  endfacet
  facet normal -0.849297 -0.527916 0
    outer loop
      vertex -19.0782 -11.0148 1.69
      vertex -19.1352 -10.9231 2
      vertex -19.1352 -10.9231 1.69
    endloop
  endfacet
  facet normal -0.849297 -0.527916 0
    outer loop
      vertex -19.1352 -10.9231 2
      vertex -19.0782 -11.0148 1.69
      vertex -19.0782 -11.0148 2
    endloop
  endfacet
  facet normal -0.773132 -0.634246 0
    outer loop
      vertex -19.1981 -10.8354 1.69
      vertex -19.2666 -10.7519 2
      vertex -19.2666 -10.7519 1.69
    endloop
  endfacet
  facet normal -0.773132 -0.634246 0
    outer loop
      vertex -19.2666 -10.7519 2
      vertex -19.1981 -10.8354 1.69
      vertex -19.1981 -10.8354 2
    endloop
  endfacet
  facet normal 0.634246 -0.773132 0
    outer loop
      vertex -21.5951 -10.5993 1.69
      vertex -21.5116 -10.5308 2
      vertex -21.5951 -10.5993 2
    endloop
  endfacet
  facet normal 0.634246 -0.773132 0
    outer loop
      vertex -21.5116 -10.5308 2
      vertex -21.5951 -10.5993 1.69
      vertex -21.5116 -10.5308 1.69
    endloop
  endfacet
  facet normal 0.471117 -0.882071 0
    outer loop
      vertex -21.3322 -10.4109 1.69
      vertex -21.2369 -10.36 2
      vertex -21.3322 -10.4109 2
    endloop
  endfacet
  facet normal 0.471117 -0.882071 0
    outer loop
      vertex -21.2369 -10.36 2
      vertex -21.3322 -10.4109 1.69
      vertex -21.2369 -10.36 1.69
    endloop
  endfacet
  facet normal -0.0333457 -0.999444 0
    outer loop
      vertex -20.5072 -10.1898 1.69
      vertex -20.3993 -10.1934 2
      vertex -20.5072 -10.1898 2
    endloop
  endfacet
  facet normal -0.0333457 -0.999444 -0
    outer loop
      vertex -20.3993 -10.1934 2
      vertex -20.5072 -10.1898 1.69
      vertex -20.3993 -10.1934 1.69
    endloop
  endfacet
  facet normal 0.351834 -0.936063 0
    outer loop
      vertex -21.1386 -10.3154 1.69
      vertex -21.0375 -10.2774 2
      vertex -21.1386 -10.3154 2
    endloop
  endfacet
  facet normal 0.351834 -0.936063 0
    outer loop
      vertex -21.0375 -10.2774 2
      vertex -21.1386 -10.3154 1.69
      vertex -21.0375 -10.2774 1.69
    endloop
  endfacet
  facet normal 0.413175 -0.910652 0
    outer loop
      vertex -21.2369 -10.36 1.69
      vertex -21.1386 -10.3154 2
      vertex -21.2369 -10.36 2
    endloop
  endfacet
  facet normal 0.413175 -0.910652 0
    outer loop
      vertex -21.1386 -10.3154 2
      vertex -21.2369 -10.36 1.69
      vertex -21.1386 -10.3154 1.69
    endloop
  endfacet
  facet normal -0.527916 -0.849297 0
    outer loop
      vertex -19.6822 -10.4109 1.69
      vertex -19.5905 -10.4679 2
      vertex -19.6822 -10.4109 2
    endloop
  endfacet
  facet normal -0.527916 -0.849297 -0
    outer loop
      vertex -19.5905 -10.4679 2
      vertex -19.6822 -10.4109 1.69
      vertex -19.5905 -10.4679 1.69
    endloop
  endfacet
  facet normal -0.683571 -0.729884 0
    outer loop
      vertex -19.4192 -10.5993 1.69
      vertex -19.3404 -10.6731 2
      vertex -19.4192 -10.5993 2
    endloop
  endfacet
  facet normal -0.683571 -0.729884 -0
    outer loop
      vertex -19.3404 -10.6731 2
      vertex -19.4192 -10.5993 1.69
      vertex -19.3404 -10.6731 1.69
    endloop
  endfacet
  facet normal 0.0333457 -0.999444 0
    outer loop
      vertex -20.6151 -10.1934 1.69
      vertex -20.5072 -10.1898 2
      vertex -20.6151 -10.1934 2
    endloop
  endfacet
  facet normal 0.0333457 -0.999444 0
    outer loop
      vertex -20.5072 -10.1898 2
      vertex -20.6151 -10.1934 1.69
      vertex -20.5072 -10.1898 1.69
    endloop
  endfacet
  facet normal 0.227025 -0.973889 0
    outer loop
      vertex -20.9342 -10.246 1.69
      vertex -20.8291 -10.2215 2
      vertex -20.9342 -10.246 2
    endloop
  endfacet
  facet normal 0.227025 -0.973889 0
    outer loop
      vertex -20.8291 -10.2215 2
      vertex -20.9342 -10.246 1.69
      vertex -20.8291 -10.2215 1.69
    endloop
  endfacet
  facet normal -0.163047 -0.986618 0
    outer loop
      vertex -20.2918 -10.2039 1.69
      vertex -20.1853 -10.2215 2
      vertex -20.2918 -10.2039 2
    endloop
  endfacet
  facet normal -0.163047 -0.986618 -0
    outer loop
      vertex -20.1853 -10.2215 2
      vertex -20.2918 -10.2039 1.69
      vertex -20.1853 -10.2215 1.69
    endloop
  endfacet
  facet normal -0.22682 -0.973937 0
    outer loop
      vertex -20.1853 -10.2215 1.69
      vertex -20.0801 -10.246 2
      vertex -20.1853 -10.2215 2
    endloop
  endfacet
  facet normal -0.22682 -0.973937 -0
    outer loop
      vertex -20.0801 -10.246 2
      vertex -20.1853 -10.2215 1.69
      vertex -20.0801 -10.246 1.69
    endloop
  endfacet
  facet normal 0.29083 -0.956775 0
    outer loop
      vertex -21.0375 -10.2774 1.69
      vertex -20.9342 -10.246 2
      vertex -21.0375 -10.2774 2
    endloop
  endfacet
  facet normal 0.29083 -0.956775 0
    outer loop
      vertex -20.9342 -10.246 2
      vertex -21.0375 -10.2774 1.69
      vertex -20.9342 -10.246 1.69
    endloop
  endfacet
  facet normal -0.0972118 -0.995264 0
    outer loop
      vertex -20.3993 -10.1934 1.69
      vertex -20.2918 -10.2039 2
      vertex -20.3993 -10.1934 2
    endloop
  endfacet
  facet normal -0.0972118 -0.995264 -0
    outer loop
      vertex -20.2918 -10.2039 2
      vertex -20.3993 -10.1934 1.69
      vertex -20.2918 -10.2039 1.69
    endloop
  endfacet
  facet normal 0.0973015 -0.995255 0
    outer loop
      vertex -20.7225 -10.2039 1.69
      vertex -20.6151 -10.1934 2
      vertex -20.7225 -10.2039 2
    endloop
  endfacet
  facet normal 0.0973015 -0.995255 0
    outer loop
      vertex -20.6151 -10.1934 2
      vertex -20.7225 -10.2039 1.69
      vertex -20.6151 -10.1934 1.69
    endloop
  endfacet
  facet normal -0.605528 -0.496848 -0.621674
    outer loop
      vertex -18.2576 -9.86702 0
      vertex -18.1338 -10.0179 0
      vertex -19.2666 -10.7519 1.69
    endloop
  endfacet
  facet normal -0.22732 -0.749573 -0.621664
    outer loop
      vertex -19.7328 -8.94971 0
      vertex -19.546 -9.00636 0
      vertex -20.0801 -10.246 1.69
    endloop
  endfacet
  facet normal 0.275824 -0.733096 -0.621684
    outer loop
      vertex -21.4689 -9.00655 0
      vertex -21.0375 -10.2774 1.69
      vertex -21.6516 -9.07529 0
    endloop
  endfacet
  facet normal -0.571704 -0.53542 -0.621675
    outer loop
      vertex -18.391 -9.72458 0
      vertex -18.2576 -9.86702 0
      vertex -19.2666 -10.7519 1.69
    endloop
  endfacet
  facet normal -0.227796 -0.749405 -0.621692
    outer loop
      vertex -19.546 -9.00636 0
      vertex -19.9768 -10.2774 1.69
      vertex -20.0801 -10.246 1.69
    endloop
  endfacet
  facet normal -0.236433 -0.74663 -0.621806
    outer loop
      vertex -19.9768 -10.2774 1.69
      vertex -19.546 -9.00636 0
      vertex -19.5454 -9.00655 0
    endloop
  endfacet
  facet normal 0.496819 -0.605541 -0.621684
    outer loop
      vertex -22.3265 -9.7653 0.293158
      vertex -22.3291 -9.46646 0
      vertex -21.5951 -10.5993 1.69
    endloop
  endfacet
  facet normal 0.496866 -0.605522 -0.621665
    outer loop
      vertex -22.3291 -9.46646 0
      vertex -22.3265 -9.7653 0.293158
      vertex -22.4259 -9.54589 0
    endloop
  endfacet
  facet normal 0.53546 -0.571656 -0.621685
    outer loop
      vertex -21.5951 -10.5993 1.69
      vertex -22.171 -10.1084 0.74258
      vertex -22.3265 -9.7653 0.293158
    endloop
  endfacet
  facet normal -0.671561 -0.402937 -0.62181
    outer loop
      vertex -17.9157 -10.3443 0
      vertex -19.0782 -11.0148 1.69
      vertex -17.916 -10.3438 0
    endloop
  endfacet
  facet normal -0.690747 -0.369318 -0.621669
    outer loop
      vertex -19.0782 -11.0148 1.69
      vertex -17.9157 -10.3443 0
      vertex -19.0273 -11.11 1.69
    endloop
  endfacet
  facet normal -0.733179 0.275565 -0.621701
    outer loop
      vertex -17.9211 -12.7397 0.318913
      vertex -17.9768 -12.8879 0.318912
      vertex -18.9828 -12.4712 1.69
    endloop
  endfacet
  facet normal -0.783102 0 -0.621894
    outer loop
      vertex -17.5151 -11.8405 0
      vertex -18.8572 -11.8398 1.69
      vertex -17.5151 -11.8398 0
    endloop
  endfacet
  facet normal -0.782844 0.0253935 -0.6217
    outer loop
      vertex -18.8572 -11.8398 1.69
      vertex -17.5151 -11.8405 0
      vertex -18.8607 -11.9477 1.69
    endloop
  endfacet
  facet normal -0.0870665 0.778464 -0.621621
    outer loop
      vertex -20.2918 -13.4757 1.69
      vertex -20.2859 -13.5205 1.63307
      vertex -20.2923 -13.5103 1.64674
    endloop
  endfacet
  facet normal -0.611558 -0.489247 -0.621799
    outer loop
      vertex -19.1981 -10.8354 1.69
      vertex -18.1338 -10.0179 0
      vertex -18.1334 -10.0184 0
    endloop
  endfacet
  facet normal -0.605573 -0.496788 -0.621678
    outer loop
      vertex -18.1338 -10.0179 0
      vertex -19.1981 -10.8354 1.69
      vertex -19.2666 -10.7519 1.69
    endloop
  endfacet
  facet normal -0.076785 -0.77949 -0.621691
    outer loop
      vertex -20.3115 -8.85417 0
      vertex -20.1173 -8.8733 0
      vertex -20.3993 -10.1934 1.69
    endloop
  endfacet
  facet normal 0.35046 -0.700921 -0.621198
    outer loop
      vertex -22.0026 -9.24832 0
      vertex -21.3322 -10.4109 1.69
      vertex -22.0032 -9.24862 0
    endloop
  endfacet
  facet normal 0.369016 -0.690907 -0.621671
    outer loop
      vertex -21.3322 -10.4109 1.69
      vertex -22.0026 -9.24832 0
      vertex -21.2369 -10.36 1.69
    endloop
  endfacet
  facet normal -0.413676 -0.665109 -0.621693
    outer loop
      vertex -19.0111 -9.24862 0
      vertex -18.8454 -9.35168 0
      vertex -19.6822 -10.4109 1.69
    endloop
  endfacet
  facet normal 0.496783 -0.605568 -0.621687
    outer loop
      vertex -22.3291 -9.46646 0
      vertex -21.5116 -10.5308 1.69
      vertex -21.5951 -10.5993 1.69
    endloop
  endfacet
  facet normal 0.489242 -0.611553 -0.621808
    outer loop
      vertex -21.5116 -10.5308 1.69
      vertex -22.3291 -9.46646 0
      vertex -22.3286 -9.46606 0
    endloop
  endfacet
  facet normal -0.772596 -0.128766 -0.621703
    outer loop
      vertex -17.5725 -11.2567 0
      vertex -18.8889 -11.5179 1.69
      vertex -17.5726 -11.2561 0
    endloop
  endfacet
  facet normal -0.772784 -0.127709 -0.621687
    outer loop
      vertex -18.8889 -11.5179 1.69
      vertex -17.5725 -11.2567 0
      vertex -18.8713 -11.6244 1.69
    endloop
  endfacet
  facet normal -0.690872 -0.369107 -0.621656
    outer loop
      vertex -17.9157 -10.3443 0
      vertex -17.8237 -10.5165 0
      vertex -19.0273 -11.11 1.69
    endloop
  endfacet
  facet normal -0.497011 0.605406 -0.621662
    outer loop
      vertex -18.5344 -14.0894 0
      vertex -18.6852 -14.2132 0
      vertex -19.4192 -13.0804 1.69
    endloop
  endfacet
  facet normal -0.749632 0.227139 -0.621658
    outer loop
      vertex -17.9064 -12.7007 0.3172
      vertex -18.9447 -12.3702 1.69
      vertex -18.9134 -12.2669 1.69
    endloop
  endfacet
  facet normal -0.749941 0.226138 -0.621651
    outer loop
      vertex -18.9447 -12.3702 1.69
      vertex -17.9064 -12.7007 0.3172
      vertex -17.9137 -12.7202 0.318913
    endloop
  endfacet
  facet normal -0.781678 0.0255093 -0.62316
    outer loop
      vertex -17.5243 -11.9762 0.00598534
      vertex -17.5151 -11.8405 0
      vertex -17.5193 -11.9692 0
    endloop
  endfacet
  facet normal -0.782339 0.0255909 -0.622327
    outer loop
      vertex -17.5597 -12.033 0.0481517
      vertex -17.5151 -11.8405 0
      vertex -17.5243 -11.9762 0.00598534
    endloop
  endfacet
  facet normal -0.782849 0.0258724 -0.621673
    outer loop
      vertex -17.5151 -11.8405 0
      vertex -17.5597 -12.033 0.0481517
      vertex -18.8607 -11.9477 1.69
    endloop
  endfacet
  facet normal -0.350463 0.700926 -0.621191
    outer loop
      vertex -19.0117 -14.4313 0
      vertex -19.6822 -13.2688 1.69
      vertex -19.0111 -14.431 0
    endloop
  endfacet
  facet normal -0.369318 0.690747 -0.621669
    outer loop
      vertex -19.6822 -13.2688 1.69
      vertex -19.0117 -14.4313 0
      vertex -19.7774 -13.3197 1.69
    endloop
  endfacet
  facet normal -0.275838 0.733116 -0.621655
    outer loop
      vertex -19.3627 -14.6043 0
      vertex -19.6202 -14.4526 0.293156
      vertex -19.9768 -13.4023 1.69
    endloop
  endfacet
  facet normal -0.275852 0.733104 -0.621662
    outer loop
      vertex -19.6202 -14.4526 0.293156
      vertex -19.3627 -14.6043 0
      vertex -19.4799 -14.6484 0
    endloop
  endfacet
  facet normal -0.698923 -0.349461 -0.624006
    outer loop
      vertex -17.916 -10.3438 0
      vertex -19.1352 -10.9231 1.69
      vertex -17.9163 -10.3432 0
    endloop
  endfacet
  facet normal -0.665242 -0.413509 -0.621662
    outer loop
      vertex -19.1352 -10.9231 1.69
      vertex -17.916 -10.3438 0
      vertex -19.0782 -11.0148 1.69
    endloop
  endfacet
  facet normal 0.227427 -0.749524 -0.621683
    outer loop
      vertex -21.2822 -8.9499 0
      vertex -21.0375 -10.2774 1.69
      vertex -21.4689 -9.00655 0
    endloop
  endfacet
  facet normal -0.497026 -0.605376 -0.621679
    outer loop
      vertex -18.6857 -9.46606 0
      vertex -18.5349 -9.58987 0
      vertex -19.5027 -10.5308 1.69
    endloop
  endfacet
  facet normal -0.571699 -0.535424 -0.621676
    outer loop
      vertex -19.3404 -10.6731 1.69
      vertex -18.391 -9.72458 0
      vertex -19.2666 -10.7519 1.69
    endloop
  endfacet
  facet normal -0.536467 -0.570709 -0.621687
    outer loop
      vertex -18.391 -9.72458 0
      vertex -19.3404 -10.6731 1.69
      vertex -18.3915 -9.72411 0
    endloop
  endfacet
  facet normal -0.275997 -0.733047 -0.621665
    outer loop
      vertex -19.5448 -9.00677 0
      vertex -19.3622 -9.07552 0
      vertex -19.8757 -10.3154 1.69
    endloop
  endfacet
  facet normal -0.323636 -0.713305 -0.621656
    outer loop
      vertex -19.3622 -9.07552 0
      vertex -19.7774 -10.36 1.69
      vertex -19.8757 -10.3154 1.69
    endloop
  endfacet
  facet normal -0.311226 -0.718215 -0.622339
    outer loop
      vertex -19.7774 -10.36 1.69
      vertex -19.3622 -9.07552 0
      vertex -19.3616 -9.07578 0
    endloop
  endfacet
  facet normal -0.369262 -0.690761 -0.621686
    outer loop
      vertex -19.1838 -9.15632 0
      vertex -19.0117 -9.24832 0
      vertex -19.7774 -10.36 1.69
    endloop
  endfacet
  facet normal 0.432034 -0.654597 -0.620363
    outer loop
      vertex -22.0032 -9.24862 0
      vertex -21.4239 -10.4679 1.69
      vertex -22.0037 -9.24895 0
    endloop
  endfacet
  facet normal 0.413501 -0.665229 -0.621681
    outer loop
      vertex -21.4239 -10.4679 1.69
      vertex -22.0032 -9.24862 0
      vertex -21.3322 -10.4109 1.69
    endloop
  endfacet
  facet normal 0.601495 -0.501051 -0.622215
    outer loop
      vertex -21.8162 -10.8354 1.69
      vertex -21.8521 -10.8078 1.63307
      vertex -21.8632 -10.787 1.60559
    endloop
  endfacet
  facet normal 0.535443 -0.571719 -0.621642
    outer loop
      vertex -22.115 -10.232 0.904388
      vertex -21.5951 -10.5993 1.69
      vertex -21.6739 -10.6731 1.69
    endloop
  endfacet
  facet normal 0.536047 -0.571055 -0.621731
    outer loop
      vertex -21.5951 -10.5993 1.69
      vertex -22.115 -10.232 0.904388
      vertex -22.171 -10.1084 0.74258
    endloop
  endfacet
  facet normal -0.71334 -0.323552 -0.621659
    outer loop
      vertex -17.8237 -10.5165 0
      vertex -17.7431 -10.6942 0
      vertex -19.0273 -11.11 1.69
    endloop
  endfacet
  facet normal -0.733165 -0.275689 -0.621663
    outer loop
      vertex -17.7426 -10.6954 0
      vertex -17.6739 -10.8781 0
      vertex -18.9447 -11.3094 1.69
    endloop
  endfacet
  facet normal -0.749483 -0.227615 -0.621665
    outer loop
      vertex -17.6739 -10.8781 0
      vertex -17.6172 -11.0648 0
      vertex -18.9447 -11.3094 1.69
    endloop
  endfacet
  facet normal -0.770767 -0.128461 -0.624032
    outer loop
      vertex -17.6171 -11.0654 0
      vertex -18.9447 -11.3094 1.69
      vertex -17.6172 -11.0648 0
    endloop
  endfacet
  facet normal -0.749676 -0.226933 -0.621681
    outer loop
      vertex -18.9447 -11.3094 1.69
      vertex -17.6171 -11.0654 0
      vertex -18.9134 -11.4128 1.69
    endloop
  endfacet
  facet normal -0.713128 0.324111 -0.621611
    outer loop
      vertex -17.9862 -12.9127 0.316731
      vertex -19.0273 -12.5696 1.69
      vertex -17.9842 -12.9074 0.3172
    endloop
  endfacet
  facet normal -0.713572 0.323012 -0.621674
    outer loop
      vertex -19.0273 -12.5696 1.69
      vertex -17.9862 -12.9127 0.316731
      vertex -18.0311 -13.0609 0.291266
    endloop
  endfacet
  facet normal -0.403923 0.673205 -0.619388
    outer loop
      vertex -18.6862 -14.2139 0
      vertex -19.5027 -13.1489 1.69
      vertex -18.6857 -14.2136 0
    endloop
  endfacet
  facet normal -0.455694 0.6371 -0.621648
    outer loop
      vertex -19.5027 -13.1489 1.69
      vertex -18.6862 -14.2139 0
      vertex -19.5905 -13.2117 1.69
    endloop
  endfacet
  facet normal -0.604414 0.496365 -0.623141
    outer loop
      vertex -18.2572 -13.8121 0
      vertex -18.1642 -13.6763 0.0179669
      vertex -18.1667 -13.7019 0
    endloop
  endfacet
  facet normal -0.605206 0.496764 -0.622054
    outer loop
      vertex -18.2572 -13.8121 0
      vertex -18.1586 -13.642 0.0399101
      vertex -18.1642 -13.6763 0.0179669
    endloop
  endfacet
  facet normal -0.605531 0.49686 -0.62166
    outer loop
      vertex -18.1586 -13.642 0.0399101
      vertex -18.2572 -13.8121 0
      vertex -19.1981 -12.8443 1.69
    endloop
  endfacet
  facet normal -0.779704 0.0754198 -0.621589
    outer loop
      vertex -17.6705 -12.2133 0.164821
      vertex -18.8607 -11.9477 1.69
      vertex -17.6651 -12.2031 0.159285
    endloop
  endfacet
  facet normal -0.779494 0.0768617 -0.621677
    outer loop
      vertex -18.8607 -11.9477 1.69
      vertex -17.6705 -12.2133 0.164821
      vertex -18.8713 -12.0552 1.69
    endloop
  endfacet
  facet normal -0.402724 0.671206 -0.622331
    outer loop
      vertex -19.0111 -14.431 0
      vertex -19.5905 -13.2117 1.69
      vertex -19.0106 -14.4307 0
    endloop
  endfacet
  facet normal -0.41403 0.664913 -0.621667
    outer loop
      vertex -19.5905 -13.2117 1.69
      vertex -19.0111 -14.431 0
      vertex -19.6822 -13.2688 1.69
    endloop
  endfacet
  facet normal -0.227209 0.749619 -0.621649
    outer loop
      vertex -19.6202 -14.4526 0.293156
      vertex -19.8396 -14.1464 0.742578
      vertex -19.9768 -13.4023 1.69
    endloop
  endfacet
  facet normal -0.323398 0.713402 -0.621668
    outer loop
      vertex -19.1838 -14.5233 0
      vertex -19.3616 -14.6039 0
      vertex -19.7774 -13.3197 1.69
    endloop
  endfacet
  facet normal -0.290851 0.727128 -0.621845
    outer loop
      vertex -19.3627 -14.6043 0
      vertex -19.8757 -13.3642 1.69
      vertex -19.3622 -14.6041 0
    endloop
  endfacet
  facet normal -0.276217 0.732954 -0.621678
    outer loop
      vertex -19.8757 -13.3642 1.69
      vertex -19.3627 -14.6043 0
      vertex -19.9768 -13.4023 1.69
    endloop
  endfacet
  facet normal -0.07528 0.779148 -0.622304
    outer loop
      vertex -20.2918 -13.4757 1.69
      vertex -20.2923 -13.5103 1.64674
      vertex -20.3125 -13.4777 1.69
    endloop
  endfacet
  facet normal -0.178167 0.762713 -0.621711
    outer loop
      vertex -20.0401 -13.8667 1.14712
      vertex -20.1285 -13.7433 1.32384
      vertex -20.1853 -13.4581 1.69
    endloop
  endfacet
  facet normal -0.665059 -0.413806 -0.62166
    outer loop
      vertex -18.0194 -10.1775 0
      vertex -17.9163 -10.3432 0
      vertex -19.1352 -10.9231 1.69
    endloop
  endfacet
  facet normal -0.636789 -0.456111 -0.62166
    outer loop
      vertex -18.133 -10.0189 0
      vertex -18.0194 -10.1775 0
      vertex -19.1352 -10.9231 1.69
    endloop
  endfacet
  facet normal 0.323343 -0.71341 -0.621688
    outer loop
      vertex -21.6528 -9.07578 0
      vertex -21.2369 -10.36 1.69
      vertex -21.8305 -9.15632 0
    endloop
  endfacet
  facet normal 0.369262 -0.690761 -0.621686
    outer loop
      vertex -21.8305 -9.15632 0
      vertex -21.2369 -10.36 1.69
      vertex -22.0026 -9.24832 0
    endloop
  endfacet
  facet normal 0.177984 -0.762788 -0.621672
    outer loop
      vertex -21.281 -8.94957 0
      vertex -20.9342 -10.246 1.69
      vertex -21.2816 -8.94971 0
    endloop
  endfacet
  facet normal 0.177824 -0.762827 -0.62167
    outer loop
      vertex -20.9342 -10.246 1.69
      vertex -21.281 -8.94957 0
      vertex -20.8291 -10.2215 1.69
    endloop
  endfacet
  facet normal 0.236593 -0.747137 -0.621136
    outer loop
      vertex -21.2816 -8.94971 0
      vertex -21.0375 -10.2774 1.69
      vertex -21.2822 -8.9499 0
    endloop
  endfacet
  facet normal 0.227802 -0.749426 -0.621664
    outer loop
      vertex -21.0375 -10.2774 1.69
      vertex -21.2816 -8.94971 0
      vertex -20.9342 -10.246 1.69
    endloop
  endfacet
  facet normal -0.0761451 -0.779581 -0.621655
    outer loop
      vertex -20.1173 -8.8733 0
      vertex -20.2918 -10.2039 1.69
      vertex -20.3993 -10.1934 1.69
    endloop
  endfacet
  facet normal -0.0669059 -0.780569 -0.621479
    outer loop
      vertex -20.2918 -10.2039 1.69
      vertex -20.1173 -8.8733 0
      vertex -20.1166 -8.87336 0
    endloop
  endfacet
  facet normal -0.0256531 -0.782842 -0.621691
    outer loop
      vertex -20.3115 -8.85417 0
      vertex -20.3993 -10.1934 1.69
      vertex -20.5065 -8.84778 0
    endloop
  endfacet
  facet normal -0.177896 -0.762815 -0.621664
    outer loop
      vertex -19.9228 -8.9054 0
      vertex -19.7328 -8.94971 0
      vertex -20.0801 -10.246 1.69
    endloop
  endfacet
  facet normal 0.0223711 -0.782987 -0.621636
    outer loop
      vertex -20.7022 -8.85415 0
      vertex -20.6151 -10.1934 1.69
      vertex -20.7029 -8.85417 0
    endloop
  endfacet
  facet normal 0.0261182 -0.782822 -0.621698
    outer loop
      vertex -20.6151 -10.1934 1.69
      vertex -20.7022 -8.85415 0
      vertex -20.5072 -10.1898 1.69
    endloop
  endfacet
  facet normal -0.535325 -0.5718 -0.621668
    outer loop
      vertex -18.5344 -9.59027 0
      vertex -18.3919 -9.72368 0
      vertex -19.4192 -10.5993 1.69
    endloop
  endfacet
  facet normal -0.489404 -0.611755 -0.621482
    outer loop
      vertex -19.4192 -10.5993 1.69
      vertex -18.5349 -9.58987 0
      vertex -18.5344 -9.59027 0
    endloop
  endfacet
  facet normal -0.496795 -0.605583 -0.621662
    outer loop
      vertex -18.5349 -9.58987 0
      vertex -19.4192 -10.5993 1.69
      vertex -19.5027 -10.5308 1.69
    endloop
  endfacet
  facet normal -0.275579 -0.733185 -0.621688
    outer loop
      vertex -19.5454 -9.00655 0
      vertex -19.8757 -10.3154 1.69
      vertex -19.9768 -10.2774 1.69
    endloop
  endfacet
  facet normal -0.269551 -0.735139 -0.622023
    outer loop
      vertex -19.8757 -10.3154 1.69
      vertex -19.5454 -9.00655 0
      vertex -19.5448 -9.00677 0
    endloop
  endfacet
  facet normal -0.323193 -0.71348 -0.621686
    outer loop
      vertex -19.3616 -9.07578 0
      vertex -19.1838 -9.15632 0
      vertex -19.7774 -10.36 1.69
    endloop
  endfacet
  facet normal -0.413501 -0.665229 -0.621681
    outer loop
      vertex -18.8454 -9.35168 0
      vertex -19.5905 -10.4679 1.69
      vertex -19.6822 -10.4109 1.69
    endloop
  endfacet
  facet normal -0.431373 -0.653595 -0.621877
    outer loop
      vertex -19.5905 -10.4679 1.69
      vertex -18.8454 -9.35168 0
      vertex -18.8449 -9.35201 0
    endloop
  endfacet
  facet normal -0.36931 -0.690733 -0.621689
    outer loop
      vertex -19.0117 -9.24832 0
      vertex -19.6822 -10.4109 1.69
      vertex -19.7774 -10.36 1.69
    endloop
  endfacet
  facet normal -0.350456 -0.700912 -0.621211
    outer loop
      vertex -19.6822 -10.4109 1.69
      vertex -19.0117 -9.24832 0
      vertex -19.0111 -9.24862 0
    endloop
  endfacet
  facet normal 0.413503 -0.665232 -0.621677
    outer loop
      vertex -22.0037 -9.24895 0
      vertex -21.4239 -10.4679 1.69
      vertex -22.1695 -9.35201 0
    endloop
  endfacet
  facet normal 0.456316 -0.636627 -0.621677
    outer loop
      vertex -22.1695 -9.35201 0
      vertex -21.4239 -10.4679 1.69
      vertex -22.3281 -9.46569 0
    endloop
  endfacet
  facet normal 0.572159 -0.534957 -0.621655
    outer loop
      vertex -21.7477 -10.7519 1.69
      vertex -21.9663 -10.5602 1.32384
      vertex -22.029 -10.4219 1.14712
    endloop
  endfacet
  facet normal 0.605437 -0.496675 -0.6219
    outer loop
      vertex -21.8632 -10.787 1.60559
      vertex -21.7477 -10.7519 1.69
      vertex -21.8162 -10.8354 1.69
    endloop
  endfacet
  facet normal 0.605104 -0.498695 -0.620606
    outer loop
      vertex -21.8654 -10.7828 1.60007
      vertex -21.7477 -10.7519 1.69
      vertex -21.8632 -10.787 1.60559
    endloop
  endfacet
  facet normal 0.605449 -0.496979 -0.621646
    outer loop
      vertex -21.7477 -10.7519 1.69
      vertex -21.8654 -10.7828 1.60007
      vertex -21.9663 -10.5602 1.32384
    endloop
  endfacet
  facet normal -0.741271 -0.24709 -0.624071
    outer loop
      vertex -17.7429 -10.6948 0
      vertex -19.0273 -11.11 1.69
      vertex -17.7431 -10.6942 0
    endloop
  endfacet
  facet normal -0.713678 -0.322751 -0.621688
    outer loop
      vertex -19.0273 -11.11 1.69
      vertex -17.7429 -10.6948 0
      vertex -18.9828 -11.2084 1.69
    endloop
  endfacet
  facet normal -0.782843 -0.0256933 -0.621689
    outer loop
      vertex -17.5215 -11.6448 0
      vertex -17.5151 -11.8398 0
      vertex -18.8572 -11.8398 1.69
    endloop
  endfacet
  facet normal -0.763145 0.176119 -0.621765
    outer loop
      vertex -17.7859 -12.4293 0.260124
      vertex -18.9134 -12.2669 1.69
      vertex -17.7708 -12.4009 0.249635
    endloop
  endfacet
  facet normal -0.762714 0.178295 -0.621673
    outer loop
      vertex -18.9134 -12.2669 1.69
      vertex -17.7859 -12.4293 0.260124
      vertex -17.8424 -12.5538 0.293736
    endloop
  endfacet
  facet normal -0.749557 0.227371 -0.621665
    outer loop
      vertex -17.894 -12.6677 0.314293
      vertex -18.9134 -12.2669 1.69
      vertex -17.8424 -12.5538 0.293736
    endloop
  endfacet
  facet normal -0.749701 0.226944 -0.621647
    outer loop
      vertex -18.9134 -12.2669 1.69
      vertex -17.894 -12.6677 0.314293
      vertex -17.9064 -12.7007 0.3172
    endloop
  endfacet
  facet normal -0.713658 0.322742 -0.621715
    outer loop
      vertex -17.9768 -12.8879 0.318912
      vertex -19.0273 -12.5696 1.69
      vertex -18.9828 -12.4712 1.69
    endloop
  endfacet
  facet normal -0.71275 0.325049 -0.621555
    outer loop
      vertex -19.0273 -12.5696 1.69
      vertex -17.9768 -12.8879 0.318912
      vertex -17.9842 -12.9074 0.3172
    endloop
  endfacet
  facet normal -0.636733 0.456156 -0.621686
    outer loop
      vertex -18.1239 -13.4323 0.158362
      vertex -19.1981 -12.8443 1.69
      vertex -19.1352 -12.7565 1.69
    endloop
  endfacet
  facet normal -0.633713 0.460795 -0.621349
    outer loop
      vertex -19.1981 -12.8443 1.69
      vertex -18.1239 -13.4323 0.158362
      vertex -18.1258 -13.4434 0.152068
    endloop
  endfacet
  facet normal -0.690756 0.369323 -0.621656
    outer loop
      vertex -18.0765 -13.2245 0.244441
      vertex -19.0782 -12.6648 1.69
      vertex -19.0273 -12.5696 1.69
    endloop
  endfacet
  facet normal -0.692145 0.366763 -0.621627
    outer loop
      vertex -19.0782 -12.6648 1.69
      vertex -18.0765 -13.2245 0.244441
      vertex -18.0803 -13.241 0.238937
    endloop
  endfacet
  facet normal -0.489247 0.611558 -0.621799
    outer loop
      vertex -19.5027 -13.1489 1.69
      vertex -18.6852 -14.2132 0
      vertex -18.6857 -14.2136 0
    endloop
  endfacet
  facet normal -0.496788 0.605573 -0.621678
    outer loop
      vertex -18.6852 -14.2132 0
      vertex -19.5027 -13.1489 1.69
      vertex -19.4192 -13.0804 1.69
    endloop
  endfacet
  facet normal -0.456177 0.636721 -0.621682
    outer loop
      vertex -18.6862 -14.2139 0
      vertex -18.8449 -14.3276 0
      vertex -19.5905 -13.2117 1.69
    endloop
  endfacet
  facet normal -0.413795 0.665043 -0.621685
    outer loop
      vertex -18.8449 -14.3276 0
      vertex -19.0106 -14.4307 0
      vertex -19.5905 -13.2117 1.69
    endloop
  endfacet
  facet normal -0.571812 0.535297 -0.621682
    outer loop
      vertex -18.2576 -13.8126 0
      vertex -18.391 -13.9551 0
      vertex -19.2666 -12.9277 1.69
    endloop
  endfacet
  facet normal -0.611748 0.489399 -0.621493
    outer loop
      vertex -19.2666 -12.9277 1.69
      vertex -18.2572 -13.8121 0
      vertex -18.2576 -13.8126 0
    endloop
  endfacet
  facet normal -0.605279 0.497142 -0.621681
    outer loop
      vertex -18.2572 -13.8121 0
      vertex -19.2666 -12.9277 1.69
      vertex -19.1981 -12.8443 1.69
    endloop
  endfacet
  facet normal -0.612963 0.49037 -0.619527
    outer loop
      vertex -18.3919 -13.956 0
      vertex -19.3404 -13.0065 1.69
      vertex -18.3915 -13.9555 0
    endloop
  endfacet
  facet normal -0.535797 0.571323 -0.621701
    outer loop
      vertex -19.3404 -13.0065 1.69
      vertex -18.3919 -13.956 0
      vertex -19.4192 -13.0804 1.69
    endloop
  endfacet
  facet normal -0.535307 0.571824 -0.621662
    outer loop
      vertex -18.3919 -13.956 0
      vertex -18.5344 -14.0894 0
      vertex -19.4192 -13.0804 1.69
    endloop
  endfacet
  facet normal -0.636705 0.456233 -0.621658
    outer loop
      vertex -18.1258 -13.4434 0.152068
      vertex -18.1586 -13.642 0.0399101
      vertex -19.1981 -12.8443 1.69
    endloop
  endfacet
  facet normal -0.779535 0.0764552 -0.621675
    outer loop
      vertex -17.6625 -12.1984 0.156714
      vertex -18.8607 -11.9477 1.69
      vertex -17.5597 -12.033 0.0481517
    endloop
  endfacet
  facet normal -0.777595 0.0897311 -0.62233
    outer loop
      vertex -18.8607 -11.9477 1.69
      vertex -17.6625 -12.1984 0.156714
      vertex -17.6651 -12.2031 0.159285
    endloop
  endfacet
  facet normal -0.36927 0.690776 -0.621666
    outer loop
      vertex -19.0117 -14.4313 0
      vertex -19.1838 -14.5233 0
      vertex -19.7774 -13.3197 1.69
    endloop
  endfacet
  facet normal -0.24709 0.741271 -0.624071
    outer loop
      vertex -19.3622 -14.6041 0
      vertex -19.7774 -13.3197 1.69
      vertex -19.3616 -14.6039 0
    endloop
  endfacet
  facet normal -0.323028 0.713566 -0.621672
    outer loop
      vertex -19.7774 -13.3197 1.69
      vertex -19.3622 -14.6041 0
      vertex -19.8757 -13.3642 1.69
    endloop
  endfacet
  facet normal -0.122242 0.773764 -0.621568
    outer loop
      vertex -20.2734 -13.5406 1.60559
      vertex -20.2859 -13.5205 1.63307
      vertex -20.2918 -13.4757 1.69
    endloop
  endfacet
  facet normal -0.127684 0.772631 -0.621883
    outer loop
      vertex -20.1853 -13.4581 1.69
      vertex -20.2734 -13.5406 1.60559
      vertex -20.2918 -13.4757 1.69
    endloop
  endfacet
  facet normal -0.130664 0.773752 -0.619867
    outer loop
      vertex -20.1853 -13.4581 1.69
      vertex -20.2709 -13.5446 1.60007
      vertex -20.2734 -13.5406 1.60559
    endloop
  endfacet
  facet normal -0.127725 0.772761 -0.621713
    outer loop
      vertex -20.2709 -13.5446 1.60007
      vertex -20.1853 -13.4581 1.69
      vertex -20.1285 -13.7433 1.32384
    endloop
  endfacet
  facet normal -0.177661 0.762855 -0.621682
    outer loop
      vertex -20.0801 -13.4336 1.69
      vertex -20.0401 -13.8667 1.14712
      vertex -20.1853 -13.4581 1.69
    endloop
  endfacet
  facet normal -0.177788 0.762832 -0.621674
    outer loop
      vertex -20.0401 -13.8667 1.14712
      vertex -20.0801 -13.4336 1.69
      vertex -19.9186 -14.0362 0.904386
    endloop
  endfacet
  facet normal -0.227134 0.749616 -0.62168
    outer loop
      vertex -19.9768 -13.4023 1.69
      vertex -19.9186 -14.0362 0.904386
      vertex -20.0801 -13.4336 1.69
    endloop
  endfacet
  facet normal -0.227716 0.749489 -0.621621
    outer loop
      vertex -19.9186 -14.0362 0.904386
      vertex -19.9768 -13.4023 1.69
      vertex -19.8396 -14.1464 0.742578
    endloop
  endfacet
  facet normal -0.611558 -0.489247 -0.621799
    outer loop
      vertex -18.133 -10.0189 0
      vertex -19.1981 -10.8354 1.69
      vertex -18.1334 -10.0184 0
    endloop
  endfacet
  facet normal -0.636485 -0.456499 -0.621687
    outer loop
      vertex -19.1981 -10.8354 1.69
      vertex -18.133 -10.0189 0
      vertex -19.1352 -10.9231 1.69
    endloop
  endfacet
  facet normal 0.311223 -0.718206 -0.622351
    outer loop
      vertex -21.6522 -9.07552 0
      vertex -21.2369 -10.36 1.69
      vertex -21.6528 -9.07578 0
    endloop
  endfacet
  facet normal 0.323632 -0.713296 -0.621668
    outer loop
      vertex -21.2369 -10.36 1.69
      vertex -21.6522 -9.07552 0
      vertex -21.1386 -10.3154 1.69
    endloop
  endfacet
  facet normal 0.177845 -0.762822 -0.621671
    outer loop
      vertex -21.0909 -8.90525 0
      vertex -20.8291 -10.2215 1.69
      vertex -21.281 -8.94957 0
    endloop
  endfacet
  facet normal 0.128768 -0.772607 -0.621689
    outer loop
      vertex -21.0903 -8.90515 0
      vertex -20.8291 -10.2215 1.69
      vertex -21.0909 -8.90525 0
    endloop
  endfacet
  facet normal 0.127594 -0.772816 -0.621671
    outer loop
      vertex -20.8291 -10.2215 1.69
      vertex -21.0903 -8.90515 0
      vertex -20.7225 -10.2039 1.69
    endloop
  endfacet
  facet normal -0.177661 -0.762857 -0.62168
    outer loop
      vertex -19.9234 -8.90525 0
      vertex -20.0801 -10.246 1.69
      vertex -20.1853 -10.2215 1.69
    endloop
  endfacet
  facet normal -0.190115 -0.760459 -0.620933
    outer loop
      vertex -20.0801 -10.246 1.69
      vertex -19.9234 -8.90525 0
      vertex -19.9228 -8.9054 0
    endloop
  endfacet
  facet normal -0.0223691 -0.782919 -0.621721
    outer loop
      vertex -20.5065 -8.84778 0
      vertex -20.5072 -10.1898 1.69
      vertex -20.5072 -8.84776 0
    endloop
  endfacet
  facet normal -0.0261191 -0.782847 -0.621666
    outer loop
      vertex -20.5072 -10.1898 1.69
      vertex -20.5065 -8.84778 0
      vertex -20.3993 -10.1934 1.69
    endloop
  endfacet
  facet normal 0.0256536 -0.782857 -0.621672
    outer loop
      vertex -20.5072 -8.84776 0
      vertex -20.5072 -10.1898 1.69
      vertex -20.7022 -8.85415 0
    endloop
  endfacet
  facet normal 0.0767867 -0.779508 -0.621668
    outer loop
      vertex -20.7035 -8.85423 0
      vertex -20.7225 -10.2039 1.69
      vertex -20.8977 -8.87336 0
    endloop
  endfacet
  facet normal 0.0779444 -0.779444 -0.621604
    outer loop
      vertex -20.7029 -8.85417 0
      vertex -20.7225 -10.2039 1.69
      vertex -20.7035 -8.85423 0
    endloop
  endfacet
  facet normal 0.0762119 -0.779539 -0.6217
    outer loop
      vertex -20.7225 -10.2039 1.69
      vertex -20.7029 -8.85417 0
      vertex -20.6151 -10.1934 1.69
    endloop
  endfacet
  facet normal -0.573536 -0.533522 -0.621619
    outer loop
      vertex -19.3404 -10.6731 1.69
      vertex -18.3919 -9.72368 0
      vertex -18.3915 -9.72411 0
    endloop
  endfacet
  facet normal -0.535424 -0.571699 -0.621676
    outer loop
      vertex -18.3919 -9.72368 0
      vertex -19.3404 -10.6731 1.69
      vertex -19.4192 -10.5993 1.69
    endloop
  endfacet
  facet normal -0.456125 -0.636761 -0.62168
    outer loop
      vertex -18.8444 -9.35238 0
      vertex -18.6857 -9.46606 0
      vertex -19.5027 -10.5308 1.69
    endloop
  endfacet
  facet normal 0.465853 -0.629532 -0.621828
    outer loop
      vertex -22.3281 -9.46569 0
      vertex -21.5116 -10.5308 1.69
      vertex -22.3286 -9.46606 0
    endloop
  endfacet
  facet normal 0.456498 -0.636484 -0.62169
    outer loop
      vertex -21.5116 -10.5308 1.69
      vertex -22.3281 -9.46569 0
      vertex -21.4239 -10.4679 1.69
    endloop
  endfacet
  facet normal 0.636147 -0.456143 -0.622295
    outer loop
      vertex -21.8162 -10.8354 1.69
      vertex -21.8464 -10.8185 1.64674
      vertex -21.8521 -10.8078 1.63307
    endloop
  endfacet
  facet normal 0.571691 -0.535416 -0.621691
    outer loop
      vertex -22.029 -10.4219 1.14712
      vertex -21.6739 -10.6731 1.69
      vertex -21.7477 -10.7519 1.69
    endloop
  endfacet
  facet normal 0.571305 -0.535873 -0.621651
    outer loop
      vertex -21.6739 -10.6731 1.69
      vertex -22.029 -10.4219 1.14712
      vertex -22.115 -10.232 0.904388
    endloop
  endfacet
  facet normal -0.701116 -0.350558 -0.620923
    outer loop
      vertex -17.7426 -10.6954 0
      vertex -18.9828 -11.2084 1.69
      vertex -17.7429 -10.6948 0
    endloop
  endfacet
  facet normal -0.732841 -0.276448 -0.621708
    outer loop
      vertex -18.9828 -11.2084 1.69
      vertex -17.7426 -10.6954 0
      vertex -18.9447 -11.3094 1.69
    endloop
  endfacet
  facet normal -0.772808 -0.127598 -0.621681
    outer loop
      vertex -17.5725 -11.2567 0
      vertex -17.5407 -11.4493 0
      vertex -18.8713 -11.6244 1.69
    endloop
  endfacet
  facet normal -0.77951 -0.0766665 -0.621681
    outer loop
      vertex -17.5407 -11.4493 0
      vertex -17.5216 -11.6435 0
      vertex -18.8713 -11.6244 1.69
    endloop
  endfacet
  facet normal -0.732874 0.27646 -0.621663
    outer loop
      vertex -17.9137 -12.7202 0.318913
      vertex -18.9828 -12.4712 1.69
      vertex -18.9447 -12.3702 1.69
    endloop
  endfacet
  facet normal -0.732401 0.277937 -0.621562
    outer loop
      vertex -18.9828 -12.4712 1.69
      vertex -17.9137 -12.7202 0.318913
      vertex -17.9211 -12.7397 0.318913
    endloop
  endfacet
  facet normal -0.665138 0.413656 -0.621675
    outer loop
      vertex -18.1216 -13.4181 0.165284
      vertex -19.0782 -12.6648 1.69
      vertex -18.0803 -13.241 0.238937
    endloop
  endfacet
  facet normal -0.678559 0.393604 -0.620188
    outer loop
      vertex -19.0782 -12.6648 1.69
      vertex -18.1216 -13.4181 0.165284
      vertex -18.1219 -13.4203 0.164216
    endloop
  endfacet
  facet normal -0.665227 0.4135 -0.621684
    outer loop
      vertex -18.1219 -13.4203 0.164216
      vertex -19.1352 -12.7565 1.69
      vertex -19.0782 -12.6648 1.69
    endloop
  endfacet
  facet normal -0.664852 0.414091 -0.621692
    outer loop
      vertex -19.1352 -12.7565 1.69
      vertex -18.1219 -13.4203 0.164216
      vertex -18.1239 -13.4323 0.158362
    endloop
  endfacet
  facet normal -0.490368 0.61296 -0.619532
    outer loop
      vertex -19.3404 -13.0065 1.69
      vertex -18.391 -13.9551 0
      vertex -18.3915 -13.9555 0
    endloop
  endfacet
  facet normal -0.57169 0.535416 -0.621691
    outer loop
      vertex -18.391 -13.9551 0
      vertex -19.3404 -13.0065 1.69
      vertex -19.2666 -12.9277 1.69
    endloop
  endfacet
  facet normal -0.772847 0.127369 -0.621679
    outer loop
      vertex -17.6705 -12.2133 0.164821
      vertex -17.7549 -12.3713 0.237373
      vertex -18.8713 -12.0552 1.69
    endloop
  endfacet
  facet normal 0.280343 -0.73133 -0.621743
    outer loop
      vertex -21.6516 -9.07529 0
      vertex -21.1386 -10.3154 1.69
      vertex -21.6522 -9.07552 0
    endloop
  endfacet
  facet normal 0.275584 -0.733199 -0.62167
    outer loop
      vertex -21.1386 -10.3154 1.69
      vertex -21.6516 -9.07529 0
      vertex -21.0375 -10.2774 1.69
    endloop
  endfacet
  facet normal 0.12756 -0.772823 -0.621669
    outer loop
      vertex -20.8977 -8.87336 0
      vertex -20.7225 -10.2039 1.69
      vertex -21.0903 -8.90515 0
    endloop
  endfacet
  facet normal -0.127711 -0.772795 -0.621673
    outer loop
      vertex -19.9241 -8.90515 0
      vertex -20.1853 -10.2215 1.69
      vertex -20.2918 -10.2039 1.69
    endloop
  endfacet
  facet normal -0.110812 -0.775687 -0.621313
    outer loop
      vertex -20.1853 -10.2215 1.69
      vertex -19.9241 -8.90515 0
      vertex -19.9234 -8.90525 0
    endloop
  endfacet
  facet normal -0.127625 -0.772814 -0.621668
    outer loop
      vertex -20.1166 -8.87336 0
      vertex -19.9241 -8.90515 0
      vertex -20.2918 -10.2039 1.69
    endloop
  endfacet
  facet normal -0.456159 -0.636736 -0.62168
    outer loop
      vertex -18.8449 -9.35201 0
      vertex -19.5027 -10.5308 1.69
      vertex -19.5905 -10.4679 1.69
    endloop
  endfacet
  facet normal -0.466259 -0.63008 -0.620969
    outer loop
      vertex -19.5027 -10.5308 1.69
      vertex -18.8449 -9.35201 0
      vertex -18.8444 -9.35238 0
    endloop
  endfacet
  facet normal 0.636448 -0.455682 -0.622325
    outer loop
      vertex -21.8162 -10.8354 1.69
      vertex -21.8283 -10.8523 1.69
      vertex -21.8464 -10.8185 1.64674
    endloop
  endfacet
  facet normal -0.762828 -0.177766 -0.621686
    outer loop
      vertex -17.6169 -11.066 0
      vertex -17.5726 -11.2561 0
      vertex -18.8889 -11.5179 1.69
    endloop
  endfacet
  facet normal -0.743443 -0.247814 -0.621193
    outer loop
      vertex -17.6169 -11.066 0
      vertex -18.9134 -11.4128 1.69
      vertex -17.6171 -11.0654 0
    endloop
  endfacet
  facet normal -0.762812 -0.17782 -0.621689
    outer loop
      vertex -18.9134 -11.4128 1.69
      vertex -17.6169 -11.066 0
      vertex -18.8889 -11.5179 1.69
    endloop
  endfacet
  facet normal -0.783756 0 -0.621069
    outer loop
      vertex -17.5215 -11.6448 0
      vertex -18.8607 -11.7319 1.69
      vertex -17.5215 -11.6441 0
    endloop
  endfacet
  facet normal -0.782866 -0.0253942 -0.621672
    outer loop
      vertex -18.8607 -11.7319 1.69
      vertex -17.5215 -11.6448 0
      vertex -18.8572 -11.8398 1.69
    endloop
  endfacet
  facet normal -0.775544 -0.129257 -0.617919
    outer loop
      vertex -17.5215 -11.6441 0
      vertex -18.8713 -11.6244 1.69
      vertex -17.5216 -11.6435 0
    endloop
  endfacet
  facet normal -0.77949 -0.0768613 -0.621681
    outer loop
      vertex -18.8713 -11.6244 1.69
      vertex -17.5215 -11.6441 0
      vertex -18.8607 -11.7319 1.69
    endloop
  endfacet
  facet normal -0.690882 0.369045 -0.621682
    outer loop
      vertex -18.0621 -13.1632 0.264989
      vertex -19.0273 -12.5696 1.69
      vertex -18.0311 -13.0609 0.291266
    endloop
  endfacet
  facet normal -0.690054 0.370507 -0.621731
    outer loop
      vertex -19.0273 -12.5696 1.69
      vertex -18.0621 -13.1632 0.264989
      vertex -18.0765 -13.2245 0.244441
    endloop
  endfacet
  facet normal -0.763025 0.176915 -0.621687
    outer loop
      vertex -17.7708 -12.4009 0.249635
      vertex -18.8889 -12.1617 1.69
      vertex -17.7627 -12.3857 0.244019
    endloop
  endfacet
  facet normal -0.762857 0.177661 -0.62168
    outer loop
      vertex -18.8889 -12.1617 1.69
      vertex -17.7708 -12.4009 0.249635
      vertex -18.9134 -12.2669 1.69
    endloop
  endfacet
  facet normal -0.772042 0.131171 -0.621888
    outer loop
      vertex -17.7627 -12.3857 0.244019
      vertex -18.8713 -12.0552 1.69
      vertex -17.7549 -12.3713 0.237373
    endloop
  endfacet
  facet normal -0.772795 0.127711 -0.621674
    outer loop
      vertex -18.8713 -12.0552 1.69
      vertex -17.7627 -12.3857 0.244019
      vertex -18.8889 -12.1617 1.69
    endloop
  endfacet
  facet normal 0.849297 -0.527916 0
    outer loop
      vertex 19.0782 -11.0148 2
      vertex 19.1352 -10.9231 1.69
      vertex 19.1352 -10.9231 2
    endloop
  endfacet
  facet normal 0.849297 -0.527916 0
    outer loop
      vertex 19.1352 -10.9231 1.69
      vertex 19.0782 -11.0148 2
      vertex 19.0782 -11.0148 1.69
    endloop
  endfacet
  facet normal -0.471117 -0.882071 0
    outer loop
      vertex 21.2369 -10.36 1.69
      vertex 21.3322 -10.4109 2
      vertex 21.2369 -10.36 2
    endloop
  endfacet
  facet normal -0.471117 -0.882071 -0
    outer loop
      vertex 21.3322 -10.4109 2
      vertex 21.2369 -10.36 1.69
      vertex 21.3322 -10.4109 1.69
    endloop
  endfacet
  facet normal 0.471501 0.881865 -0
    outer loop
      vertex 19.7774 -13.3197 1.69
      vertex 19.6822 -13.2688 2
      vertex 19.7774 -13.3197 2
    endloop
  endfacet
  facet normal 0.471501 0.881865 0
    outer loop
      vertex 19.6822 -13.2688 2
      vertex 19.7774 -13.3197 1.69
      vertex 19.6822 -13.2688 1.69
    endloop
  endfacet
  facet normal 0.22682 -0.973937 0
    outer loop
      vertex 20.0801 -10.246 1.69
      vertex 20.1853 -10.2215 2
      vertex 20.0801 -10.246 2
    endloop
  endfacet
  facet normal 0.22682 -0.973937 0
    outer loop
      vertex 20.1853 -10.2215 2
      vertex 20.0801 -10.246 1.69
      vertex 20.1853 -10.2215 1.69
    endloop
  endfacet
  facet normal -0.162898 -0.986643 0
    outer loop
      vertex 20.7225 -10.2039 1.69
      vertex 20.8291 -10.2215 2
      vertex 20.7225 -10.2039 2
    endloop
  endfacet
  facet normal -0.162898 -0.986643 -0
    outer loop
      vertex 20.8291 -10.2215 2
      vertex 20.7225 -10.2039 1.69
      vertex 20.8291 -10.2215 1.69
    endloop
  endfacet
  facet normal -0.773132 -0.634246 0
    outer loop
      vertex 21.8162 -10.8354 1.69
      vertex 21.7477 -10.7519 2
      vertex 21.7477 -10.7519 1.69
    endloop
  endfacet
  facet normal -0.773132 -0.634246 0
    outer loop
      vertex 21.7477 -10.7519 2
      vertex 21.8162 -10.8354 1.69
      vertex 21.8162 -10.8354 2
    endloop
  endfacet
  facet normal 0.582376 -0.812919 0
    outer loop
      vertex 19.5027 -10.5308 1.69
      vertex 19.5905 -10.4679 2
      vertex 19.5027 -10.5308 2
    endloop
  endfacet
  facet normal 0.582376 -0.812919 0
    outer loop
      vertex 19.5905 -10.4679 2
      vertex 19.5027 -10.5308 1.69
      vertex 19.5905 -10.4679 1.69
    endloop
  endfacet
  facet normal -0.351834 -0.936063 0
    outer loop
      vertex 21.0375 -10.2774 1.69
      vertex 21.1386 -10.3154 2
      vertex 21.0375 -10.2774 2
    endloop
  endfacet
  facet normal -0.351834 -0.936063 -0
    outer loop
      vertex 21.1386 -10.3154 2
      vertex 21.0375 -10.2774 1.69
      vertex 21.1386 -10.3154 1.69
    endloop
  endfacet
  facet normal 0.22682 0.973937 -0
    outer loop
      vertex 20.1853 -13.4581 1.69
      vertex 20.0801 -13.4336 2
      vertex 20.1853 -13.4581 2
    endloop
  endfacet
  facet normal 0.22682 0.973937 0
    outer loop
      vertex 20.0801 -13.4336 2
      vertex 20.1853 -13.4581 1.69
      vertex 20.0801 -13.4336 1.69
    endloop
  endfacet
  facet normal 0.289982 0.957032 -0
    outer loop
      vertex 20.0801 -13.4336 1.69
      vertex 19.9768 -13.4023 2
      vertex 20.0801 -13.4336 2
    endloop
  endfacet
  facet normal 0.289982 0.957032 0
    outer loop
      vertex 19.9768 -13.4023 2
      vertex 20.0801 -13.4336 1.69
      vertex 19.9768 -13.4023 1.69
    endloop
  endfacet
  facet normal -0.634246 -0.773132 0
    outer loop
      vertex 21.5116 -10.5308 1.69
      vertex 21.5951 -10.5993 2
      vertex 21.5116 -10.5308 2
    endloop
  endfacet
  facet normal -0.634246 -0.773132 -0
    outer loop
      vertex 21.5951 -10.5993 2
      vertex 21.5116 -10.5308 1.69
      vertex 21.5951 -10.5993 1.69
    endloop
  endfacet
  facet normal -0.582815 -0.812605 0
    outer loop
      vertex 21.4239 -10.4679 1.69
      vertex 21.5116 -10.5308 2
      vertex 21.4239 -10.4679 2
    endloop
  endfacet
  facet normal -0.582815 -0.812605 -0
    outer loop
      vertex 21.5116 -10.5308 2
      vertex 21.4239 -10.4679 1.69
      vertex 21.5116 -10.5308 1.69
    endloop
  endfacet
  facet normal 0.729884 -0.683571 0
    outer loop
      vertex 19.2666 -10.7519 2
      vertex 19.3404 -10.6731 1.69
      vertex 19.3404 -10.6731 2
    endloop
  endfacet
  facet normal 0.729884 -0.683571 0
    outer loop
      vertex 19.3404 -10.6731 1.69
      vertex 19.2666 -10.7519 2
      vertex 19.2666 -10.7519 1.69
    endloop
  endfacet
  facet normal 0.413175 -0.910652 0
    outer loop
      vertex 19.7774 -10.36 1.69
      vertex 19.8757 -10.3154 2
      vertex 19.7774 -10.36 2
    endloop
  endfacet
  facet normal 0.413175 -0.910652 0
    outer loop
      vertex 19.8757 -10.3154 2
      vertex 19.7774 -10.36 1.69
      vertex 19.8757 -10.3154 1.69
    endloop
  endfacet
  facet normal 0.471501 -0.881865 0
    outer loop
      vertex 19.6822 -10.4109 1.69
      vertex 19.7774 -10.36 2
      vertex 19.6822 -10.4109 2
    endloop
  endfacet
  facet normal 0.471501 -0.881865 0
    outer loop
      vertex 19.7774 -10.36 2
      vertex 19.6822 -10.4109 1.69
      vertex 19.7774 -10.36 1.69
    endloop
  endfacet
  facet normal 0.634246 -0.773132 0
    outer loop
      vertex 19.4192 -10.5993 1.69
      vertex 19.5027 -10.5308 2
      vertex 19.4192 -10.5993 2
    endloop
  endfacet
  facet normal 0.634246 -0.773132 0
    outer loop
      vertex 19.5027 -10.5308 2
      vertex 19.4192 -10.5993 1.69
      vertex 19.5027 -10.5308 1.69
    endloop
  endfacet
  facet normal 0.0333457 -0.999444 0
    outer loop
      vertex 20.3993 -10.1934 1.69
      vertex 20.5072 -10.1898 2
      vertex 20.3993 -10.1934 2
    endloop
  endfacet
  facet normal 0.0333457 -0.999444 0
    outer loop
      vertex 20.5072 -10.1898 2
      vertex 20.3993 -10.1934 1.69
      vertex 20.5072 -10.1898 1.69
    endloop
  endfacet
  facet normal 0.0972118 -0.995264 0
    outer loop
      vertex 20.2918 -10.2039 1.69
      vertex 20.3993 -10.1934 2
      vertex 20.2918 -10.2039 2
    endloop
  endfacet
  facet normal 0.0972118 -0.995264 0
    outer loop
      vertex 20.3993 -10.1934 2
      vertex 20.2918 -10.2039 1.69
      vertex 20.3993 -10.1934 1.69
    endloop
  endfacet
  facet normal -0.413175 -0.910652 0
    outer loop
      vertex 21.1386 -10.3154 1.69
      vertex 21.2369 -10.36 2
      vertex 21.1386 -10.3154 2
    endloop
  endfacet
  facet normal -0.413175 -0.910652 -0
    outer loop
      vertex 21.2369 -10.36 2
      vertex 21.1386 -10.3154 1.69
      vertex 21.2369 -10.36 1.69
    endloop
  endfacet
  facet normal 0.995174 -0.0981288 0
    outer loop
      vertex 18.8607 -11.7319 2
      vertex 18.8713 -11.6244 1.69
      vertex 18.8713 -11.6244 2
    endloop
  endfacet
  facet normal 0.995174 -0.0981288 0
    outer loop
      vertex 18.8713 -11.6244 1.69
      vertex 18.8607 -11.7319 2
      vertex 18.8607 -11.7319 1.69
    endloop
  endfacet
  facet normal 0.995174 0.0981288 0
    outer loop
      vertex 18.8713 -12.0552 2
      vertex 18.8607 -11.9477 1.69
      vertex 18.8607 -11.9477 2
    endloop
  endfacet
  facet normal 0.995174 0.0981288 0
    outer loop
      vertex 18.8607 -11.9477 1.69
      vertex 18.8713 -12.0552 2
      vertex 18.8713 -12.0552 1.69
    endloop
  endfacet
  facet normal -0.683571 -0.729884 0
    outer loop
      vertex 21.5951 -10.5993 1.69
      vertex 21.6739 -10.6731 2
      vertex 21.5951 -10.5993 2
    endloop
  endfacet
  facet normal -0.683571 -0.729884 -0
    outer loop
      vertex 21.6739 -10.6731 2
      vertex 21.5951 -10.5993 1.69
      vertex 21.6739 -10.6731 1.69
    endloop
  endfacet
  facet normal -0.729884 -0.683571 0
    outer loop
      vertex 21.7477 -10.7519 1.69
      vertex 21.6739 -10.6731 2
      vertex 21.6739 -10.6731 1.69
    endloop
  endfacet
  facet normal -0.729884 -0.683571 0
    outer loop
      vertex 21.6739 -10.6731 2
      vertex 21.7477 -10.7519 1.69
      vertex 21.7477 -10.7519 2
    endloop
  endfacet
  facet normal -0.527916 -0.849297 0
    outer loop
      vertex 21.3322 -10.4109 1.69
      vertex 21.4239 -10.4679 2
      vertex 21.3322 -10.4109 2
    endloop
  endfacet
  facet normal -0.527916 -0.849297 -0
    outer loop
      vertex 21.4239 -10.4679 2
      vertex 21.3322 -10.4109 1.69
      vertex 21.4239 -10.4679 1.69
    endloop
  endfacet
  facet normal -0.813083 -0.582148 0
    outer loop
      vertex 21.8283 -10.8523 1.69
      vertex 21.8162 -10.8354 2
      vertex 21.8162 -10.8354 1.69
    endloop
  endfacet
  facet normal -0.813083 -0.582148 0
    outer loop
      vertex 21.8162 -10.8354 2
      vertex 21.8283 -10.8523 1.69
      vertex 21.8283 -10.8523 2
    endloop
  endfacet
  facet normal 0.351834 -0.936063 0
    outer loop
      vertex 19.8757 -10.3154 1.69
      vertex 19.9768 -10.2774 2
      vertex 19.8757 -10.3154 2
    endloop
  endfacet
  facet normal 0.351834 -0.936063 0
    outer loop
      vertex 19.9768 -10.2774 2
      vertex 19.8757 -10.3154 1.69
      vertex 19.9768 -10.2774 1.69
    endloop
  endfacet
  facet normal 0.29083 -0.956775 0
    outer loop
      vertex 19.9768 -10.2774 1.69
      vertex 20.0801 -10.246 2
      vertex 19.9768 -10.2774 2
    endloop
  endfacet
  facet normal 0.29083 -0.956775 0
    outer loop
      vertex 20.0801 -10.246 2
      vertex 19.9768 -10.2774 1.69
      vertex 20.0801 -10.246 1.69
    endloop
  endfacet
  facet normal 0.527916 -0.849297 0
    outer loop
      vertex 19.5905 -10.4679 1.69
      vertex 19.6822 -10.4109 2
      vertex 19.5905 -10.4679 2
    endloop
  endfacet
  facet normal 0.527916 -0.849297 0
    outer loop
      vertex 19.6822 -10.4109 2
      vertex 19.5905 -10.4679 1.69
      vertex 19.6822 -10.4109 1.69
    endloop
  endfacet
  facet normal 0.683571 -0.729884 0
    outer loop
      vertex 19.3404 -10.6731 1.69
      vertex 19.4192 -10.5993 2
      vertex 19.3404 -10.6731 2
    endloop
  endfacet
  facet normal 0.683571 -0.729884 0
    outer loop
      vertex 19.4192 -10.5993 2
      vertex 19.3404 -10.6731 1.69
      vertex 19.4192 -10.5993 1.69
    endloop
  endfacet
  facet normal 0.773132 -0.634246 0
    outer loop
      vertex 19.1981 -10.8354 2
      vertex 19.2666 -10.7519 1.69
      vertex 19.2666 -10.7519 2
    endloop
  endfacet
  facet normal 0.773132 -0.634246 0
    outer loop
      vertex 19.2666 -10.7519 1.69
      vertex 19.1981 -10.8354 2
      vertex 19.1981 -10.8354 1.69
    endloop
  endfacet
  facet normal 0.812605 -0.582815 0
    outer loop
      vertex 19.1352 -10.9231 2
      vertex 19.1981 -10.8354 1.69
      vertex 19.1981 -10.8354 2
    endloop
  endfacet
  facet normal 0.812605 -0.582815 0
    outer loop
      vertex 19.1981 -10.8354 1.69
      vertex 19.1352 -10.9231 2
      vertex 19.1352 -10.9231 1.69
    endloop
  endfacet
  facet normal -0.0333457 -0.999444 0
    outer loop
      vertex 20.5072 -10.1898 1.69
      vertex 20.6151 -10.1934 2
      vertex 20.5072 -10.1898 2
    endloop
  endfacet
  facet normal -0.0333457 -0.999444 -0
    outer loop
      vertex 20.6151 -10.1934 2
      vertex 20.5072 -10.1898 1.69
      vertex 20.6151 -10.1934 1.69
    endloop
  endfacet
  facet normal -0.0973015 -0.995255 0
    outer loop
      vertex 20.6151 -10.1934 1.69
      vertex 20.7225 -10.2039 2
      vertex 20.6151 -10.1934 2
    endloop
  endfacet
  facet normal -0.0973015 -0.995255 -0
    outer loop
      vertex 20.7225 -10.2039 2
      vertex 20.6151 -10.1934 1.69
      vertex 20.7225 -10.2039 1.69
    endloop
  endfacet
  facet normal 0.163047 -0.986618 0
    outer loop
      vertex 20.1853 -10.2215 1.69
      vertex 20.2918 -10.2039 2
      vertex 20.1853 -10.2215 2
    endloop
  endfacet
  facet normal 0.163047 -0.986618 0
    outer loop
      vertex 20.2918 -10.2039 2
      vertex 20.1853 -10.2215 1.69
      vertex 20.2918 -10.2039 1.69
    endloop
  endfacet
  facet normal -0.29083 -0.956775 0
    outer loop
      vertex 20.9342 -10.246 1.69
      vertex 21.0375 -10.2774 2
      vertex 20.9342 -10.246 2
    endloop
  endfacet
  facet normal -0.29083 -0.956775 -0
    outer loop
      vertex 21.0375 -10.2774 2
      vertex 20.9342 -10.246 1.69
      vertex 21.0375 -10.2774 1.69
    endloop
  endfacet
  facet normal -0.227025 -0.973889 0
    outer loop
      vertex 20.8291 -10.2215 1.69
      vertex 20.9342 -10.246 2
      vertex 20.8291 -10.2215 2
    endloop
  endfacet
  facet normal -0.227025 -0.973889 -0
    outer loop
      vertex 20.9342 -10.246 2
      vertex 20.8291 -10.2215 1.69
      vertex 20.9342 -10.246 1.69
    endloop
  endfacet
  facet normal 0.986618 0.163047 0
    outer loop
      vertex 18.8889 -12.1617 2
      vertex 18.8713 -12.0552 1.69
      vertex 18.8713 -12.0552 2
    endloop
  endfacet
  facet normal 0.986618 0.163047 0
    outer loop
      vertex 18.8713 -12.0552 1.69
      vertex 18.8889 -12.1617 2
      vertex 18.8889 -12.1617 1.69
    endloop
  endfacet
  facet normal 0.95711 -0.289725 0
    outer loop
      vertex 18.9134 -11.4128 2
      vertex 18.9447 -11.3094 1.69
      vertex 18.9447 -11.3094 2
    endloop
  endfacet
  facet normal 0.95711 -0.289725 0
    outer loop
      vertex 18.9447 -11.3094 1.69
      vertex 18.9134 -11.4128 2
      vertex 18.9134 -11.4128 1.69
    endloop
  endfacet
  facet normal 0.986618 -0.163047 0
    outer loop
      vertex 18.8713 -11.6244 2
      vertex 18.8889 -11.5179 1.69
      vertex 18.8889 -11.5179 2
    endloop
  endfacet
  facet normal 0.986618 -0.163047 0
    outer loop
      vertex 18.8889 -11.5179 1.69
      vertex 18.8713 -11.6244 2
      vertex 18.8713 -11.6244 1.69
    endloop
  endfacet
  facet normal 0.412406 0.911 -0
    outer loop
      vertex 19.8757 -13.3642 1.69
      vertex 19.7774 -13.3197 2
      vertex 19.8757 -13.3642 2
    endloop
  endfacet
  facet normal 0.412406 0.911 0
    outer loop
      vertex 19.7774 -13.3197 2
      vertex 19.8757 -13.3642 1.69
      vertex 19.7774 -13.3197 1.69
    endloop
  endfacet
  facet normal 0.0961705 0.995365 -0
    outer loop
      vertex 20.3125 -13.4777 1.69
      vertex 20.2918 -13.4757 2
      vertex 20.3125 -13.4777 2
    endloop
  endfacet
  facet normal 0.0961705 0.995365 0
    outer loop
      vertex 20.2918 -13.4757 2
      vertex 20.3125 -13.4777 1.69
      vertex 20.2918 -13.4757 1.69
    endloop
  endfacet
  facet normal 0.163047 0.986618 -0
    outer loop
      vertex 20.2918 -13.4757 1.69
      vertex 20.1853 -13.4581 2
      vertex 20.2918 -13.4757 2
    endloop
  endfacet
  facet normal 0.163047 0.986618 0
    outer loop
      vertex 20.1853 -13.4581 2
      vertex 20.2918 -13.4757 1.69
      vertex 20.1853 -13.4581 1.69
    endloop
  endfacet
  facet normal 0.772759 0.6347 0
    outer loop
      vertex 19.2666 -12.9277 2
      vertex 19.1981 -12.8443 1.69
      vertex 19.1981 -12.8443 2
    endloop
  endfacet
  facet normal 0.772759 0.6347 0
    outer loop
      vertex 19.1981 -12.8443 1.69
      vertex 19.2666 -12.9277 2
      vertex 19.2666 -12.9277 1.69
    endloop
  endfacet
  facet normal 0.999474 0.0324204 0
    outer loop
      vertex 18.8607 -11.9477 2
      vertex 18.8572 -11.8398 1.69
      vertex 18.8572 -11.8398 2
    endloop
  endfacet
  facet normal 0.999474 0.0324204 0
    outer loop
      vertex 18.8572 -11.8398 1.69
      vertex 18.8607 -11.9477 2
      vertex 18.8607 -11.9477 1.69
    endloop
  endfacet
  facet normal 0.973937 0.22682 0
    outer loop
      vertex 18.9134 -12.2669 2
      vertex 18.8889 -12.1617 1.69
      vertex 18.8889 -12.1617 2
    endloop
  endfacet
  facet normal 0.973937 0.22682 0
    outer loop
      vertex 18.8889 -12.1617 1.69
      vertex 18.9134 -12.2669 2
      vertex 18.9134 -12.2669 1.69
    endloop
  endfacet
  facet normal 0.911158 -0.412058 0
    outer loop
      vertex 18.9828 -11.2084 2
      vertex 19.0273 -11.11 1.69
      vertex 19.0273 -11.11 2
    endloop
  endfacet
  facet normal 0.911158 -0.412058 0
    outer loop
      vertex 19.0273 -11.11 1.69
      vertex 18.9828 -11.2084 2
      vertex 18.9828 -11.2084 1.69
    endloop
  endfacet
  facet normal 0.881865 -0.471501 0
    outer loop
      vertex 19.0273 -11.11 2
      vertex 19.0782 -11.0148 1.69
      vertex 19.0782 -11.0148 2
    endloop
  endfacet
  facet normal 0.881865 -0.471501 0
    outer loop
      vertex 19.0782 -11.0148 1.69
      vertex 19.0273 -11.11 2
      vertex 19.0273 -11.11 1.69
    endloop
  endfacet
  facet normal 0.935642 -0.35295 0
    outer loop
      vertex 18.9447 -11.3094 2
      vertex 18.9828 -11.2084 1.69
      vertex 18.9828 -11.2084 2
    endloop
  endfacet
  facet normal 0.935642 -0.35295 0
    outer loop
      vertex 18.9828 -11.2084 1.69
      vertex 18.9447 -11.3094 2
      vertex 18.9447 -11.3094 1.69
    endloop
  endfacet
  facet normal 0.352644 0.935757 -0
    outer loop
      vertex 19.9768 -13.4023 1.69
      vertex 19.8757 -13.3642 2
      vertex 19.9768 -13.4023 2
    endloop
  endfacet
  facet normal 0.352644 0.935757 0
    outer loop
      vertex 19.8757 -13.3642 2
      vertex 19.9768 -13.4023 1.69
      vertex 19.8757 -13.3642 1.69
    endloop
  endfacet
  facet normal 0.528584 0.848881 -0
    outer loop
      vertex 19.6822 -13.2688 1.69
      vertex 19.5905 -13.2117 2
      vertex 19.6822 -13.2688 2
    endloop
  endfacet
  facet normal 0.528584 0.848881 0
    outer loop
      vertex 19.5905 -13.2117 2
      vertex 19.6822 -13.2688 1.69
      vertex 19.5905 -13.2117 1.69
    endloop
  endfacet
  facet normal 0.881865 0.471501 0
    outer loop
      vertex 19.0782 -12.6648 2
      vertex 19.0273 -12.5696 1.69
      vertex 19.0273 -12.5696 2
    endloop
  endfacet
  facet normal 0.881865 0.471501 0
    outer loop
      vertex 19.0273 -12.5696 1.69
      vertex 19.0782 -12.6648 2
      vertex 19.0782 -12.6648 1.69
    endloop
  endfacet
  facet normal 0.634246 0.773132 -0
    outer loop
      vertex 19.5027 -13.1489 1.69
      vertex 19.4192 -13.0804 2
      vertex 19.5027 -13.1489 2
    endloop
  endfacet
  facet normal 0.634246 0.773132 0
    outer loop
      vertex 19.4192 -13.0804 2
      vertex 19.5027 -13.1489 1.69
      vertex 19.4192 -13.0804 1.69
    endloop
  endfacet
  facet normal 0.581764 0.813358 -0
    outer loop
      vertex 19.5905 -13.2117 1.69
      vertex 19.5027 -13.1489 2
      vertex 19.5905 -13.2117 2
    endloop
  endfacet
  facet normal 0.581764 0.813358 0
    outer loop
      vertex 19.5027 -13.1489 2
      vertex 19.5905 -13.2117 1.69
      vertex 19.5027 -13.1489 1.69
    endloop
  endfacet
  facet normal 0.999474 -0.0324204 0
    outer loop
      vertex 18.8572 -11.8398 2
      vertex 18.8607 -11.7319 1.69
      vertex 18.8607 -11.7319 2
    endloop
  endfacet
  facet normal 0.999474 -0.0324204 0
    outer loop
      vertex 18.8607 -11.7319 1.69
      vertex 18.8572 -11.8398 2
      vertex 18.8572 -11.8398 1.69
    endloop
  endfacet
  facet normal 0.973889 -0.227025 0
    outer loop
      vertex 18.8889 -11.5179 2
      vertex 18.9134 -11.4128 1.69
      vertex 18.9134 -11.4128 2
    endloop
  endfacet
  facet normal 0.973889 -0.227025 0
    outer loop
      vertex 18.9134 -11.4128 1.69
      vertex 18.8889 -11.5179 2
      vertex 18.8889 -11.5179 1.69
    endloop
  endfacet
  facet normal 0.849297 0.527916 0
    outer loop
      vertex 19.1352 -12.7565 2
      vertex 19.0782 -12.6648 1.69
      vertex 19.0782 -12.6648 2
    endloop
  endfacet
  facet normal 0.849297 0.527916 0
    outer loop
      vertex 19.0782 -12.6648 1.69
      vertex 19.1352 -12.7565 2
      vertex 19.1352 -12.7565 1.69
    endloop
  endfacet
  facet normal 0.729884 0.683571 0
    outer loop
      vertex 19.3404 -13.0065 2
      vertex 19.2666 -12.9277 1.69
      vertex 19.2666 -12.9277 2
    endloop
  endfacet
  facet normal 0.729884 0.683571 0
    outer loop
      vertex 19.2666 -12.9277 1.69
      vertex 19.3404 -13.0065 2
      vertex 19.3404 -13.0065 1.69
    endloop
  endfacet
  facet normal 0.935642 0.35295 0
    outer loop
      vertex 18.9828 -12.4712 2
      vertex 18.9447 -12.3702 1.69
      vertex 18.9447 -12.3702 2
    endloop
  endfacet
  facet normal 0.935642 0.35295 0
    outer loop
      vertex 18.9447 -12.3702 1.69
      vertex 18.9828 -12.4712 2
      vertex 18.9828 -12.4712 1.69
    endloop
  endfacet
  facet normal 0.957032 0.289982 0
    outer loop
      vertex 18.9447 -12.3702 2
      vertex 18.9134 -12.2669 1.69
      vertex 18.9134 -12.2669 2
    endloop
  endfacet
  facet normal 0.957032 0.289982 0
    outer loop
      vertex 18.9134 -12.2669 1.69
      vertex 18.9447 -12.3702 2
      vertex 18.9447 -12.3702 1.69
    endloop
  endfacet
  facet normal 0.684064 0.729422 -0
    outer loop
      vertex 19.4192 -13.0804 1.69
      vertex 19.3404 -13.0065 2
      vertex 19.4192 -13.0804 2
    endloop
  endfacet
  facet normal 0.684064 0.729422 0
    outer loop
      vertex 19.3404 -13.0065 2
      vertex 19.4192 -13.0804 1.69
      vertex 19.3404 -13.0065 1.69
    endloop
  endfacet
  facet normal 0.911158 0.412058 0
    outer loop
      vertex 19.0273 -12.5696 2
      vertex 18.9828 -12.4712 1.69
      vertex 18.9828 -12.4712 2
    endloop
  endfacet
  facet normal 0.911158 0.412058 0
    outer loop
      vertex 18.9828 -12.4712 1.69
      vertex 19.0273 -12.5696 2
      vertex 19.0273 -12.5696 1.69
    endloop
  endfacet
  facet normal 0.812919 0.582376 0
    outer loop
      vertex 19.1981 -12.8443 2
      vertex 19.1352 -12.7565 1.69
      vertex 19.1352 -12.7565 2
    endloop
  endfacet
  facet normal 0.812919 0.582376 0
    outer loop
      vertex 19.1352 -12.7565 1.69
      vertex 19.1981 -12.8443 2
      vertex 19.1981 -12.8443 1.69
    endloop
  endfacet
  facet normal 0.733165 -0.275689 -0.621663
    outer loop
      vertex 17.7426 -10.6954 0
      vertex 18.9447 -11.3094 1.69
      vertex 17.6739 -10.8781 0
    endloop
  endfacet
  facet normal 0.763145 0.176119 -0.621765
    outer loop
      vertex 18.9134 -12.2669 1.69
      vertex 17.7859 -12.4293 0.260124
      vertex 17.7708 -12.4009 0.249635
    endloop
  endfacet
  facet normal 0.762714 0.178295 -0.621673
    outer loop
      vertex 17.7859 -12.4293 0.260124
      vertex 18.9134 -12.2669 1.69
      vertex 17.8424 -12.5538 0.293736
    endloop
  endfacet
  facet normal 0.497011 0.605406 -0.621662
    outer loop
      vertex 19.4192 -13.0804 1.69
      vertex 18.6852 -14.2132 0
      vertex 18.5344 -14.0894 0
    endloop
  endfacet
  facet normal 0.749483 -0.227615 -0.621665
    outer loop
      vertex 17.6739 -10.8781 0
      vertex 18.9447 -11.3094 1.69
      vertex 17.6172 -11.0648 0
    endloop
  endfacet
  facet normal 0.762857 0.177661 -0.62168
    outer loop
      vertex 17.7708 -12.4009 0.249635
      vertex 18.8889 -12.1617 1.69
      vertex 18.9134 -12.2669 1.69
    endloop
  endfacet
  facet normal 0.763025 0.176915 -0.621687
    outer loop
      vertex 18.8889 -12.1617 1.69
      vertex 17.7708 -12.4009 0.249635
      vertex 17.7627 -12.3857 0.244019
    endloop
  endfacet
  facet normal 0.275852 0.733104 -0.621662
    outer loop
      vertex 19.3627 -14.6043 0
      vertex 19.6202 -14.4526 0.293156
      vertex 19.4799 -14.6484 0
    endloop
  endfacet
  facet normal 0.275838 0.733116 -0.621655
    outer loop
      vertex 19.6202 -14.4526 0.293156
      vertex 19.3627 -14.6043 0
      vertex 19.9768 -13.4023 1.69
    endloop
  endfacet
  facet normal 0.227209 0.749619 -0.621649
    outer loop
      vertex 19.9768 -13.4023 1.69
      vertex 19.8396 -14.1464 0.742578
      vertex 19.6202 -14.4526 0.293156
    endloop
  endfacet
  facet normal 0.698923 -0.349461 -0.624006
    outer loop
      vertex 19.1352 -10.9231 1.69
      vertex 17.916 -10.3438 0
      vertex 17.9163 -10.3432 0
    endloop
  endfacet
  facet normal 0.665242 -0.413509 -0.621662
    outer loop
      vertex 17.916 -10.3438 0
      vertex 19.1352 -10.9231 1.69
      vertex 19.0782 -11.0148 1.69
    endloop
  endfacet
  facet normal 0.127625 -0.772814 -0.621668
    outer loop
      vertex 20.1166 -8.87336 0
      vertex 20.2918 -10.2039 1.69
      vertex 19.9241 -8.90515 0
    endloop
  endfacet
  facet normal 0.350456 -0.700912 -0.621211
    outer loop
      vertex 19.0117 -9.24832 0
      vertex 19.6822 -10.4109 1.69
      vertex 19.0111 -9.24862 0
    endloop
  endfacet
  facet normal 0.36931 -0.690733 -0.621689
    outer loop
      vertex 19.6822 -10.4109 1.69
      vertex 19.0117 -9.24832 0
      vertex 19.7774 -10.36 1.69
    endloop
  endfacet
  facet normal -0.636147 -0.456143 -0.622295
    outer loop
      vertex 21.8521 -10.8078 1.63307
      vertex 21.8464 -10.8185 1.64674
      vertex 21.8162 -10.8354 1.69
    endloop
  endfacet
  facet normal 0.701116 -0.350558 -0.620923
    outer loop
      vertex 18.9828 -11.2084 1.69
      vertex 17.7426 -10.6954 0
      vertex 17.7429 -10.6948 0
    endloop
  endfacet
  facet normal 0.732841 -0.276448 -0.621708
    outer loop
      vertex 17.7426 -10.6954 0
      vertex 18.9828 -11.2084 1.69
      vertex 18.9447 -11.3094 1.69
    endloop
  endfacet
  facet normal 0.713128 0.324111 -0.621611
    outer loop
      vertex 19.0273 -12.5696 1.69
      vertex 17.9862 -12.9127 0.316731
      vertex 17.9842 -12.9074 0.3172
    endloop
  endfacet
  facet normal 0.713572 0.323012 -0.621674
    outer loop
      vertex 17.9862 -12.9127 0.316731
      vertex 19.0273 -12.5696 1.69
      vertex 18.0311 -13.0609 0.291266
    endloop
  endfacet
  facet normal 0.41403 0.664913 -0.621667
    outer loop
      vertex 19.0111 -14.431 0
      vertex 19.5905 -13.2117 1.69
      vertex 19.6822 -13.2688 1.69
    endloop
  endfacet
  facet normal 0.402724 0.671206 -0.622331
    outer loop
      vertex 19.5905 -13.2117 1.69
      vertex 19.0111 -14.431 0
      vertex 19.0106 -14.4307 0
    endloop
  endfacet
  facet normal 0.782843 -0.0256933 -0.621689
    outer loop
      vertex 17.5215 -11.6448 0
      vertex 18.8572 -11.8398 1.69
      vertex 17.5151 -11.8398 0
    endloop
  endfacet
  facet normal 0.276217 0.732954 -0.621678
    outer loop
      vertex 19.3627 -14.6043 0
      vertex 19.8757 -13.3642 1.69
      vertex 19.9768 -13.4023 1.69
    endloop
  endfacet
  facet normal 0.290851 0.727128 -0.621845
    outer loop
      vertex 19.8757 -13.3642 1.69
      vertex 19.3627 -14.6043 0
      vertex 19.3622 -14.6041 0
    endloop
  endfacet
  facet normal 0.496795 -0.605583 -0.621662
    outer loop
      vertex 19.4192 -10.5993 1.69
      vertex 18.5349 -9.58987 0
      vertex 19.5027 -10.5308 1.69
    endloop
  endfacet
  facet normal 0.489404 -0.611755 -0.621482
    outer loop
      vertex 18.5349 -9.58987 0
      vertex 19.4192 -10.5993 1.69
      vertex 18.5344 -9.59027 0
    endloop
  endfacet
  facet normal 0.665059 -0.413806 -0.62166
    outer loop
      vertex 18.0194 -10.1775 0
      vertex 19.1352 -10.9231 1.69
      vertex 17.9163 -10.3432 0
    endloop
  endfacet
  facet normal -0.275824 -0.733096 -0.621684
    outer loop
      vertex 21.4689 -9.00655 0
      vertex 21.6516 -9.07529 0
      vertex 21.0375 -10.2774 1.69
    endloop
  endfacet
  facet normal 0.190115 -0.760459 -0.620933
    outer loop
      vertex 19.9234 -8.90525 0
      vertex 20.0801 -10.246 1.69
      vertex 19.9228 -8.9054 0
    endloop
  endfacet
  facet normal 0.177661 -0.762857 -0.62168
    outer loop
      vertex 20.0801 -10.246 1.69
      vertex 19.9234 -8.90525 0
      vertex 20.1853 -10.2215 1.69
    endloop
  endfacet
  facet normal 0.369262 -0.690761 -0.621686
    outer loop
      vertex 19.1838 -9.15632 0
      vertex 19.7774 -10.36 1.69
      vertex 19.0117 -9.24832 0
    endloop
  endfacet
  facet normal -0.413501 -0.665229 -0.621681
    outer loop
      vertex 22.0032 -9.24862 0
      vertex 21.4239 -10.4679 1.69
      vertex 21.3322 -10.4109 1.69
    endloop
  endfacet
  facet normal -0.432034 -0.654597 -0.620363
    outer loop
      vertex 21.4239 -10.4679 1.69
      vertex 22.0032 -9.24862 0
      vertex 22.0037 -9.24895 0
    endloop
  endfacet
  facet normal -0.496866 -0.605522 -0.621665
    outer loop
      vertex 22.3265 -9.7653 0.293158
      vertex 22.3291 -9.46646 0
      vertex 22.4259 -9.54589 0
    endloop
  endfacet
  facet normal -0.496819 -0.605541 -0.621684
    outer loop
      vertex 22.3291 -9.46646 0
      vertex 22.3265 -9.7653 0.293158
      vertex 21.5951 -10.5993 1.69
    endloop
  endfacet
  facet normal 0.671561 -0.402937 -0.62181
    outer loop
      vertex 19.0782 -11.0148 1.69
      vertex 17.9157 -10.3443 0
      vertex 17.916 -10.3438 0
    endloop
  endfacet
  facet normal 0.690747 -0.369318 -0.621669
    outer loop
      vertex 17.9157 -10.3443 0
      vertex 19.0782 -11.0148 1.69
      vertex 19.0273 -11.11 1.69
    endloop
  endfacet
  facet normal 0.535307 0.571824 -0.621662
    outer loop
      vertex 19.4192 -13.0804 1.69
      vertex 18.5344 -14.0894 0
      vertex 18.3919 -13.956 0
    endloop
  endfacet
  facet normal 0.772808 -0.127598 -0.621681
    outer loop
      vertex 17.5725 -11.2567 0
      vertex 18.8713 -11.6244 1.69
      vertex 17.5407 -11.4493 0
    endloop
  endfacet
  facet normal 0.770767 -0.128461 -0.624032
    outer loop
      vertex 18.9447 -11.3094 1.69
      vertex 17.6171 -11.0654 0
      vertex 17.6172 -11.0648 0
    endloop
  endfacet
  facet normal 0.749676 -0.226933 -0.621681
    outer loop
      vertex 17.6171 -11.0654 0
      vertex 18.9447 -11.3094 1.69
      vertex 18.9134 -11.4128 1.69
    endloop
  endfacet
  facet normal 0.772847 0.127369 -0.621679
    outer loop
      vertex 18.8713 -12.0552 1.69
      vertex 17.7549 -12.3713 0.237373
      vertex 17.6705 -12.2133 0.164821
    endloop
  endfacet
  facet normal 0.779494 0.0768617 -0.621677
    outer loop
      vertex 17.6705 -12.2133 0.164821
      vertex 18.8607 -11.9477 1.69
      vertex 18.8713 -12.0552 1.69
    endloop
  endfacet
  facet normal 0.779704 0.0754198 -0.621589
    outer loop
      vertex 18.8607 -11.9477 1.69
      vertex 17.6705 -12.2133 0.164821
      vertex 17.6651 -12.2031 0.159285
    endloop
  endfacet
  facet normal 0.782849 0.0258724 -0.621673
    outer loop
      vertex 17.5597 -12.033 0.0481517
      vertex 17.5151 -11.8405 0
      vertex 18.8607 -11.9477 1.69
    endloop
  endfacet
  facet normal 0.781678 0.0255093 -0.62316
    outer loop
      vertex 17.5151 -11.8405 0
      vertex 17.5243 -11.9762 0.00598534
      vertex 17.5193 -11.9692 0
    endloop
  endfacet
  facet normal 0.782339 0.0255909 -0.622327
    outer loop
      vertex 17.5151 -11.8405 0
      vertex 17.5597 -12.033 0.0481517
      vertex 17.5243 -11.9762 0.00598534
    endloop
  endfacet
  facet normal 0.369318 0.690747 -0.621669
    outer loop
      vertex 19.0117 -14.4313 0
      vertex 19.6822 -13.2688 1.69
      vertex 19.7774 -13.3197 1.69
    endloop
  endfacet
  facet normal 0.350463 0.700926 -0.621191
    outer loop
      vertex 19.6822 -13.2688 1.69
      vertex 19.0117 -14.4313 0
      vertex 19.0111 -14.431 0
    endloop
  endfacet
  facet normal 0.122242 0.773764 -0.621568
    outer loop
      vertex 20.2918 -13.4757 1.69
      vertex 20.2859 -13.5205 1.63307
      vertex 20.2734 -13.5406 1.60559
    endloop
  endfacet
  facet normal 0.227134 0.749616 -0.62168
    outer loop
      vertex 19.9186 -14.0362 0.904386
      vertex 19.9768 -13.4023 1.69
      vertex 20.0801 -13.4336 1.69
    endloop
  endfacet
  facet normal 0.227716 0.749489 -0.621621
    outer loop
      vertex 19.9768 -13.4023 1.69
      vertex 19.9186 -14.0362 0.904386
      vertex 19.8396 -14.1464 0.742578
    endloop
  endfacet
  facet normal 0.636789 -0.456111 -0.62166
    outer loop
      vertex 18.133 -10.0189 0
      vertex 19.1352 -10.9231 1.69
      vertex 18.0194 -10.1775 0
    endloop
  endfacet
  facet normal 0.605528 -0.496848 -0.621674
    outer loop
      vertex 18.2576 -9.86702 0
      vertex 19.2666 -10.7519 1.69
      vertex 18.1338 -10.0179 0
    endloop
  endfacet
  facet normal 0.571704 -0.53542 -0.621675
    outer loop
      vertex 18.391 -9.72458 0
      vertex 19.2666 -10.7519 1.69
      vertex 18.2576 -9.86702 0
    endloop
  endfacet
  facet normal 0.571699 -0.535424 -0.621676
    outer loop
      vertex 18.391 -9.72458 0
      vertex 19.3404 -10.6731 1.69
      vertex 19.2666 -10.7519 1.69
    endloop
  endfacet
  facet normal 0.536467 -0.570709 -0.621687
    outer loop
      vertex 19.3404 -10.6731 1.69
      vertex 18.391 -9.72458 0
      vertex 18.3915 -9.72411 0
    endloop
  endfacet
  facet normal 0.076785 -0.77949 -0.621691
    outer loop
      vertex 20.3115 -8.85417 0
      vertex 20.3993 -10.1934 1.69
      vertex 20.1173 -8.8733 0
    endloop
  endfacet
  facet normal -0.323632 -0.713296 -0.621668
    outer loop
      vertex 21.6522 -9.07552 0
      vertex 21.2369 -10.36 1.69
      vertex 21.1386 -10.3154 1.69
    endloop
  endfacet
  facet normal -0.311223 -0.718206 -0.622351
    outer loop
      vertex 21.2369 -10.36 1.69
      vertex 21.6522 -9.07552 0
      vertex 21.6528 -9.07578 0
    endloop
  endfacet
  facet normal -0.12756 -0.772823 -0.621669
    outer loop
      vertex 20.8977 -8.87336 0
      vertex 21.0903 -8.90515 0
      vertex 20.7225 -10.2039 1.69
    endloop
  endfacet
  facet normal 0.311226 -0.718215 -0.622339
    outer loop
      vertex 19.3622 -9.07552 0
      vertex 19.7774 -10.36 1.69
      vertex 19.3616 -9.07578 0
    endloop
  endfacet
  facet normal 0.323636 -0.713305 -0.621656
    outer loop
      vertex 19.7774 -10.36 1.69
      vertex 19.3622 -9.07552 0
      vertex 19.8757 -10.3154 1.69
    endloop
  endfacet
  facet normal -0.369016 -0.690907 -0.621671
    outer loop
      vertex 22.0026 -9.24832 0
      vertex 21.3322 -10.4109 1.69
      vertex 21.2369 -10.36 1.69
    endloop
  endfacet
  facet normal -0.35046 -0.700921 -0.621198
    outer loop
      vertex 21.3322 -10.4109 1.69
      vertex 22.0026 -9.24832 0
      vertex 22.0032 -9.24862 0
    endloop
  endfacet
  facet normal -0.53546 -0.571656 -0.621685
    outer loop
      vertex 22.3265 -9.7653 0.293158
      vertex 22.171 -10.1084 0.74258
      vertex 21.5951 -10.5993 1.69
    endloop
  endfacet
  facet normal -0.456316 -0.636627 -0.621677
    outer loop
      vertex 22.1695 -9.35201 0
      vertex 22.3281 -9.46569 0
      vertex 21.4239 -10.4679 1.69
    endloop
  endfacet
  facet normal -0.496783 -0.605568 -0.621687
    outer loop
      vertex 21.5116 -10.5308 1.69
      vertex 22.3291 -9.46646 0
      vertex 21.5951 -10.5993 1.69
    endloop
  endfacet
  facet normal -0.489242 -0.611553 -0.621808
    outer loop
      vertex 22.3291 -9.46646 0
      vertex 21.5116 -10.5308 1.69
      vertex 22.3286 -9.46606 0
    endloop
  endfacet
  facet normal -0.636448 -0.455682 -0.622325
    outer loop
      vertex 21.8464 -10.8185 1.64674
      vertex 21.8283 -10.8523 1.69
      vertex 21.8162 -10.8354 1.69
    endloop
  endfacet
  facet normal -0.572159 -0.534957 -0.621655
    outer loop
      vertex 22.029 -10.4219 1.14712
      vertex 21.9663 -10.5602 1.32384
      vertex 21.7477 -10.7519 1.69
    endloop
  endfacet
  facet normal 0.690872 -0.369107 -0.621656
    outer loop
      vertex 17.9157 -10.3443 0
      vertex 19.0273 -11.11 1.69
      vertex 17.8237 -10.5165 0
    endloop
  endfacet
  facet normal 0.71334 -0.323552 -0.621659
    outer loop
      vertex 17.8237 -10.5165 0
      vertex 19.0273 -11.11 1.69
      vertex 17.7431 -10.6942 0
    endloop
  endfacet
  facet normal 0.456177 0.636721 -0.621682
    outer loop
      vertex 19.5905 -13.2117 1.69
      vertex 18.8449 -14.3276 0
      vertex 18.6862 -14.2139 0
    endloop
  endfacet
  facet normal 0.413795 0.665043 -0.621685
    outer loop
      vertex 19.5905 -13.2117 1.69
      vertex 19.0106 -14.4307 0
      vertex 18.8449 -14.3276 0
    endloop
  endfacet
  facet normal 0.490368 0.61296 -0.619532
    outer loop
      vertex 18.391 -13.9551 0
      vertex 19.3404 -13.0065 1.69
      vertex 18.3915 -13.9555 0
    endloop
  endfacet
  facet normal 0.57169 0.535416 -0.621691
    outer loop
      vertex 19.3404 -13.0065 1.69
      vertex 18.391 -13.9551 0
      vertex 19.2666 -12.9277 1.69
    endloop
  endfacet
  facet normal 0.535797 0.571323 -0.621701
    outer loop
      vertex 18.3919 -13.956 0
      vertex 19.3404 -13.0065 1.69
      vertex 19.4192 -13.0804 1.69
    endloop
  endfacet
  facet normal 0.612963 0.49037 -0.619527
    outer loop
      vertex 19.3404 -13.0065 1.69
      vertex 18.3919 -13.956 0
      vertex 18.3915 -13.9555 0
    endloop
  endfacet
  facet normal 0.713658 0.322742 -0.621715
    outer loop
      vertex 19.0273 -12.5696 1.69
      vertex 17.9768 -12.8879 0.318912
      vertex 18.9828 -12.4712 1.69
    endloop
  endfacet
  facet normal 0.71275 0.325049 -0.621555
    outer loop
      vertex 17.9768 -12.8879 0.318912
      vertex 19.0273 -12.5696 1.69
      vertex 17.9842 -12.9074 0.3172
    endloop
  endfacet
  facet normal 0.690882 0.369045 -0.621682
    outer loop
      vertex 19.0273 -12.5696 1.69
      vertex 18.0621 -13.1632 0.264989
      vertex 18.0311 -13.0609 0.291266
    endloop
  endfacet
  facet normal 0.690054 0.370507 -0.621731
    outer loop
      vertex 18.0621 -13.1632 0.264989
      vertex 19.0273 -12.5696 1.69
      vertex 18.0765 -13.2245 0.244441
    endloop
  endfacet
  facet normal 0.749557 0.227371 -0.621665
    outer loop
      vertex 18.9134 -12.2669 1.69
      vertex 17.894 -12.6677 0.314293
      vertex 17.8424 -12.5538 0.293736
    endloop
  endfacet
  facet normal 0.749701 0.226944 -0.621647
    outer loop
      vertex 17.894 -12.6677 0.314293
      vertex 18.9134 -12.2669 1.69
      vertex 17.9064 -12.7007 0.3172
    endloop
  endfacet
  facet normal 0.665227 0.4135 -0.621684
    outer loop
      vertex 19.1352 -12.7565 1.69
      vertex 18.1219 -13.4203 0.164216
      vertex 19.0782 -12.6648 1.69
    endloop
  endfacet
  facet normal 0.664852 0.414091 -0.621692
    outer loop
      vertex 18.1219 -13.4203 0.164216
      vertex 19.1352 -12.7565 1.69
      vertex 18.1239 -13.4323 0.158362
    endloop
  endfacet
  facet normal 0.762828 -0.177766 -0.621686
    outer loop
      vertex 17.6169 -11.066 0
      vertex 18.8889 -11.5179 1.69
      vertex 17.5726 -11.2561 0
    endloop
  endfacet
  facet normal 0.772596 -0.128766 -0.621703
    outer loop
      vertex 18.8889 -11.5179 1.69
      vertex 17.5725 -11.2567 0
      vertex 17.5726 -11.2561 0
    endloop
  endfacet
  facet normal 0.772784 -0.127709 -0.621687
    outer loop
      vertex 17.5725 -11.2567 0
      vertex 18.8889 -11.5179 1.69
      vertex 18.8713 -11.6244 1.69
    endloop
  endfacet
  facet normal 0.772795 0.127711 -0.621674
    outer loop
      vertex 17.7627 -12.3857 0.244019
      vertex 18.8713 -12.0552 1.69
      vertex 18.8889 -12.1617 1.69
    endloop
  endfacet
  facet normal 0.772042 0.131171 -0.621888
    outer loop
      vertex 18.8713 -12.0552 1.69
      vertex 17.7627 -12.3857 0.244019
      vertex 17.7549 -12.3713 0.237373
    endloop
  endfacet
  facet normal 0.779535 0.0764552 -0.621675
    outer loop
      vertex 18.8607 -11.9477 1.69
      vertex 17.6625 -12.1984 0.156714
      vertex 17.5597 -12.033 0.0481517
    endloop
  endfacet
  facet normal 0.777595 0.0897311 -0.62233
    outer loop
      vertex 17.6625 -12.1984 0.156714
      vertex 18.8607 -11.9477 1.69
      vertex 17.6651 -12.2031 0.159285
    endloop
  endfacet
  facet normal 0.783756 0 -0.621069
    outer loop
      vertex 18.8607 -11.7319 1.69
      vertex 17.5215 -11.6448 0
      vertex 17.5215 -11.6441 0
    endloop
  endfacet
  facet normal 0.782866 -0.0253942 -0.621672
    outer loop
      vertex 17.5215 -11.6448 0
      vertex 18.8607 -11.7319 1.69
      vertex 18.8572 -11.8398 1.69
    endloop
  endfacet
  facet normal 0.783102 0 -0.621894
    outer loop
      vertex 18.8572 -11.8398 1.69
      vertex 17.5151 -11.8405 0
      vertex 17.5151 -11.8398 0
    endloop
  endfacet
  facet normal 0.782844 0.0253935 -0.6217
    outer loop
      vertex 17.5151 -11.8405 0
      vertex 18.8572 -11.8398 1.69
      vertex 18.8607 -11.9477 1.69
    endloop
  endfacet
  facet normal 0.36927 0.690776 -0.621666
    outer loop
      vertex 19.7774 -13.3197 1.69
      vertex 19.1838 -14.5233 0
      vertex 19.0117 -14.4313 0
    endloop
  endfacet
  facet normal 0.323398 0.713402 -0.621668
    outer loop
      vertex 19.7774 -13.3197 1.69
      vertex 19.3616 -14.6039 0
      vertex 19.1838 -14.5233 0
    endloop
  endfacet
  facet normal 0.178167 0.762713 -0.621711
    outer loop
      vertex 20.1853 -13.4581 1.69
      vertex 20.1285 -13.7433 1.32384
      vertex 20.0401 -13.8667 1.14712
    endloop
  endfacet
  facet normal 0.127684 0.772631 -0.621883
    outer loop
      vertex 20.2734 -13.5406 1.60559
      vertex 20.1853 -13.4581 1.69
      vertex 20.2918 -13.4757 1.69
    endloop
  endfacet
  facet normal 0.130664 0.773752 -0.619867
    outer loop
      vertex 20.2709 -13.5446 1.60007
      vertex 20.1853 -13.4581 1.69
      vertex 20.2734 -13.5406 1.60559
    endloop
  endfacet
  facet normal 0.127725 0.772761 -0.621713
    outer loop
      vertex 20.1853 -13.4581 1.69
      vertex 20.2709 -13.5446 1.60007
      vertex 20.1285 -13.7433 1.32384
    endloop
  endfacet
  facet normal 0.611558 -0.489247 -0.621799
    outer loop
      vertex 19.1981 -10.8354 1.69
      vertex 18.133 -10.0189 0
      vertex 18.1334 -10.0184 0
    endloop
  endfacet
  facet normal 0.636485 -0.456499 -0.621687
    outer loop
      vertex 18.133 -10.0189 0
      vertex 19.1981 -10.8354 1.69
      vertex 19.1352 -10.9231 1.69
    endloop
  endfacet
  facet normal 0.413676 -0.665109 -0.621693
    outer loop
      vertex 19.0111 -9.24862 0
      vertex 19.6822 -10.4109 1.69
      vertex 18.8454 -9.35168 0
    endloop
  endfacet
  facet normal 0.22732 -0.749573 -0.621664
    outer loop
      vertex 19.7328 -8.94971 0
      vertex 20.0801 -10.246 1.69
      vertex 19.546 -9.00636 0
    endloop
  endfacet
  facet normal 0.177896 -0.762815 -0.621664
    outer loop
      vertex 19.9228 -8.9054 0
      vertex 20.0801 -10.246 1.69
      vertex 19.7328 -8.94971 0
    endloop
  endfacet
  facet normal 0.0669059 -0.780569 -0.621479
    outer loop
      vertex 20.1173 -8.8733 0
      vertex 20.2918 -10.2039 1.69
      vertex 20.1166 -8.87336 0
    endloop
  endfacet
  facet normal 0.0761451 -0.779581 -0.621655
    outer loop
      vertex 20.2918 -10.2039 1.69
      vertex 20.1173 -8.8733 0
      vertex 20.3993 -10.1934 1.69
    endloop
  endfacet
  facet normal -0.0762119 -0.779539 -0.6217
    outer loop
      vertex 20.7029 -8.85417 0
      vertex 20.7225 -10.2039 1.69
      vertex 20.6151 -10.1934 1.69
    endloop
  endfacet
  facet normal -0.0779444 -0.779444 -0.621604
    outer loop
      vertex 20.7225 -10.2039 1.69
      vertex 20.7029 -8.85417 0
      vertex 20.7035 -8.85423 0
    endloop
  endfacet
  facet normal 0.0261191 -0.782847 -0.621666
    outer loop
      vertex 20.5065 -8.84778 0
      vertex 20.5072 -10.1898 1.69
      vertex 20.3993 -10.1934 1.69
    endloop
  endfacet
  facet normal 0.0223691 -0.782919 -0.621721
    outer loop
      vertex 20.5072 -10.1898 1.69
      vertex 20.5065 -8.84778 0
      vertex 20.5072 -8.84776 0
    endloop
  endfacet
  facet normal -0.275584 -0.733199 -0.62167
    outer loop
      vertex 21.6516 -9.07529 0
      vertex 21.1386 -10.3154 1.69
      vertex 21.0375 -10.2774 1.69
    endloop
  endfacet
  facet normal -0.280343 -0.73133 -0.621743
    outer loop
      vertex 21.1386 -10.3154 1.69
      vertex 21.6516 -9.07529 0
      vertex 21.6522 -9.07552 0
    endloop
  endfacet
  facet normal -0.323343 -0.71341 -0.621688
    outer loop
      vertex 21.6528 -9.07578 0
      vertex 21.8305 -9.15632 0
      vertex 21.2369 -10.36 1.69
    endloop
  endfacet
  facet normal -0.369262 -0.690761 -0.621686
    outer loop
      vertex 21.8305 -9.15632 0
      vertex 22.0026 -9.24832 0
      vertex 21.2369 -10.36 1.69
    endloop
  endfacet
  facet normal -0.177845 -0.762822 -0.621671
    outer loop
      vertex 21.0909 -8.90525 0
      vertex 21.281 -8.94957 0
      vertex 20.8291 -10.2215 1.69
    endloop
  endfacet
  facet normal -0.127594 -0.772816 -0.621671
    outer loop
      vertex 21.0903 -8.90515 0
      vertex 20.8291 -10.2215 1.69
      vertex 20.7225 -10.2039 1.69
    endloop
  endfacet
  facet normal -0.128768 -0.772607 -0.621689
    outer loop
      vertex 20.8291 -10.2215 1.69
      vertex 21.0903 -8.90515 0
      vertex 21.0909 -8.90525 0
    endloop
  endfacet
  facet normal -0.227802 -0.749426 -0.621664
    outer loop
      vertex 21.2816 -8.94971 0
      vertex 21.0375 -10.2774 1.69
      vertex 20.9342 -10.246 1.69
    endloop
  endfacet
  facet normal -0.236593 -0.747137 -0.621136
    outer loop
      vertex 21.0375 -10.2774 1.69
      vertex 21.2816 -8.94971 0
      vertex 21.2822 -8.9499 0
    endloop
  endfacet
  facet normal -0.227427 -0.749524 -0.621683
    outer loop
      vertex 21.2822 -8.9499 0
      vertex 21.4689 -9.00655 0
      vertex 21.0375 -10.2774 1.69
    endloop
  endfacet
  facet normal -0.0767867 -0.779508 -0.621668
    outer loop
      vertex 20.8977 -8.87336 0
      vertex 20.7225 -10.2039 1.69
      vertex 20.7035 -8.85423 0
    endloop
  endfacet
  facet normal 0.323193 -0.71348 -0.621686
    outer loop
      vertex 19.3616 -9.07578 0
      vertex 19.7774 -10.36 1.69
      vertex 19.1838 -9.15632 0
    endloop
  endfacet
  facet normal -0.413503 -0.665232 -0.621677
    outer loop
      vertex 22.0037 -9.24895 0
      vertex 22.1695 -9.35201 0
      vertex 21.4239 -10.4679 1.69
    endloop
  endfacet
  facet normal -0.456498 -0.636484 -0.62169
    outer loop
      vertex 22.3281 -9.46569 0
      vertex 21.5116 -10.5308 1.69
      vertex 21.4239 -10.4679 1.69
    endloop
  endfacet
  facet normal -0.465853 -0.629532 -0.621828
    outer loop
      vertex 21.5116 -10.5308 1.69
      vertex 22.3281 -9.46569 0
      vertex 22.3286 -9.46606 0
    endloop
  endfacet
  facet normal -0.601495 -0.501051 -0.622215
    outer loop
      vertex 21.8632 -10.787 1.60559
      vertex 21.8521 -10.8078 1.63307
      vertex 21.8162 -10.8354 1.69
    endloop
  endfacet
  facet normal -0.605104 -0.498695 -0.620606
    outer loop
      vertex 21.7477 -10.7519 1.69
      vertex 21.8654 -10.7828 1.60007
      vertex 21.8632 -10.787 1.60559
    endloop
  endfacet
  facet normal -0.605437 -0.496675 -0.6219
    outer loop
      vertex 21.7477 -10.7519 1.69
      vertex 21.8632 -10.787 1.60559
      vertex 21.8162 -10.8354 1.69
    endloop
  endfacet
  facet normal -0.605449 -0.496979 -0.621646
    outer loop
      vertex 21.8654 -10.7828 1.60007
      vertex 21.7477 -10.7519 1.69
      vertex 21.9663 -10.5602 1.32384
    endloop
  endfacet
  facet normal -0.571691 -0.535416 -0.621691
    outer loop
      vertex 21.6739 -10.6731 1.69
      vertex 22.029 -10.4219 1.14712
      vertex 21.7477 -10.7519 1.69
    endloop
  endfacet
  facet normal -0.571305 -0.535873 -0.621651
    outer loop
      vertex 22.029 -10.4219 1.14712
      vertex 21.6739 -10.6731 1.69
      vertex 22.115 -10.232 0.904388
    endloop
  endfacet
  facet normal -0.535443 -0.571719 -0.621642
    outer loop
      vertex 21.5951 -10.5993 1.69
      vertex 22.115 -10.232 0.904388
      vertex 21.6739 -10.6731 1.69
    endloop
  endfacet
  facet normal -0.536047 -0.571055 -0.621731
    outer loop
      vertex 22.115 -10.232 0.904388
      vertex 21.5951 -10.5993 1.69
      vertex 22.171 -10.1084 0.74258
    endloop
  endfacet
  facet normal 0.741271 -0.24709 -0.624071
    outer loop
      vertex 19.0273 -11.11 1.69
      vertex 17.7429 -10.6948 0
      vertex 17.7431 -10.6942 0
    endloop
  endfacet
  facet normal 0.713678 -0.322751 -0.621688
    outer loop
      vertex 17.7429 -10.6948 0
      vertex 19.0273 -11.11 1.69
      vertex 18.9828 -11.2084 1.69
    endloop
  endfacet
  facet normal 0.455694 0.6371 -0.621648
    outer loop
      vertex 18.6862 -14.2139 0
      vertex 19.5027 -13.1489 1.69
      vertex 19.5905 -13.2117 1.69
    endloop
  endfacet
  facet normal 0.403923 0.673205 -0.619388
    outer loop
      vertex 19.5027 -13.1489 1.69
      vertex 18.6862 -14.2139 0
      vertex 18.6857 -14.2136 0
    endloop
  endfacet
  facet normal 0.571812 0.535297 -0.621682
    outer loop
      vertex 19.2666 -12.9277 1.69
      vertex 18.391 -13.9551 0
      vertex 18.2576 -13.8126 0
    endloop
  endfacet
  facet normal 0.611748 0.489399 -0.621493
    outer loop
      vertex 18.2572 -13.8121 0
      vertex 19.2666 -12.9277 1.69
      vertex 18.2576 -13.8126 0
    endloop
  endfacet
  facet normal 0.605279 0.497142 -0.621681
    outer loop
      vertex 19.2666 -12.9277 1.69
      vertex 18.2572 -13.8121 0
      vertex 19.1981 -12.8443 1.69
    endloop
  endfacet
  facet normal 0.749632 0.227139 -0.621658
    outer loop
      vertex 18.9447 -12.3702 1.69
      vertex 17.9064 -12.7007 0.3172
      vertex 18.9134 -12.2669 1.69
    endloop
  endfacet
  facet normal 0.749941 0.226138 -0.621651
    outer loop
      vertex 17.9064 -12.7007 0.3172
      vertex 18.9447 -12.3702 1.69
      vertex 17.9137 -12.7202 0.318913
    endloop
  endfacet
  facet normal 0.690756 0.369323 -0.621656
    outer loop
      vertex 19.0782 -12.6648 1.69
      vertex 18.0765 -13.2245 0.244441
      vertex 19.0273 -12.5696 1.69
    endloop
  endfacet
  facet normal 0.692145 0.366763 -0.621627
    outer loop
      vertex 18.0765 -13.2245 0.244441
      vertex 19.0782 -12.6648 1.69
      vertex 18.0803 -13.241 0.238937
    endloop
  endfacet
  facet normal 0.665138 0.413656 -0.621675
    outer loop
      vertex 19.0782 -12.6648 1.69
      vertex 18.1216 -13.4181 0.165284
      vertex 18.0803 -13.241 0.238937
    endloop
  endfacet
  facet normal 0.678559 0.393604 -0.620188
    outer loop
      vertex 18.1216 -13.4181 0.165284
      vertex 19.0782 -12.6648 1.69
      vertex 18.1219 -13.4203 0.164216
    endloop
  endfacet
  facet normal 0.636705 0.456233 -0.621658
    outer loop
      vertex 19.1981 -12.8443 1.69
      vertex 18.1586 -13.642 0.0399101
      vertex 18.1258 -13.4434 0.152068
    endloop
  endfacet
  facet normal 0.636733 0.456156 -0.621686
    outer loop
      vertex 19.1981 -12.8443 1.69
      vertex 18.1239 -13.4323 0.158362
      vertex 19.1352 -12.7565 1.69
    endloop
  endfacet
  facet normal 0.633713 0.460795 -0.621349
    outer loop
      vertex 18.1239 -13.4323 0.158362
      vertex 19.1981 -12.8443 1.69
      vertex 18.1258 -13.4434 0.152068
    endloop
  endfacet
  facet normal 0.743443 -0.247814 -0.621193
    outer loop
      vertex 18.9134 -11.4128 1.69
      vertex 17.6169 -11.066 0
      vertex 17.6171 -11.0654 0
    endloop
  endfacet
  facet normal 0.762812 -0.17782 -0.621689
    outer loop
      vertex 17.6169 -11.066 0
      vertex 18.9134 -11.4128 1.69
      vertex 18.8889 -11.5179 1.69
    endloop
  endfacet
  facet normal 0.77951 -0.0766665 -0.621681
    outer loop
      vertex 17.5407 -11.4493 0
      vertex 18.8713 -11.6244 1.69
      vertex 17.5216 -11.6435 0
    endloop
  endfacet
  facet normal 0.323028 0.713566 -0.621672
    outer loop
      vertex 19.3622 -14.6041 0
      vertex 19.7774 -13.3197 1.69
      vertex 19.8757 -13.3642 1.69
    endloop
  endfacet
  facet normal 0.24709 0.741271 -0.624071
    outer loop
      vertex 19.7774 -13.3197 1.69
      vertex 19.3622 -14.6041 0
      vertex 19.3616 -14.6039 0
    endloop
  endfacet
  facet normal 0.0870665 0.778464 -0.621621
    outer loop
      vertex 20.2918 -13.4757 1.69
      vertex 20.2923 -13.5103 1.64674
      vertex 20.2859 -13.5205 1.63307
    endloop
  endfacet
  facet normal 0.177661 0.762855 -0.621682
    outer loop
      vertex 20.0401 -13.8667 1.14712
      vertex 20.0801 -13.4336 1.69
      vertex 20.1853 -13.4581 1.69
    endloop
  endfacet
  facet normal 0.177788 0.762832 -0.621674
    outer loop
      vertex 20.0801 -13.4336 1.69
      vertex 20.0401 -13.8667 1.14712
      vertex 19.9186 -14.0362 0.904386
    endloop
  endfacet
  facet normal 0.605573 -0.496788 -0.621678
    outer loop
      vertex 19.1981 -10.8354 1.69
      vertex 18.1338 -10.0179 0
      vertex 19.2666 -10.7519 1.69
    endloop
  endfacet
  facet normal 0.611558 -0.489247 -0.621799
    outer loop
      vertex 18.1338 -10.0179 0
      vertex 19.1981 -10.8354 1.69
      vertex 18.1334 -10.0184 0
    endloop
  endfacet
  facet normal 0.497026 -0.605376 -0.621679
    outer loop
      vertex 18.6857 -9.46606 0
      vertex 19.5027 -10.5308 1.69
      vertex 18.5349 -9.58987 0
    endloop
  endfacet
  facet normal 0.456125 -0.636761 -0.62168
    outer loop
      vertex 18.8444 -9.35238 0
      vertex 19.5027 -10.5308 1.69
      vertex 18.6857 -9.46606 0
    endloop
  endfacet
  facet normal 0.110812 -0.775687 -0.621313
    outer loop
      vertex 19.9241 -8.90515 0
      vertex 20.1853 -10.2215 1.69
      vertex 19.9234 -8.90525 0
    endloop
  endfacet
  facet normal 0.127711 -0.772795 -0.621673
    outer loop
      vertex 20.1853 -10.2215 1.69
      vertex 19.9241 -8.90515 0
      vertex 20.2918 -10.2039 1.69
    endloop
  endfacet
  facet normal -0.0256536 -0.782857 -0.621672
    outer loop
      vertex 20.7022 -8.85415 0
      vertex 20.5072 -10.1898 1.69
      vertex 20.5072 -8.84776 0
    endloop
  endfacet
  facet normal -0.0261182 -0.782822 -0.621698
    outer loop
      vertex 20.7022 -8.85415 0
      vertex 20.6151 -10.1934 1.69
      vertex 20.5072 -10.1898 1.69
    endloop
  endfacet
  facet normal -0.0223711 -0.782987 -0.621636
    outer loop
      vertex 20.6151 -10.1934 1.69
      vertex 20.7022 -8.85415 0
      vertex 20.7029 -8.85417 0
    endloop
  endfacet
  facet normal -0.177824 -0.762827 -0.62167
    outer loop
      vertex 21.281 -8.94957 0
      vertex 20.9342 -10.246 1.69
      vertex 20.8291 -10.2215 1.69
    endloop
  endfacet
  facet normal -0.177984 -0.762788 -0.621672
    outer loop
      vertex 20.9342 -10.246 1.69
      vertex 21.281 -8.94957 0
      vertex 21.2816 -8.94971 0
    endloop
  endfacet
  facet normal 0.275997 -0.733047 -0.621665
    outer loop
      vertex 19.5448 -9.00677 0
      vertex 19.8757 -10.3154 1.69
      vertex 19.3622 -9.07552 0
    endloop
  endfacet
  facet normal 0.489247 0.611558 -0.621799
    outer loop
      vertex 18.6852 -14.2132 0
      vertex 19.5027 -13.1489 1.69
      vertex 18.6857 -14.2136 0
    endloop
  endfacet
  facet normal 0.496788 0.605573 -0.621678
    outer loop
      vertex 19.5027 -13.1489 1.69
      vertex 18.6852 -14.2132 0
      vertex 19.4192 -13.0804 1.69
    endloop
  endfacet
  facet normal 0.604414 0.496365 -0.623141
    outer loop
      vertex 18.1642 -13.6763 0.0179669
      vertex 18.2572 -13.8121 0
      vertex 18.1667 -13.7019 0
    endloop
  endfacet
  facet normal 0.605206 0.496764 -0.622054
    outer loop
      vertex 18.1586 -13.642 0.0399101
      vertex 18.2572 -13.8121 0
      vertex 18.1642 -13.6763 0.0179669
    endloop
  endfacet
  facet normal 0.605531 0.49686 -0.62166
    outer loop
      vertex 18.2572 -13.8121 0
      vertex 18.1586 -13.642 0.0399101
      vertex 19.1981 -12.8443 1.69
    endloop
  endfacet
  facet normal 0.732874 0.27646 -0.621663
    outer loop
      vertex 18.9828 -12.4712 1.69
      vertex 17.9137 -12.7202 0.318913
      vertex 18.9447 -12.3702 1.69
    endloop
  endfacet
  facet normal 0.732401 0.277937 -0.621562
    outer loop
      vertex 17.9137 -12.7202 0.318913
      vertex 18.9828 -12.4712 1.69
      vertex 17.9211 -12.7397 0.318913
    endloop
  endfacet
  facet normal 0.733179 0.275565 -0.621701
    outer loop
      vertex 18.9828 -12.4712 1.69
      vertex 17.9768 -12.8879 0.318912
      vertex 17.9211 -12.7397 0.318913
    endloop
  endfacet
  facet normal 0.775544 -0.129257 -0.617919
    outer loop
      vertex 18.8713 -11.6244 1.69
      vertex 17.5215 -11.6441 0
      vertex 17.5216 -11.6435 0
    endloop
  endfacet
  facet normal 0.77949 -0.0768613 -0.621681
    outer loop
      vertex 17.5215 -11.6441 0
      vertex 18.8713 -11.6244 1.69
      vertex 18.8607 -11.7319 1.69
    endloop
  endfacet
  facet normal 0.07528 0.779148 -0.622304
    outer loop
      vertex 20.3125 -13.4777 1.69
      vertex 20.2923 -13.5103 1.64674
      vertex 20.2918 -13.4757 1.69
    endloop
  endfacet
  facet normal 0.535325 -0.5718 -0.621668
    outer loop
      vertex 18.5344 -9.59027 0
      vertex 19.4192 -10.5993 1.69
      vertex 18.3919 -9.72368 0
    endloop
  endfacet
  facet normal 0.535424 -0.571699 -0.621676
    outer loop
      vertex 19.3404 -10.6731 1.69
      vertex 18.3919 -9.72368 0
      vertex 19.4192 -10.5993 1.69
    endloop
  endfacet
  facet normal 0.573536 -0.533522 -0.621619
    outer loop
      vertex 18.3919 -9.72368 0
      vertex 19.3404 -10.6731 1.69
      vertex 18.3915 -9.72411 0
    endloop
  endfacet
  facet normal 0.431373 -0.653595 -0.621877
    outer loop
      vertex 18.8454 -9.35168 0
      vertex 19.5905 -10.4679 1.69
      vertex 18.8449 -9.35201 0
    endloop
  endfacet
  facet normal 0.413501 -0.665229 -0.621681
    outer loop
      vertex 19.5905 -10.4679 1.69
      vertex 18.8454 -9.35168 0
      vertex 19.6822 -10.4109 1.69
    endloop
  endfacet
  facet normal 0.466259 -0.63008 -0.620969
    outer loop
      vertex 18.8449 -9.35201 0
      vertex 19.5027 -10.5308 1.69
      vertex 18.8444 -9.35238 0
    endloop
  endfacet
  facet normal 0.456159 -0.636736 -0.62168
    outer loop
      vertex 19.5027 -10.5308 1.69
      vertex 18.8449 -9.35201 0
      vertex 19.5905 -10.4679 1.69
    endloop
  endfacet
  facet normal 0.0256531 -0.782842 -0.621691
    outer loop
      vertex 20.5065 -8.84778 0
      vertex 20.3993 -10.1934 1.69
      vertex 20.3115 -8.85417 0
    endloop
  endfacet
  facet normal 0.236433 -0.74663 -0.621806
    outer loop
      vertex 19.546 -9.00636 0
      vertex 19.9768 -10.2774 1.69
      vertex 19.5454 -9.00655 0
    endloop
  endfacet
  facet normal 0.227796 -0.749405 -0.621692
    outer loop
      vertex 19.9768 -10.2774 1.69
      vertex 19.546 -9.00636 0
      vertex 20.0801 -10.246 1.69
    endloop
  endfacet
  facet normal 0.269551 -0.735139 -0.622023
    outer loop
      vertex 19.5454 -9.00655 0
      vertex 19.8757 -10.3154 1.69
      vertex 19.5448 -9.00677 0
    endloop
  endfacet
  facet normal 0.275579 -0.733185 -0.621688
    outer loop
      vertex 19.8757 -10.3154 1.69
      vertex 19.5454 -9.00655 0
      vertex 19.9768 -10.2774 1.69
    endloop
  endfacet
  facet normal -0.68342 -0.730025 0
    outer loop
      vertex 16.8358 17.2058 0
      vertex 17.0269 17.0269 0.799999
      vertex 16.8358 17.2058 0.799999
    endloop
  endfacet
  facet normal -0.68342 -0.730025 -0
    outer loop
      vertex 17.0269 17.0269 0.799999
      vertex 16.8358 17.2058 0
      vertex 17.0269 17.0269 0
    endloop
  endfacet
  facet normal 0.730025 -0.68342 0
    outer loop
      vertex 11.1911 16.8358 0.799999
      vertex 11.37 17.0269 0
      vertex 11.37 17.0269 0.799999
    endloop
  endfacet
  facet normal 0.730025 -0.68342 0
    outer loop
      vertex 11.37 17.0269 0
      vertex 11.1911 16.8358 0.799999
      vertex 11.1911 16.8358 0
    endloop
  endfacet
  facet normal 0.0324752 -0.999473 0
    outer loop
      vertex 13.9368 18.1899 0
      vertex 14.1984 18.1984 0.799999
      vertex 13.9368 18.1899 0.799999
    endloop
  endfacet
  facet normal 0.0324752 -0.999473 0
    outer loop
      vertex 14.1984 18.1984 0.799999
      vertex 13.9368 18.1899 0
      vertex 14.1984 18.1984 0
    endloop
  endfacet
  facet normal 0.93592 -0.352212 0
    outer loop
      vertex 10.4107 15.4842 0.799999
      vertex 10.5029 15.7292 0
      vertex 10.5029 15.7292 0.799999
    endloop
  endfacet
  facet normal 0.93592 -0.352212 0
    outer loop
      vertex 10.5029 15.7292 0
      vertex 10.4107 15.4842 0.799999
      vertex 10.4107 15.4842 0
    endloop
  endfacet
  facet normal -0.995169 -0.0981798 0
    outer loop
      vertex 18.1899 14.4601 0
      vertex 18.1642 14.7206 0.799999
      vertex 18.1642 14.7206 0
    endloop
  endfacet
  facet normal -0.995169 -0.0981798 0
    outer loop
      vertex 18.1642 14.7206 0.799999
      vertex 18.1899 14.4601 0
      vertex 18.1899 14.4601 0.799999
    endloop
  endfacet
  facet normal -0.352212 -0.93592 0
    outer loop
      vertex 15.4842 17.9862 0
      vertex 15.7292 17.894 0.799999
      vertex 15.4842 17.9862 0.799999
    endloop
  endfacet
  facet normal -0.352212 -0.93592 -0
    outer loop
      vertex 15.7292 17.894 0.799999
      vertex 15.4842 17.9862 0
      vertex 15.7292 17.894 0
    endloop
  endfacet
  facet normal 0.412968 -0.910746 0
    outer loop
      vertex 12.4293 17.7859 0
      vertex 12.6677 17.894 0.799999
      vertex 12.4293 17.7859 0.799999
    endloop
  endfacet
  facet normal 0.412968 -0.910746 0
    outer loop
      vertex 12.6677 17.894 0.799999
      vertex 12.4293 17.7859 0
      vertex 12.6677 17.894 0
    endloop
  endfacet
  facet normal 0.162788 -0.986661 0
    outer loop
      vertex 13.4181 18.1216 0
      vertex 13.6763 18.1642 0.799999
      vertex 13.4181 18.1216 0.799999
    endloop
  endfacet
  facet normal 0.162788 -0.986661 0
    outer loop
      vertex 13.6763 18.1642 0.799999
      vertex 13.4181 18.1216 0
      vertex 13.6763 18.1642 0
    endloop
  endfacet
  facet normal 0.956928 0.290325 0
    outer loop
      vertex 10.4107 12.9127 0.799999
      vertex 10.3347 13.1632 0
      vertex 10.3347 13.1632 0.799999
    endloop
  endfacet
  facet normal 0.956928 0.290325 0
    outer loop
      vertex 10.3347 13.1632 0
      vertex 10.4107 12.9127 0.799999
      vertex 10.4107 12.9127 0
    endloop
  endfacet
  facet normal 0.99946 0.0328569 0
    outer loop
      vertex 10.207 13.9368 0.799999
      vertex 10.1984 14.1984 0
      vertex 10.1984 14.1984 0.799999
    endloop
  endfacet
  facet normal 0.99946 0.0328569 0
    outer loop
      vertex 10.1984 14.1984 0
      vertex 10.207 13.9368 0.799999
      vertex 10.207 13.9368 0
    endloop
  endfacet
  facet normal 0.849091 -0.528247 0
    outer loop
      vertex 10.7343 16.1984 0.799999
      vertex 10.8726 16.4207 0
      vertex 10.8726 16.4207 0.799999
    endloop
  endfacet
  facet normal 0.849091 -0.528247 0
    outer loop
      vertex 10.8726 16.4207 0
      vertex 10.7343 16.1984 0.799999
      vertex 10.7343 16.1984 0
    endloop
  endfacet
  facet normal -0.634568 0.772867 0
    outer loop
      vertex 16.8358 11.1911 0
      vertex 16.6335 11.025 0.799999
      vertex 16.8358 11.1911 0.799999
    endloop
  endfacet
  facet normal -0.634568 0.772867 0
    outer loop
      vertex 16.6335 11.025 0.799999
      vertex 16.8358 11.1911 0
      vertex 16.6335 11.025 0
    endloop
  endfacet
  facet normal -0.849156 0.528143 0
    outer loop
      vertex 17.5243 11.9762 0
      vertex 17.6625 12.1984 0.799999
      vertex 17.6625 12.1984 0
    endloop
  endfacet
  facet normal -0.849156 0.528143 0
    outer loop
      vertex 17.6625 12.1984 0.799999
      vertex 17.5243 11.9762 0
      vertex 17.5243 11.9762 0.799999
    endloop
  endfacet
  facet normal -0.58225 -0.81301 0
    outer loop
      vertex 16.4207 17.5243 0
      vertex 16.6335 17.3719 0.799999
      vertex 16.4207 17.5243 0.799999
    endloop
  endfacet
  facet normal -0.58225 -0.81301 -0
    outer loop
      vertex 16.6335 17.3719 0.799999
      vertex 16.4207 17.5243 0
      vertex 16.6335 17.3719 0
    endloop
  endfacet
  facet normal -0.634568 -0.772867 0
    outer loop
      vertex 16.6335 17.3719 0
      vertex 16.8358 17.2058 0.799999
      vertex 16.6335 17.3719 0.799999
    endloop
  endfacet
  facet normal -0.634568 -0.772867 -0
    outer loop
      vertex 16.8358 17.2058 0.799999
      vertex 16.6335 17.3719 0
      vertex 16.8358 17.2058 0
    endloop
  endfacet
  facet normal -0.4715 -0.881866 0
    outer loop
      vertex 15.9676 17.7859 0
      vertex 16.1984 17.6625 0.799999
      vertex 15.9676 17.7859 0.799999
    endloop
  endfacet
  facet normal -0.4715 -0.881866 -0
    outer loop
      vertex 16.1984 17.6625 0.799999
      vertex 15.9676 17.7859 0
      vertex 16.1984 17.6625 0
    endloop
  endfacet
  facet normal -0.289976 -0.957034 0
    outer loop
      vertex 15.2337 18.0621 0
      vertex 15.4842 17.9862 0.799999
      vertex 15.2337 18.0621 0.799999
    endloop
  endfacet
  facet normal -0.289976 -0.957034 -0
    outer loop
      vertex 15.4842 17.9862 0.799999
      vertex 15.2337 18.0621 0
      vertex 15.4842 17.9862 0
    endloop
  endfacet
  facet normal 0.58225 -0.81301 0
    outer loop
      vertex 11.7634 17.3719 0
      vertex 11.9762 17.5243 0.799999
      vertex 11.7634 17.3719 0.799999
    endloop
  endfacet
  facet normal 0.58225 -0.81301 0
    outer loop
      vertex 11.9762 17.5243 0.799999
      vertex 11.7634 17.3719 0
      vertex 11.9762 17.5243 0
    endloop
  endfacet
  facet normal 0.0981798 -0.995169 0
    outer loop
      vertex 13.6763 18.1642 0
      vertex 13.9368 18.1899 0.799999
      vertex 13.6763 18.1642 0.799999
    endloop
  endfacet
  facet normal 0.0981798 -0.995169 0
    outer loop
      vertex 13.9368 18.1899 0.799999
      vertex 13.6763 18.1642 0
      vertex 13.9368 18.1899 0
    endloop
  endfacet
  facet normal 0.88211 0.471044 0
    outer loop
      vertex 10.7343 12.1984 0.799999
      vertex 10.611 12.4293 0
      vertex 10.611 12.4293 0.799999
    endloop
  endfacet
  facet normal 0.88211 0.471044 0
    outer loop
      vertex 10.611 12.4293 0
      vertex 10.7343 12.1984 0.799999
      vertex 10.7343 12.1984 0
    endloop
  endfacet
  facet normal 0.973906 0.226952 0
    outer loop
      vertex 10.3347 13.1632 0.799999
      vertex 10.2753 13.4181 0
      vertex 10.2753 13.4181 0.799999
    endloop
  endfacet
  facet normal 0.973906 0.226952 0
    outer loop
      vertex 10.2753 13.4181 0
      vertex 10.3347 13.1632 0.799999
      vertex 10.3347 13.1632 0
    endloop
  endfacet
  facet normal 0.910746 0.412968 0
    outer loop
      vertex 10.611 12.4293 0.799999
      vertex 10.5029 12.6677 0
      vertex 10.5029 12.6677 0.799999
    endloop
  endfacet
  facet normal 0.910746 0.412968 0
    outer loop
      vertex 10.5029 12.6677 0
      vertex 10.611 12.4293 0.799999
      vertex 10.611 12.4293 0
    endloop
  endfacet
  facet normal 0.730025 0.68342 0
    outer loop
      vertex 11.37 11.37 0.799999
      vertex 11.1911 11.5611 0
      vertex 11.1911 11.5611 0.799999
    endloop
  endfacet
  facet normal 0.730025 0.68342 0
    outer loop
      vertex 11.1911 11.5611 0
      vertex 11.37 11.37 0.799999
      vertex 11.37 11.37 0
    endloop
  endfacet
  facet normal 0.973906 -0.226952 0
    outer loop
      vertex 10.2753 14.9788 0.799999
      vertex 10.3347 15.2337 0
      vertex 10.3347 15.2337 0.799999
    endloop
  endfacet
  facet normal 0.973906 -0.226952 0
    outer loop
      vertex 10.3347 15.2337 0
      vertex 10.2753 14.9788 0.799999
      vertex 10.2753 14.9788 0
    endloop
  endfacet
  facet normal 0.986661 -0.162788 0
    outer loop
      vertex 10.2327 14.7206 0.799999
      vertex 10.2753 14.9788 0
      vertex 10.2753 14.9788 0.799999
    endloop
  endfacet
  facet normal 0.986661 -0.162788 0
    outer loop
      vertex 10.2753 14.9788 0
      vertex 10.2327 14.7206 0.799999
      vertex 10.2327 14.7206 0
    endloop
  endfacet
  facet normal 0.995169 -0.0981798 0
    outer loop
      vertex 10.207 14.4601 0.799999
      vertex 10.2327 14.7206 0
      vertex 10.2327 14.7206 0.799999
    endloop
  endfacet
  facet normal 0.995169 -0.0981798 0
    outer loop
      vertex 10.2327 14.7206 0
      vertex 10.207 14.4601 0.799999
      vertex 10.207 14.4601 0
    endloop
  endfacet
  facet normal 0.910746 -0.412968 0
    outer loop
      vertex 10.5029 15.7292 0.799999
      vertex 10.611 15.9676 0
      vertex 10.611 15.9676 0.799999
    endloop
  endfacet
  facet normal 0.910746 -0.412968 0
    outer loop
      vertex 10.611 15.9676 0
      vertex 10.5029 15.7292 0.799999
      vertex 10.5029 15.7292 0
    endloop
  endfacet
  facet normal 0.772867 -0.634568 0
    outer loop
      vertex 11.025 16.6335 0.799999
      vertex 11.1911 16.8358 0
      vertex 11.1911 16.8358 0.799999
    endloop
  endfacet
  facet normal 0.772867 -0.634568 0
    outer loop
      vertex 11.1911 16.8358 0
      vertex 11.025 16.6335 0.799999
      vertex 11.025 16.6335 0
    endloop
  endfacet
  facet normal -0.849262 -0.527971 0
    outer loop
      vertex 17.6625 16.1984 0
      vertex 17.5243 16.4207 0.799999
      vertex 17.5243 16.4207 0
    endloop
  endfacet
  facet normal -0.849262 -0.527971 0
    outer loop
      vertex 17.5243 16.4207 0.799999
      vertex 17.6625 16.1984 0
      vertex 17.6625 16.1984 0.799999
    endloop
  endfacet
  facet normal -0.772867 0.634568 0
    outer loop
      vertex 17.2058 11.5611 0
      vertex 17.3719 11.7634 0.799999
      vertex 17.3719 11.7634 0
    endloop
  endfacet
  facet normal -0.772867 0.634568 0
    outer loop
      vertex 17.3719 11.7634 0.799999
      vertex 17.2058 11.5611 0
      vertex 17.2058 11.5611 0.799999
    endloop
  endfacet
  facet normal -0.93592 0.352212 0
    outer loop
      vertex 17.894 12.6677 0
      vertex 17.9862 12.9127 0.799999
      vertex 17.9862 12.9127 0
    endloop
  endfacet
  facet normal -0.93592 0.352212 0
    outer loop
      vertex 17.9862 12.9127 0.799999
      vertex 17.894 12.6677 0
      vertex 17.894 12.6677 0.799999
    endloop
  endfacet
  facet normal -0.527971 -0.849262 0
    outer loop
      vertex 16.1984 17.6625 0
      vertex 16.4207 17.5243 0.799999
      vertex 16.1984 17.6625 0.799999
    endloop
  endfacet
  facet normal -0.527971 -0.849262 -0
    outer loop
      vertex 16.4207 17.5243 0.799999
      vertex 16.1984 17.6625 0
      vertex 16.4207 17.5243 0
    endloop
  endfacet
  facet normal -0.412968 -0.910746 0
    outer loop
      vertex 15.7292 17.894 0
      vertex 15.9676 17.7859 0.799999
      vertex 15.7292 17.894 0.799999
    endloop
  endfacet
  facet normal -0.412968 -0.910746 -0
    outer loop
      vertex 15.9676 17.7859 0.799999
      vertex 15.7292 17.894 0
      vertex 15.9676 17.7859 0
    endloop
  endfacet
  facet normal -0.0981798 -0.995169 0
    outer loop
      vertex 14.4601 18.1899 0
      vertex 14.7206 18.1642 0.799999
      vertex 14.4601 18.1899 0.799999
    endloop
  endfacet
  facet normal -0.0981798 -0.995169 -0
    outer loop
      vertex 14.7206 18.1642 0.799999
      vertex 14.4601 18.1899 0
      vertex 14.7206 18.1642 0
    endloop
  endfacet
  facet normal -0.0324628 -0.999473 0
    outer loop
      vertex 14.1984 18.1984 0
      vertex 14.4601 18.1899 0.799999
      vertex 14.1984 18.1984 0.799999
    endloop
  endfacet
  facet normal -0.0324628 -0.999473 -0
    outer loop
      vertex 14.4601 18.1899 0.799999
      vertex 14.1984 18.1984 0
      vertex 14.4601 18.1899 0
    endloop
  endfacet
  facet normal -0.162788 -0.986661 0
    outer loop
      vertex 14.7206 18.1642 0
      vertex 14.9788 18.1216 0.799999
      vertex 14.7206 18.1642 0.799999
    endloop
  endfacet
  facet normal -0.162788 -0.986661 -0
    outer loop
      vertex 14.9788 18.1216 0.799999
      vertex 14.7206 18.1642 0
      vertex 14.9788 18.1216 0
    endloop
  endfacet
  facet normal 0.471341 -0.881951 0
    outer loop
      vertex 12.1984 17.6625 0
      vertex 12.4293 17.7859 0.799999
      vertex 12.1984 17.6625 0.799999
    endloop
  endfacet
  facet normal 0.471341 -0.881951 0
    outer loop
      vertex 12.4293 17.7859 0.799999
      vertex 12.1984 17.6625 0
      vertex 12.4293 17.7859 0
    endloop
  endfacet
  facet normal 0.528143 -0.849156 0
    outer loop
      vertex 11.9762 17.5243 0
      vertex 12.1984 17.6625 0.799999
      vertex 11.9762 17.5243 0.799999
    endloop
  endfacet
  facet normal 0.528143 -0.849156 0
    outer loop
      vertex 12.1984 17.6625 0.799999
      vertex 11.9762 17.5243 0
      vertex 12.1984 17.6625 0
    endloop
  endfacet
  facet normal 0.634568 -0.772867 0
    outer loop
      vertex 11.5611 17.2058 0
      vertex 11.7634 17.3719 0.799999
      vertex 11.5611 17.2058 0.799999
    endloop
  endfacet
  facet normal 0.634568 -0.772867 0
    outer loop
      vertex 11.7634 17.3719 0.799999
      vertex 11.5611 17.2058 0
      vertex 11.7634 17.3719 0
    endloop
  endfacet
  facet normal 0.68342 -0.730025 0
    outer loop
      vertex 11.37 17.0269 0
      vertex 11.5611 17.2058 0.799999
      vertex 11.37 17.0269 0.799999
    endloop
  endfacet
  facet normal 0.68342 -0.730025 0
    outer loop
      vertex 11.5611 17.2058 0.799999
      vertex 11.37 17.0269 0
      vertex 11.5611 17.2058 0
    endloop
  endfacet
  facet normal 0.289976 -0.957034 0
    outer loop
      vertex 12.9127 17.9862 0
      vertex 13.1632 18.0621 0.799999
      vertex 12.9127 17.9862 0.799999
    endloop
  endfacet
  facet normal 0.289976 -0.957034 0
    outer loop
      vertex 13.1632 18.0621 0.799999
      vertex 12.9127 17.9862 0
      vertex 13.1632 18.0621 0
    endloop
  endfacet
  facet normal 0.352212 -0.93592 0
    outer loop
      vertex 12.6677 17.894 0
      vertex 12.9127 17.9862 0.799999
      vertex 12.6677 17.894 0.799999
    endloop
  endfacet
  facet normal 0.352212 -0.93592 0
    outer loop
      vertex 12.9127 17.9862 0.799999
      vertex 12.6677 17.894 0
      vertex 12.9127 17.9862 0
    endloop
  endfacet
  facet normal 0.227314 -0.973821 0
    outer loop
      vertex 13.1632 18.0621 0
      vertex 13.4181 18.1216 0.799999
      vertex 13.1632 18.0621 0.799999
    endloop
  endfacet
  facet normal 0.227314 -0.973821 0
    outer loop
      vertex 13.4181 18.1216 0.799999
      vertex 13.1632 18.0621 0
      vertex 13.4181 18.1216 0
    endloop
  endfacet
  facet normal 0.995169 0.0981798 0
    outer loop
      vertex 10.2327 13.6763 0.799999
      vertex 10.207 13.9368 0
      vertex 10.207 13.9368 0.799999
    endloop
  endfacet
  facet normal 0.995169 0.0981798 0
    outer loop
      vertex 10.207 13.9368 0
      vertex 10.2327 13.6763 0.799999
      vertex 10.2327 13.6763 0
    endloop
  endfacet
  facet normal 0.986661 0.162788 0
    outer loop
      vertex 10.2753 13.4181 0.799999
      vertex 10.2327 13.6763 0
      vertex 10.2327 13.6763 0.799999
    endloop
  endfacet
  facet normal 0.986661 0.162788 0
    outer loop
      vertex 10.2327 13.6763 0
      vertex 10.2753 13.4181 0.799999
      vertex 10.2753 13.4181 0
    endloop
  endfacet
  facet normal 0.93592 0.352212 0
    outer loop
      vertex 10.5029 12.6677 0.799999
      vertex 10.4107 12.9127 0
      vertex 10.4107 12.9127 0.799999
    endloop
  endfacet
  facet normal 0.93592 0.352212 0
    outer loop
      vertex 10.4107 12.9127 0
      vertex 10.5029 12.6677 0.799999
      vertex 10.5029 12.6677 0
    endloop
  endfacet
  facet normal 0.81301 0.58225 0
    outer loop
      vertex 11.025 11.7634 0.799999
      vertex 10.8726 11.9762 0
      vertex 10.8726 11.9762 0.799999
    endloop
  endfacet
  facet normal 0.81301 0.58225 0
    outer loop
      vertex 10.8726 11.9762 0
      vertex 11.025 11.7634 0.799999
      vertex 11.025 11.7634 0
    endloop
  endfacet
  facet normal 0.772867 0.634568 0
    outer loop
      vertex 11.1911 11.5611 0.799999
      vertex 11.025 11.7634 0
      vertex 11.025 11.7634 0.799999
    endloop
  endfacet
  facet normal 0.772867 0.634568 0
    outer loop
      vertex 11.025 11.7634 0
      vertex 11.1911 11.5611 0.799999
      vertex 11.1911 11.5611 0
    endloop
  endfacet
  facet normal 0.956928 -0.290325 0
    outer loop
      vertex 10.3347 15.2337 0.799999
      vertex 10.4107 15.4842 0
      vertex 10.4107 15.4842 0.799999
    endloop
  endfacet
  facet normal 0.956928 -0.290325 0
    outer loop
      vertex 10.4107 15.4842 0
      vertex 10.3347 15.2337 0.799999
      vertex 10.3347 15.2337 0
    endloop
  endfacet
  facet normal 0.99946 -0.0328443 0
    outer loop
      vertex 10.1984 14.1984 0.799999
      vertex 10.207 14.4601 0
      vertex 10.207 14.4601 0.799999
    endloop
  endfacet
  facet normal 0.99946 -0.0328443 0
    outer loop
      vertex 10.207 14.4601 0
      vertex 10.1984 14.1984 0.799999
      vertex 10.1984 14.1984 0
    endloop
  endfacet
  facet normal 0.882025 -0.471203 0
    outer loop
      vertex 10.611 15.9676 0.799999
      vertex 10.7343 16.1984 0
      vertex 10.7343 16.1984 0.799999
    endloop
  endfacet
  facet normal 0.882025 -0.471203 0
    outer loop
      vertex 10.7343 16.1984 0
      vertex 10.611 15.9676 0.799999
      vertex 10.611 15.9676 0
    endloop
  endfacet
  facet normal 0.81301 -0.58225 0
    outer loop
      vertex 10.8726 16.4207 0.799999
      vertex 11.025 16.6335 0
      vertex 11.025 16.6335 0.799999
    endloop
  endfacet
  facet normal 0.81301 -0.58225 0
    outer loop
      vertex 11.025 16.6335 0
      vertex 10.8726 16.4207 0.799999
      vertex 10.8726 16.4207 0
    endloop
  endfacet
  facet normal -0.730025 -0.68342 0
    outer loop
      vertex 17.2058 16.8358 0
      vertex 17.0269 17.0269 0.799999
      vertex 17.0269 17.0269 0
    endloop
  endfacet
  facet normal -0.730025 -0.68342 0
    outer loop
      vertex 17.0269 17.0269 0.799999
      vertex 17.2058 16.8358 0
      vertex 17.2058 16.8358 0.799999
    endloop
  endfacet
  facet normal -0.93592 -0.352212 0
    outer loop
      vertex 17.9862 15.4842 0
      vertex 17.894 15.7292 0.799999
      vertex 17.894 15.7292 0
    endloop
  endfacet
  facet normal -0.93592 -0.352212 0
    outer loop
      vertex 17.894 15.7292 0.799999
      vertex 17.9862 15.4842 0
      vertex 17.9862 15.4842 0.799999
    endloop
  endfacet
  facet normal -0.81301 -0.58225 0
    outer loop
      vertex 17.5243 16.4207 0
      vertex 17.3719 16.6335 0.799999
      vertex 17.3719 16.6335 0
    endloop
  endfacet
  facet normal -0.81301 -0.58225 0
    outer loop
      vertex 17.3719 16.6335 0.799999
      vertex 17.5243 16.4207 0
      vertex 17.5243 16.4207 0.799999
    endloop
  endfacet
  facet normal -0.772867 -0.634568 0
    outer loop
      vertex 17.3719 16.6335 0
      vertex 17.2058 16.8358 0.799999
      vertex 17.2058 16.8358 0
    endloop
  endfacet
  facet normal -0.772867 -0.634568 0
    outer loop
      vertex 17.2058 16.8358 0.799999
      vertex 17.3719 16.6335 0
      vertex 17.3719 16.6335 0.799999
    endloop
  endfacet
  facet normal -0.910746 -0.412968 0
    outer loop
      vertex 17.894 15.7292 0
      vertex 17.7859 15.9676 0.799999
      vertex 17.7859 15.9676 0
    endloop
  endfacet
  facet normal -0.910746 -0.412968 0
    outer loop
      vertex 17.7859 15.9676 0.799999
      vertex 17.894 15.7292 0
      vertex 17.894 15.7292 0.799999
    endloop
  endfacet
  facet normal -0.68342 0.730025 0
    outer loop
      vertex 17.0269 11.37 0
      vertex 16.8358 11.1911 0.799999
      vertex 17.0269 11.37 0.799999
    endloop
  endfacet
  facet normal -0.68342 0.730025 0
    outer loop
      vertex 16.8358 11.1911 0.799999
      vertex 17.0269 11.37 0
      vertex 16.8358 11.1911 0
    endloop
  endfacet
  facet normal 0.226952 0.973906 -0
    outer loop
      vertex 13.4181 10.2753 0
      vertex 13.1632 10.3347 0.799999
      vertex 13.4181 10.2753 0.799999
    endloop
  endfacet
  facet normal 0.226952 0.973906 0
    outer loop
      vertex 13.1632 10.3347 0.799999
      vertex 13.4181 10.2753 0
      vertex 13.1632 10.3347 0
    endloop
  endfacet
  facet normal 0.68342 0.730025 -0
    outer loop
      vertex 11.5611 11.1911 0
      vertex 11.37 11.37 0.799999
      vertex 11.5611 11.1911 0.799999
    endloop
  endfacet
  facet normal 0.68342 0.730025 0
    outer loop
      vertex 11.37 11.37 0.799999
      vertex 11.5611 11.1911 0
      vertex 11.37 11.37 0
    endloop
  endfacet
  facet normal 0.58225 0.81301 -0
    outer loop
      vertex 11.9762 10.8726 0
      vertex 11.7634 11.025 0.799999
      vertex 11.9762 10.8726 0.799999
    endloop
  endfacet
  facet normal 0.58225 0.81301 0
    outer loop
      vertex 11.7634 11.025 0.799999
      vertex 11.9762 10.8726 0
      vertex 11.7634 11.025 0
    endloop
  endfacet
  facet normal -0.910746 0.412968 0
    outer loop
      vertex 17.7859 12.4293 0
      vertex 17.894 12.6677 0.799999
      vertex 17.894 12.6677 0
    endloop
  endfacet
  facet normal -0.910746 0.412968 0
    outer loop
      vertex 17.894 12.6677 0.799999
      vertex 17.7859 12.4293 0
      vertex 17.7859 12.4293 0.799999
    endloop
  endfacet
  facet normal -0.81301 0.58225 0
    outer loop
      vertex 17.3719 11.7634 0
      vertex 17.5243 11.9762 0.799999
      vertex 17.5243 11.9762 0
    endloop
  endfacet
  facet normal -0.81301 0.58225 0
    outer loop
      vertex 17.5243 11.9762 0.799999
      vertex 17.3719 11.7634 0
      vertex 17.3719 11.7634 0.799999
    endloop
  endfacet
  facet normal -0.227314 -0.973821 0
    outer loop
      vertex 14.9788 18.1216 0
      vertex 15.2337 18.0621 0.799999
      vertex 14.9788 18.1216 0.799999
    endloop
  endfacet
  facet normal -0.227314 -0.973821 -0
    outer loop
      vertex 15.2337 18.0621 0.799999
      vertex 14.9788 18.1216 0
      vertex 15.2337 18.0621 0
    endloop
  endfacet
  facet normal 0.848984 0.528418 0
    outer loop
      vertex 10.8726 11.9762 0.799999
      vertex 10.7343 12.1984 0
      vertex 10.7343 12.1984 0.799999
    endloop
  endfacet
  facet normal 0.848984 0.528418 0
    outer loop
      vertex 10.7343 12.1984 0
      vertex 10.8726 11.9762 0.799999
      vertex 10.8726 11.9762 0
    endloop
  endfacet
  facet normal 0 0 -1
    outer loop
      vertex 18.1899 13.9368 0.799999
      vertex 18.1899 14.4601 0.799999
      vertex 18.1984 14.1984 0.799999
    endloop
  endfacet
  facet normal 0 0 -1
    outer loop
      vertex 18.1642 13.6763 0.799999
      vertex 18.1899 14.4601 0.799999
      vertex 18.1899 13.9368 0.799999
    endloop
  endfacet
  facet normal 0 0 -1
    outer loop
      vertex 18.1642 13.6763 0.799999
      vertex 18.1642 14.7206 0.799999
      vertex 18.1899 14.4601 0.799999
    endloop
  endfacet
  facet normal 0 0 -1
    outer loop
      vertex 18.1216 13.4181 0.799999
      vertex 18.1642 14.7206 0.799999
      vertex 18.1642 13.6763 0.799999
    endloop
  endfacet
  facet normal 0 0 -1
    outer loop
      vertex 18.1216 13.4181 0.799999
      vertex 18.1216 14.9788 0.799999
      vertex 18.1642 14.7206 0.799999
    endloop
  endfacet
  facet normal 0 0 -1
    outer loop
      vertex 18.0621 13.1632 0.799999
      vertex 18.1216 14.9788 0.799999
      vertex 18.1216 13.4181 0.799999
    endloop
  endfacet
  facet normal 0 0 -1
    outer loop
      vertex 18.0621 13.1632 0.799999
      vertex 18.0621 15.2337 0.799999
      vertex 18.1216 14.9788 0.799999
    endloop
  endfacet
  facet normal 0 0 -1
    outer loop
      vertex 17.9862 12.9127 0.799999
      vertex 18.0621 15.2337 0.799999
      vertex 18.0621 13.1632 0.799999
    endloop
  endfacet
  facet normal 0 0 -1
    outer loop
      vertex 17.9862 12.9127 0.799999
      vertex 17.9862 15.4842 0.799999
      vertex 18.0621 15.2337 0.799999
    endloop
  endfacet
  facet normal 0 0 -1
    outer loop
      vertex 17.894 12.6677 0.799999
      vertex 17.9862 15.4842 0.799999
      vertex 17.9862 12.9127 0.799999
    endloop
  endfacet
  facet normal 0 0 -1
    outer loop
      vertex 17.894 12.6677 0.799999
      vertex 17.894 15.7292 0.799999
      vertex 17.9862 15.4842 0.799999
    endloop
  endfacet
  facet normal 0 0 -1
    outer loop
      vertex 17.7859 12.4293 0.799999
      vertex 17.894 15.7292 0.799999
      vertex 17.894 12.6677 0.799999
    endloop
  endfacet
  facet normal 0 0 -1
    outer loop
      vertex 17.7859 12.4293 0.799999
      vertex 17.7859 15.9676 0.799999
      vertex 17.894 15.7292 0.799999
    endloop
  endfacet
  facet normal 0 0 -1
    outer loop
      vertex 17.6625 12.1984 0.799999
      vertex 17.7859 15.9676 0.799999
      vertex 17.7859 12.4293 0.799999
    endloop
  endfacet
  facet normal 0 0 -1
    outer loop
      vertex 17.6625 12.1984 0.799999
      vertex 17.6625 16.1984 0.799999
      vertex 17.7859 15.9676 0.799999
    endloop
  endfacet
  facet normal 0 0 -1
    outer loop
      vertex 17.5243 11.9762 0.799999
      vertex 17.6625 16.1984 0.799999
      vertex 17.6625 12.1984 0.799999
    endloop
  endfacet
  facet normal 0 0 -1
    outer loop
      vertex 17.5243 11.9762 0.799999
      vertex 17.5243 16.4207 0.799999
      vertex 17.6625 16.1984 0.799999
    endloop
  endfacet
  facet normal 0 0 -1
    outer loop
      vertex 17.3719 11.7634 0.799999
      vertex 17.5243 16.4207 0.799999
      vertex 17.5243 11.9762 0.799999
    endloop
  endfacet
  facet normal 0 0 -1
    outer loop
      vertex 17.3719 11.7634 0.799999
      vertex 17.3719 16.6335 0.799999
      vertex 17.5243 16.4207 0.799999
    endloop
  endfacet
  facet normal 0 0 -1
    outer loop
      vertex 17.2058 11.5611 0.799999
      vertex 17.3719 16.6335 0.799999
      vertex 17.3719 11.7634 0.799999
    endloop
  endfacet
  facet normal 0 0 -1
    outer loop
      vertex 17.2058 11.5611 0.799999
      vertex 17.2058 16.8358 0.799999
      vertex 17.3719 16.6335 0.799999
    endloop
  endfacet
  facet normal 0 0 -1
    outer loop
      vertex 17.0269 11.37 0.799999
      vertex 17.2058 16.8358 0.799999
      vertex 17.2058 11.5611 0.799999
    endloop
  endfacet
  facet normal 0 0 -1
    outer loop
      vertex 17.0269 11.37 0.799999
      vertex 17.0269 17.0269 0.799999
      vertex 17.2058 16.8358 0.799999
    endloop
  endfacet
  facet normal 0 0 -1
    outer loop
      vertex 16.8358 11.1911 0.799999
      vertex 17.0269 17.0269 0.799999
      vertex 17.0269 11.37 0.799999
    endloop
  endfacet
  facet normal 0 0 -1
    outer loop
      vertex 16.8358 11.1911 0.799999
      vertex 16.8358 17.2058 0.799999
      vertex 17.0269 17.0269 0.799999
    endloop
  endfacet
  facet normal 0 0 -1
    outer loop
      vertex 16.6335 11.025 0.799999
      vertex 16.8358 17.2058 0.799999
      vertex 16.8358 11.1911 0.799999
    endloop
  endfacet
  facet normal 0 0 -1
    outer loop
      vertex 16.6335 11.025 0.799999
      vertex 16.6335 17.3719 0.799999
      vertex 16.8358 17.2058 0.799999
    endloop
  endfacet
  facet normal 0 0 -1
    outer loop
      vertex 16.4207 10.8726 0.799999
      vertex 16.6335 17.3719 0.799999
      vertex 16.6335 11.025 0.799999
    endloop
  endfacet
  facet normal 0 0 -1
    outer loop
      vertex 16.4207 10.8726 0.799999
      vertex 16.4207 17.5243 0.799999
      vertex 16.6335 17.3719 0.799999
    endloop
  endfacet
  facet normal 0 0 -1
    outer loop
      vertex 16.1984 10.7343 0.799999
      vertex 16.4207 17.5243 0.799999
      vertex 16.4207 10.8726 0.799999
    endloop
  endfacet
  facet normal 0 0 -1
    outer loop
      vertex 16.1984 10.7343 0.799999
      vertex 16.1984 17.6625 0.799999
      vertex 16.4207 17.5243 0.799999
    endloop
  endfacet
  facet normal 0 0 -1
    outer loop
      vertex 15.9676 10.611 0.799999
      vertex 16.1984 17.6625 0.799999
      vertex 16.1984 10.7343 0.799999
    endloop
  endfacet
  facet normal 0 0 -1
    outer loop
      vertex 15.9676 10.611 0.799999
      vertex 15.9676 17.7859 0.799999
      vertex 16.1984 17.6625 0.799999
    endloop
  endfacet
  facet normal 0 0 -1
    outer loop
      vertex 15.7292 10.5029 0.799999
      vertex 15.9676 17.7859 0.799999
      vertex 15.9676 10.611 0.799999
    endloop
  endfacet
  facet normal 0 0 -1
    outer loop
      vertex 15.7292 10.5029 0.799999
      vertex 15.7292 17.894 0.799999
      vertex 15.9676 17.7859 0.799999
    endloop
  endfacet
  facet normal 0 0 -1
    outer loop
      vertex 15.4842 10.4107 0.799999
      vertex 15.7292 17.894 0.799999
      vertex 15.7292 10.5029 0.799999
    endloop
  endfacet
  facet normal 0 0 -1
    outer loop
      vertex 15.4842 10.4107 0.799999
      vertex 15.4842 17.9862 0.799999
      vertex 15.7292 17.894 0.799999
    endloop
  endfacet
  facet normal 0 0 -1
    outer loop
      vertex 15.2337 10.3347 0.799999
      vertex 15.4842 17.9862 0.799999
      vertex 15.4842 10.4107 0.799999
    endloop
  endfacet
  facet normal 0 0 -1
    outer loop
      vertex 15.2337 10.3347 0.799999
      vertex 15.2337 18.0621 0.799999
      vertex 15.4842 17.9862 0.799999
    endloop
  endfacet
  facet normal 0 0 -1
    outer loop
      vertex 14.9788 10.2753 0.799999
      vertex 15.2337 18.0621 0.799999
      vertex 15.2337 10.3347 0.799999
    endloop
  endfacet
  facet normal 0 0 -1
    outer loop
      vertex 14.9788 10.2753 0.799999
      vertex 14.9788 18.1216 0.799999
      vertex 15.2337 18.0621 0.799999
    endloop
  endfacet
  facet normal 0 0 -1
    outer loop
      vertex 14.7206 10.2327 0.799999
      vertex 14.9788 18.1216 0.799999
      vertex 14.9788 10.2753 0.799999
    endloop
  endfacet
  facet normal 0 0 -1
    outer loop
      vertex 14.7206 10.2327 0.799999
      vertex 14.7206 18.1642 0.799999
      vertex 14.9788 18.1216 0.799999
    endloop
  endfacet
  facet normal 0 0 -1
    outer loop
      vertex 14.4601 10.207 0.799999
      vertex 14.7206 18.1642 0.799999
      vertex 14.7206 10.2327 0.799999
    endloop
  endfacet
  facet normal 0 0 -1
    outer loop
      vertex 14.4601 10.207 0.799999
      vertex 14.4601 18.1899 0.799999
      vertex 14.7206 18.1642 0.799999
    endloop
  endfacet
  facet normal 0 0 -1
    outer loop
      vertex 14.1984 10.1984 0.799999
      vertex 14.4601 18.1899 0.799999
      vertex 14.4601 10.207 0.799999
    endloop
  endfacet
  facet normal 0 0 -1
    outer loop
      vertex 14.1984 10.1984 0.799999
      vertex 14.1984 18.1984 0.799999
      vertex 14.4601 18.1899 0.799999
    endloop
  endfacet
  facet normal 0 0 -1
    outer loop
      vertex 13.9368 10.207 0.799999
      vertex 14.1984 18.1984 0.799999
      vertex 14.1984 10.1984 0.799999
    endloop
  endfacet
  facet normal 0 0 -1
    outer loop
      vertex 13.9368 10.207 0.799999
      vertex 13.9368 18.1899 0.799999
      vertex 14.1984 18.1984 0.799999
    endloop
  endfacet
  facet normal 0 0 -1
    outer loop
      vertex 13.6763 10.2327 0.799999
      vertex 13.9368 18.1899 0.799999
      vertex 13.9368 10.207 0.799999
    endloop
  endfacet
  facet normal 0 0 -1
    outer loop
      vertex 13.6763 10.2327 0.799999
      vertex 13.6763 18.1642 0.799999
      vertex 13.9368 18.1899 0.799999
    endloop
  endfacet
  facet normal 0 0 -1
    outer loop
      vertex 13.4181 10.2753 0.799999
      vertex 13.6763 18.1642 0.799999
      vertex 13.6763 10.2327 0.799999
    endloop
  endfacet
  facet normal 0 0 -1
    outer loop
      vertex 13.4181 10.2753 0.799999
      vertex 13.4181 18.1216 0.799999
      vertex 13.6763 18.1642 0.799999
    endloop
  endfacet
  facet normal 0 0 -1
    outer loop
      vertex 13.1632 10.3347 0.799999
      vertex 13.4181 18.1216 0.799999
      vertex 13.4181 10.2753 0.799999
    endloop
  endfacet
  facet normal 0 0 -1
    outer loop
      vertex 13.1632 10.3347 0.799999
      vertex 13.1632 18.0621 0.799999
      vertex 13.4181 18.1216 0.799999
    endloop
  endfacet
  facet normal 0 0 -1
    outer loop
      vertex 12.9127 10.4107 0.799999
      vertex 13.1632 18.0621 0.799999
      vertex 13.1632 10.3347 0.799999
    endloop
  endfacet
  facet normal 0 0 -1
    outer loop
      vertex 12.9127 10.4107 0.799999
      vertex 12.9127 17.9862 0.799999
      vertex 13.1632 18.0621 0.799999
    endloop
  endfacet
  facet normal 0 0 -1
    outer loop
      vertex 12.6677 10.5029 0.799999
      vertex 12.9127 17.9862 0.799999
      vertex 12.9127 10.4107 0.799999
    endloop
  endfacet
  facet normal 0 0 -1
    outer loop
      vertex 12.6677 10.5029 0.799999
      vertex 12.6677 17.894 0.799999
      vertex 12.9127 17.9862 0.799999
    endloop
  endfacet
  facet normal 0 0 -1
    outer loop
      vertex 12.4293 10.611 0.799999
      vertex 12.6677 17.894 0.799999
      vertex 12.6677 10.5029 0.799999
    endloop
  endfacet
  facet normal 0 0 -1
    outer loop
      vertex 12.4293 10.611 0.799999
      vertex 12.4293 17.7859 0.799999
      vertex 12.6677 17.894 0.799999
    endloop
  endfacet
  facet normal 0 0 -1
    outer loop
      vertex 12.1984 10.7343 0.799999
      vertex 12.4293 17.7859 0.799999
      vertex 12.4293 10.611 0.799999
    endloop
  endfacet
  facet normal 0 0 -1
    outer loop
      vertex 12.1984 10.7343 0.799999
      vertex 12.1984 17.6625 0.799999
      vertex 12.4293 17.7859 0.799999
    endloop
  endfacet
  facet normal 0 0 -1
    outer loop
      vertex 11.9762 10.8726 0.799999
      vertex 12.1984 17.6625 0.799999
      vertex 12.1984 10.7343 0.799999
    endloop
  endfacet
  facet normal 0 0 -1
    outer loop
      vertex 11.9762 10.8726 0.799999
      vertex 11.9762 17.5243 0.799999
      vertex 12.1984 17.6625 0.799999
    endloop
  endfacet
  facet normal 0 0 -1
    outer loop
      vertex 11.7634 11.025 0.799999
      vertex 11.9762 17.5243 0.799999
      vertex 11.9762 10.8726 0.799999
    endloop
  endfacet
  facet normal 0 0 -1
    outer loop
      vertex 11.7634 11.025 0.799999
      vertex 11.7634 17.3719 0.799999
      vertex 11.9762 17.5243 0.799999
    endloop
  endfacet
  facet normal 0 0 -1
    outer loop
      vertex 11.5611 11.1911 0.799999
      vertex 11.7634 17.3719 0.799999
      vertex 11.7634 11.025 0.799999
    endloop
  endfacet
  facet normal 0 0 -1
    outer loop
      vertex 11.5611 11.1911 0.799999
      vertex 11.5611 17.2058 0.799999
      vertex 11.7634 17.3719 0.799999
    endloop
  endfacet
  facet normal 0 0 -1
    outer loop
      vertex 11.37 11.37 0.799999
      vertex 11.5611 17.2058 0.799999
      vertex 11.5611 11.1911 0.799999
    endloop
  endfacet
  facet normal 0 0 -1
    outer loop
      vertex 11.37 11.37 0.799999
      vertex 11.37 17.0269 0.799999
      vertex 11.5611 17.2058 0.799999
    endloop
  endfacet
  facet normal 0 0 -1
    outer loop
      vertex 11.1911 11.5611 0.799999
      vertex 11.37 17.0269 0.799999
      vertex 11.37 11.37 0.799999
    endloop
  endfacet
  facet normal 0 0 -1
    outer loop
      vertex 11.1911 11.5611 0.799999
      vertex 11.1911 16.8358 0.799999
      vertex 11.37 17.0269 0.799999
    endloop
  endfacet
  facet normal 0 0 -1
    outer loop
      vertex 11.025 11.7634 0.799999
      vertex 11.1911 16.8358 0.799999
      vertex 11.1911 11.5611 0.799999
    endloop
  endfacet
  facet normal 0 0 -1
    outer loop
      vertex 11.025 11.7634 0.799999
      vertex 11.025 16.6335 0.799999
      vertex 11.1911 16.8358 0.799999
    endloop
  endfacet
  facet normal 0 0 -1
    outer loop
      vertex 10.8726 11.9762 0.799999
      vertex 11.025 16.6335 0.799999
      vertex 11.025 11.7634 0.799999
    endloop
  endfacet
  facet normal 0 0 -1
    outer loop
      vertex 10.8726 11.9762 0.799999
      vertex 10.8726 16.4207 0.799999
      vertex 11.025 16.6335 0.799999
    endloop
  endfacet
  facet normal 0 0 -1
    outer loop
      vertex 10.7343 12.1984 0.799999
      vertex 10.8726 16.4207 0.799999
      vertex 10.8726 11.9762 0.799999
    endloop
  endfacet
  facet normal 0 0 -1
    outer loop
      vertex 10.7343 12.1984 0.799999
      vertex 10.7343 16.1984 0.799999
      vertex 10.8726 16.4207 0.799999
    endloop
  endfacet
  facet normal 0 0 -1
    outer loop
      vertex 10.611 12.4293 0.799999
      vertex 10.7343 16.1984 0.799999
      vertex 10.7343 12.1984 0.799999
    endloop
  endfacet
  facet normal 0 0 -1
    outer loop
      vertex 10.611 12.4293 0.799999
      vertex 10.611 15.9676 0.799999
      vertex 10.7343 16.1984 0.799999
    endloop
  endfacet
  facet normal 0 0 -1
    outer loop
      vertex 10.5029 12.6677 0.799999
      vertex 10.611 15.9676 0.799999
      vertex 10.611 12.4293 0.799999
    endloop
  endfacet
  facet normal 0 0 -1
    outer loop
      vertex 10.5029 12.6677 0.799999
      vertex 10.5029 15.7292 0.799999
      vertex 10.611 15.9676 0.799999
    endloop
  endfacet
  facet normal 0 0 -1
    outer loop
      vertex 10.4107 12.9127 0.799999
      vertex 10.5029 15.7292 0.799999
      vertex 10.5029 12.6677 0.799999
    endloop
  endfacet
  facet normal 0 0 -1
    outer loop
      vertex 10.4107 12.9127 0.799999
      vertex 10.4107 15.4842 0.799999
      vertex 10.5029 15.7292 0.799999
    endloop
  endfacet
  facet normal 0 0 -1
    outer loop
      vertex 10.3347 13.1632 0.799999
      vertex 10.4107 15.4842 0.799999
      vertex 10.4107 12.9127 0.799999
    endloop
  endfacet
  facet normal 0 0 -1
    outer loop
      vertex 10.3347 13.1632 0.799999
      vertex 10.3347 15.2337 0.799999
      vertex 10.4107 15.4842 0.799999
    endloop
  endfacet
  facet normal 0 0 -1
    outer loop
      vertex 10.2753 13.4181 0.799999
      vertex 10.3347 15.2337 0.799999
      vertex 10.3347 13.1632 0.799999
    endloop
  endfacet
  facet normal 0 0 -1
    outer loop
      vertex 10.2753 13.4181 0.799999
      vertex 10.2753 14.9788 0.799999
      vertex 10.3347 15.2337 0.799999
    endloop
  endfacet
  facet normal 0 0 -1
    outer loop
      vertex 10.2327 13.6763 0.799999
      vertex 10.2753 14.9788 0.799999
      vertex 10.2753 13.4181 0.799999
    endloop
  endfacet
  facet normal 0 0 -1
    outer loop
      vertex 10.2327 13.6763 0.799999
      vertex 10.2327 14.7206 0.799999
      vertex 10.2753 14.9788 0.799999
    endloop
  endfacet
  facet normal 0 0 -1
    outer loop
      vertex 10.207 13.9368 0.799999
      vertex 10.2327 14.7206 0.799999
      vertex 10.2327 13.6763 0.799999
    endloop
  endfacet
  facet normal 0 0 -1
    outer loop
      vertex 10.207 13.9368 0.799999
      vertex 10.207 14.4601 0.799999
      vertex 10.2327 14.7206 0.799999
    endloop
  endfacet
  facet normal 0 -0 -1
    outer loop
      vertex 10.207 14.4601 0.799999
      vertex 10.207 13.9368 0.799999
      vertex 10.1984 14.1984 0.799999
    endloop
  endfacet
  facet normal -0.957034 0.289976 0
    outer loop
      vertex 17.9862 12.9127 0
      vertex 18.0621 13.1632 0.799999
      vertex 18.0621 13.1632 0
    endloop
  endfacet
  facet normal -0.957034 0.289976 0
    outer loop
      vertex 18.0621 13.1632 0.799999
      vertex 17.9862 12.9127 0
      vertex 17.9862 12.9127 0.799999
    endloop
  endfacet
  facet normal -0.957034 -0.289976 0
    outer loop
      vertex 18.0621 15.2337 0
      vertex 17.9862 15.4842 0.799999
      vertex 17.9862 15.4842 0
    endloop
  endfacet
  facet normal -0.957034 -0.289976 0
    outer loop
      vertex 17.9862 15.4842 0.799999
      vertex 18.0621 15.2337 0
      vertex 18.0621 15.2337 0.799999
    endloop
  endfacet
  facet normal -0.58225 0.81301 0
    outer loop
      vertex 16.6335 11.025 0
      vertex 16.4207 10.8726 0.799999
      vertex 16.6335 11.025 0.799999
    endloop
  endfacet
  facet normal -0.58225 0.81301 0
    outer loop
      vertex 16.4207 10.8726 0.799999
      vertex 16.6335 11.025 0
      vertex 16.4207 10.8726 0
    endloop
  endfacet
  facet normal 0.0328569 0.99946 -0
    outer loop
      vertex 14.1984 10.1984 0
      vertex 13.9368 10.207 0.799999
      vertex 14.1984 10.1984 0.799999
    endloop
  endfacet
  facet normal 0.0328569 0.99946 0
    outer loop
      vertex 13.9368 10.207 0.799999
      vertex 14.1984 10.1984 0
      vertex 13.9368 10.207 0
    endloop
  endfacet
  facet normal 0.290325 0.956928 -0
    outer loop
      vertex 13.1632 10.3347 0
      vertex 12.9127 10.4107 0.799999
      vertex 13.1632 10.3347 0.799999
    endloop
  endfacet
  facet normal 0.290325 0.956928 0
    outer loop
      vertex 12.9127 10.4107 0.799999
      vertex 13.1632 10.3347 0
      vertex 12.9127 10.4107 0
    endloop
  endfacet
  facet normal 0.412968 0.910746 -0
    outer loop
      vertex 12.6677 10.5029 0
      vertex 12.4293 10.611 0.799999
      vertex 12.6677 10.5029 0.799999
    endloop
  endfacet
  facet normal 0.412968 0.910746 0
    outer loop
      vertex 12.4293 10.611 0.799999
      vertex 12.6677 10.5029 0
      vertex 12.4293 10.611 0
    endloop
  endfacet
  facet normal 0.528418 0.848984 -0
    outer loop
      vertex 12.1984 10.7343 0
      vertex 11.9762 10.8726 0.799999
      vertex 12.1984 10.7343 0.799999
    endloop
  endfacet
  facet normal 0.528418 0.848984 0
    outer loop
      vertex 11.9762 10.8726 0.799999
      vertex 12.1984 10.7343 0
      vertex 11.9762 10.8726 0
    endloop
  endfacet
  facet normal 0.634568 0.772867 -0
    outer loop
      vertex 11.7634 11.025 0
      vertex 11.5611 11.1911 0.799999
      vertex 11.7634 11.025 0.799999
    endloop
  endfacet
  facet normal 0.634568 0.772867 0
    outer loop
      vertex 11.5611 11.1911 0.799999
      vertex 11.7634 11.025 0
      vertex 11.5611 11.1911 0
    endloop
  endfacet
  facet normal -0.881866 -0.4715 0
    outer loop
      vertex 17.7859 15.9676 0
      vertex 17.6625 16.1984 0.799999
      vertex 17.6625 16.1984 0
    endloop
  endfacet
  facet normal -0.881866 -0.4715 0
    outer loop
      vertex 17.6625 16.1984 0.799999
      vertex 17.7859 15.9676 0
      vertex 17.7859 15.9676 0.799999
    endloop
  endfacet
  facet normal -0.973821 -0.227314 0
    outer loop
      vertex 18.1216 14.9788 0
      vertex 18.0621 15.2337 0.799999
      vertex 18.0621 15.2337 0
    endloop
  endfacet
  facet normal -0.973821 -0.227314 0
    outer loop
      vertex 18.0621 15.2337 0.799999
      vertex 18.1216 14.9788 0
      vertex 18.1216 14.9788 0.799999
    endloop
  endfacet
  facet normal -0.986661 -0.162788 0
    outer loop
      vertex 18.1642 14.7206 0
      vertex 18.1216 14.9788 0.799999
      vertex 18.1216 14.9788 0
    endloop
  endfacet
  facet normal -0.986661 -0.162788 0
    outer loop
      vertex 18.1216 14.9788 0.799999
      vertex 18.1642 14.7206 0
      vertex 18.1642 14.7206 0.799999
    endloop
  endfacet
  facet normal -0.999473 -0.0324628 0
    outer loop
      vertex 18.1984 14.1984 0
      vertex 18.1899 14.4601 0.799999
      vertex 18.1899 14.4601 0
    endloop
  endfacet
  facet normal -0.999473 -0.0324628 0
    outer loop
      vertex 18.1899 14.4601 0.799999
      vertex 18.1984 14.1984 0
      vertex 18.1984 14.1984 0.799999
    endloop
  endfacet
  facet normal -0.999473 0.0324752 0
    outer loop
      vertex 18.1899 13.9368 0
      vertex 18.1984 14.1984 0.799999
      vertex 18.1984 14.1984 0
    endloop
  endfacet
  facet normal -0.999473 0.0324752 0
    outer loop
      vertex 18.1984 14.1984 0.799999
      vertex 18.1899 13.9368 0
      vertex 18.1899 13.9368 0.799999
    endloop
  endfacet
  facet normal -0.730025 0.68342 0
    outer loop
      vertex 17.0269 11.37 0
      vertex 17.2058 11.5611 0.799999
      vertex 17.2058 11.5611 0
    endloop
  endfacet
  facet normal -0.730025 0.68342 0
    outer loop
      vertex 17.2058 11.5611 0.799999
      vertex 17.0269 11.37 0
      vertex 17.0269 11.37 0.799999
    endloop
  endfacet
  facet normal -0.290325 0.956928 0
    outer loop
      vertex 15.4842 10.4107 0
      vertex 15.2337 10.3347 0.799999
      vertex 15.4842 10.4107 0.799999
    endloop
  endfacet
  facet normal -0.290325 0.956928 0
    outer loop
      vertex 15.2337 10.3347 0.799999
      vertex 15.4842 10.4107 0
      vertex 15.2337 10.3347 0
    endloop
  endfacet
  facet normal -0.0328443 0.99946 0
    outer loop
      vertex 14.4601 10.207 0
      vertex 14.1984 10.1984 0.799999
      vertex 14.4601 10.207 0.799999
    endloop
  endfacet
  facet normal -0.0328443 0.99946 0
    outer loop
      vertex 14.1984 10.1984 0.799999
      vertex 14.4601 10.207 0
      vertex 14.1984 10.1984 0
    endloop
  endfacet
  facet normal 0.162788 0.986661 -0
    outer loop
      vertex 13.6763 10.2327 0
      vertex 13.4181 10.2753 0.799999
      vertex 13.6763 10.2327 0.799999
    endloop
  endfacet
  facet normal 0.162788 0.986661 0
    outer loop
      vertex 13.4181 10.2753 0.799999
      vertex 13.6763 10.2327 0
      vertex 13.4181 10.2753 0
    endloop
  endfacet
  facet normal 0.352212 0.93592 -0
    outer loop
      vertex 12.9127 10.4107 0
      vertex 12.6677 10.5029 0.799999
      vertex 12.9127 10.4107 0.799999
    endloop
  endfacet
  facet normal 0.352212 0.93592 0
    outer loop
      vertex 12.6677 10.5029 0.799999
      vertex 12.9127 10.4107 0
      vertex 12.6677 10.5029 0
    endloop
  endfacet
  facet normal 0.471044 0.88211 -0
    outer loop
      vertex 12.4293 10.611 0
      vertex 12.1984 10.7343 0.799999
      vertex 12.4293 10.611 0.799999
    endloop
  endfacet
  facet normal 0.471044 0.88211 0
    outer loop
      vertex 12.1984 10.7343 0.799999
      vertex 12.4293 10.611 0
      vertex 12.1984 10.7343 0
    endloop
  endfacet
  facet normal -0.881951 0.471341 0
    outer loop
      vertex 17.6625 12.1984 0
      vertex 17.7859 12.4293 0.799999
      vertex 17.7859 12.4293 0
    endloop
  endfacet
  facet normal -0.881951 0.471341 0
    outer loop
      vertex 17.7859 12.4293 0.799999
      vertex 17.6625 12.1984 0
      vertex 17.6625 12.1984 0.799999
    endloop
  endfacet
  facet normal -0.986661 0.162788 0
    outer loop
      vertex 18.1216 13.4181 0
      vertex 18.1642 13.6763 0.799999
      vertex 18.1642 13.6763 0
    endloop
  endfacet
  facet normal -0.986661 0.162788 0
    outer loop
      vertex 18.1642 13.6763 0.799999
      vertex 18.1216 13.4181 0
      vertex 18.1216 13.4181 0.799999
    endloop
  endfacet
  facet normal -0.973821 0.227314 0
    outer loop
      vertex 18.0621 13.1632 0
      vertex 18.1216 13.4181 0.799999
      vertex 18.1216 13.4181 0
    endloop
  endfacet
  facet normal -0.973821 0.227314 0
    outer loop
      vertex 18.1216 13.4181 0.799999
      vertex 18.0621 13.1632 0
      vertex 18.0621 13.1632 0.799999
    endloop
  endfacet
  facet normal -0.995169 0.0981798 0
    outer loop
      vertex 18.1642 13.6763 0
      vertex 18.1899 13.9368 0.799999
      vertex 18.1899 13.9368 0
    endloop
  endfacet
  facet normal -0.995169 0.0981798 0
    outer loop
      vertex 18.1899 13.9368 0.799999
      vertex 18.1642 13.6763 0
      vertex 18.1642 13.6763 0.799999
    endloop
  endfacet
  facet normal -0.471203 0.882025 0
    outer loop
      vertex 16.1984 10.7343 0
      vertex 15.9676 10.611 0.799999
      vertex 16.1984 10.7343 0.799999
    endloop
  endfacet
  facet normal -0.471203 0.882025 0
    outer loop
      vertex 15.9676 10.611 0.799999
      vertex 16.1984 10.7343 0
      vertex 15.9676 10.611 0
    endloop
  endfacet
  facet normal -0.528247 0.849091 0
    outer loop
      vertex 16.4207 10.8726 0
      vertex 16.1984 10.7343 0.799999
      vertex 16.4207 10.8726 0.799999
    endloop
  endfacet
  facet normal -0.528247 0.849091 0
    outer loop
      vertex 16.1984 10.7343 0.799999
      vertex 16.4207 10.8726 0
      vertex 16.1984 10.7343 0
    endloop
  endfacet
  facet normal -0.0981798 0.995169 0
    outer loop
      vertex 14.7206 10.2327 0
      vertex 14.4601 10.207 0.799999
      vertex 14.7206 10.2327 0.799999
    endloop
  endfacet
  facet normal -0.0981798 0.995169 0
    outer loop
      vertex 14.4601 10.207 0.799999
      vertex 14.7206 10.2327 0
      vertex 14.4601 10.207 0
    endloop
  endfacet
  facet normal -0.226952 0.973906 0
    outer loop
      vertex 15.2337 10.3347 0
      vertex 14.9788 10.2753 0.799999
      vertex 15.2337 10.3347 0.799999
    endloop
  endfacet
  facet normal -0.226952 0.973906 0
    outer loop
      vertex 14.9788 10.2753 0.799999
      vertex 15.2337 10.3347 0
      vertex 14.9788 10.2753 0
    endloop
  endfacet
  facet normal -0.412968 0.910746 0
    outer loop
      vertex 15.9676 10.611 0
      vertex 15.7292 10.5029 0.799999
      vertex 15.9676 10.611 0.799999
    endloop
  endfacet
  facet normal -0.412968 0.910746 0
    outer loop
      vertex 15.7292 10.5029 0.799999
      vertex 15.9676 10.611 0
      vertex 15.7292 10.5029 0
    endloop
  endfacet
  facet normal 0.0981798 0.995169 -0
    outer loop
      vertex 13.9368 10.207 0
      vertex 13.6763 10.2327 0.799999
      vertex 13.9368 10.207 0.799999
    endloop
  endfacet
  facet normal 0.0981798 0.995169 0
    outer loop
      vertex 13.6763 10.2327 0.799999
      vertex 13.9368 10.207 0
      vertex 13.6763 10.2327 0
    endloop
  endfacet
  facet normal -0.162788 0.986661 0
    outer loop
      vertex 14.9788 10.2753 0
      vertex 14.7206 10.2327 0.799999
      vertex 14.9788 10.2753 0.799999
    endloop
  endfacet
  facet normal -0.162788 0.986661 0
    outer loop
      vertex 14.7206 10.2327 0.799999
      vertex 14.9788 10.2753 0
      vertex 14.7206 10.2327 0
    endloop
  endfacet
  facet normal -0.352212 0.93592 0
    outer loop
      vertex 15.7292 10.5029 0
      vertex 15.4842 10.4107 0.799999
      vertex 15.7292 10.5029 0.799999
    endloop
  endfacet
  facet normal -0.352212 0.93592 0
    outer loop
      vertex 15.4842 10.4107 0.799999
      vertex 15.7292 10.5029 0
      vertex 15.4842 10.4107 0
    endloop
  endfacet
  facet normal 0.730025 -0.68342 0
    outer loop
      vertex -17.2058 16.8358 0.799999
      vertex -17.0269 17.0269 0
      vertex -17.0269 17.0269 0.799999
    endloop
  endfacet
  facet normal 0.730025 -0.68342 0
    outer loop
      vertex -17.0269 17.0269 0
      vertex -17.2058 16.8358 0.799999
      vertex -17.2058 16.8358 0
    endloop
  endfacet
  facet normal 0.0324628 -0.999473 0
    outer loop
      vertex -14.4601 18.1899 0
      vertex -14.1984 18.1984 0.799999
      vertex -14.4601 18.1899 0.799999
    endloop
  endfacet
  facet normal 0.0324628 -0.999473 0
    outer loop
      vertex -14.1984 18.1984 0.799999
      vertex -14.4601 18.1899 0
      vertex -14.1984 18.1984 0
    endloop
  endfacet
  facet normal 0.93592 -0.352212 0
    outer loop
      vertex -17.9862 15.4842 0.799999
      vertex -17.894 15.7292 0
      vertex -17.894 15.7292 0.799999
    endloop
  endfacet
  facet normal 0.93592 -0.352212 0
    outer loop
      vertex -17.894 15.7292 0
      vertex -17.9862 15.4842 0.799999
      vertex -17.9862 15.4842 0
    endloop
  endfacet
  facet normal 0.68342 0.730025 -0
    outer loop
      vertex -16.8358 11.1911 0
      vertex -17.0269 11.37 0.799999
      vertex -16.8358 11.1911 0.799999
    endloop
  endfacet
  facet normal 0.68342 0.730025 0
    outer loop
      vertex -17.0269 11.37 0.799999
      vertex -16.8358 11.1911 0
      vertex -17.0269 11.37 0
    endloop
  endfacet
  facet normal 0.910746 0.412968 0
    outer loop
      vertex -17.7859 12.4293 0.799999
      vertex -17.894 12.6677 0
      vertex -17.894 12.6677 0.799999
    endloop
  endfacet
  facet normal 0.910746 0.412968 0
    outer loop
      vertex -17.894 12.6677 0
      vertex -17.7859 12.4293 0.799999
      vertex -17.7859 12.4293 0
    endloop
  endfacet
  facet normal -0.290325 0.956928 0
    outer loop
      vertex -12.9127 10.4107 0
      vertex -13.1632 10.3347 0.799999
      vertex -12.9127 10.4107 0.799999
    endloop
  endfacet
  facet normal -0.290325 0.956928 0
    outer loop
      vertex -13.1632 10.3347 0.799999
      vertex -12.9127 10.4107 0
      vertex -13.1632 10.3347 0
    endloop
  endfacet
  facet normal -0.68342 0.730025 0
    outer loop
      vertex -11.37 11.37 0
      vertex -11.5611 11.1911 0.799999
      vertex -11.37 11.37 0.799999
    endloop
  endfacet
  facet normal -0.68342 0.730025 0
    outer loop
      vertex -11.5611 11.1911 0.799999
      vertex -11.37 11.37 0
      vertex -11.5611 11.1911 0
    endloop
  endfacet
  facet normal 0.0328443 0.99946 -0
    outer loop
      vertex -14.1984 10.1984 0
      vertex -14.4601 10.207 0.799999
      vertex -14.1984 10.1984 0.799999
    endloop
  endfacet
  facet normal 0.0328443 0.99946 0
    outer loop
      vertex -14.4601 10.207 0.799999
      vertex -14.1984 10.1984 0
      vertex -14.4601 10.207 0
    endloop
  endfacet
  facet normal 0.352212 0.93592 -0
    outer loop
      vertex -15.4842 10.4107 0
      vertex -15.7292 10.5029 0.799999
      vertex -15.4842 10.4107 0.799999
    endloop
  endfacet
  facet normal 0.352212 0.93592 0
    outer loop
      vertex -15.7292 10.5029 0.799999
      vertex -15.4842 10.4107 0
      vertex -15.7292 10.5029 0
    endloop
  endfacet
  facet normal 0.81301 -0.58225 0
    outer loop
      vertex -17.5243 16.4207 0.799999
      vertex -17.3719 16.6335 0
      vertex -17.3719 16.6335 0.799999
    endloop
  endfacet
  facet normal 0.81301 -0.58225 0
    outer loop
      vertex -17.3719 16.6335 0
      vertex -17.5243 16.4207 0.799999
      vertex -17.5243 16.4207 0
    endloop
  endfacet
  facet normal 0.772867 -0.634568 0
    outer loop
      vertex -17.3719 16.6335 0.799999
      vertex -17.2058 16.8358 0
      vertex -17.2058 16.8358 0.799999
    endloop
  endfacet
  facet normal 0.772867 -0.634568 0
    outer loop
      vertex -17.2058 16.8358 0
      vertex -17.3719 16.6335 0.799999
      vertex -17.3719 16.6335 0
    endloop
  endfacet
  facet normal 0.881866 -0.4715 0
    outer loop
      vertex -17.7859 15.9676 0.799999
      vertex -17.6625 16.1984 0
      vertex -17.6625 16.1984 0.799999
    endloop
  endfacet
  facet normal 0.881866 -0.4715 0
    outer loop
      vertex -17.6625 16.1984 0
      vertex -17.7859 15.9676 0.799999
      vertex -17.7859 15.9676 0
    endloop
  endfacet
  facet normal 0.999473 -0.0324628 0
    outer loop
      vertex -18.1984 14.1984 0.799999
      vertex -18.1899 14.4601 0
      vertex -18.1899 14.4601 0.799999
    endloop
  endfacet
  facet normal 0.999473 -0.0324628 0
    outer loop
      vertex -18.1899 14.4601 0
      vertex -18.1984 14.1984 0.799999
      vertex -18.1984 14.1984 0
    endloop
  endfacet
  facet normal 0.973821 -0.227314 0
    outer loop
      vertex -18.1216 14.9788 0.799999
      vertex -18.0621 15.2337 0
      vertex -18.0621 15.2337 0.799999
    endloop
  endfacet
  facet normal 0.973821 -0.227314 0
    outer loop
      vertex -18.0621 15.2337 0
      vertex -18.1216 14.9788 0.799999
      vertex -18.1216 14.9788 0
    endloop
  endfacet
  facet normal 0.81301 0.58225 0
    outer loop
      vertex -17.3719 11.7634 0.799999
      vertex -17.5243 11.9762 0
      vertex -17.5243 11.9762 0.799999
    endloop
  endfacet
  facet normal 0.81301 0.58225 0
    outer loop
      vertex -17.5243 11.9762 0
      vertex -17.3719 11.7634 0.799999
      vertex -17.3719 11.7634 0
    endloop
  endfacet
  facet normal 0.995169 0.0981798 0
    outer loop
      vertex -18.1642 13.6763 0.799999
      vertex -18.1899 13.9368 0
      vertex -18.1899 13.9368 0.799999
    endloop
  endfacet
  facet normal 0.995169 0.0981798 0
    outer loop
      vertex -18.1899 13.9368 0
      vertex -18.1642 13.6763 0.799999
      vertex -18.1642 13.6763 0
    endloop
  endfacet
  facet normal -0.226952 0.973906 0
    outer loop
      vertex -13.1632 10.3347 0
      vertex -13.4181 10.2753 0.799999
      vertex -13.1632 10.3347 0.799999
    endloop
  endfacet
  facet normal -0.226952 0.973906 0
    outer loop
      vertex -13.4181 10.2753 0.799999
      vertex -13.1632 10.3347 0
      vertex -13.4181 10.2753 0
    endloop
  endfacet
  facet normal -0.412968 0.910746 0
    outer loop
      vertex -12.4293 10.611 0
      vertex -12.6677 10.5029 0.799999
      vertex -12.4293 10.611 0.799999
    endloop
  endfacet
  facet normal -0.412968 0.910746 0
    outer loop
      vertex -12.6677 10.5029 0.799999
      vertex -12.4293 10.611 0
      vertex -12.6677 10.5029 0
    endloop
  endfacet
  facet normal 0.162788 0.986661 -0
    outer loop
      vertex -14.7206 10.2327 0
      vertex -14.9788 10.2753 0.799999
      vertex -14.7206 10.2327 0.799999
    endloop
  endfacet
  facet normal 0.162788 0.986661 0
    outer loop
      vertex -14.9788 10.2753 0.799999
      vertex -14.7206 10.2327 0
      vertex -14.9788 10.2753 0
    endloop
  endfacet
  facet normal 0.0981798 0.995169 -0
    outer loop
      vertex -14.4601 10.207 0
      vertex -14.7206 10.2327 0.799999
      vertex -14.4601 10.207 0.799999
    endloop
  endfacet
  facet normal 0.0981798 0.995169 0
    outer loop
      vertex -14.7206 10.2327 0.799999
      vertex -14.4601 10.207 0
      vertex -14.7206 10.2327 0
    endloop
  endfacet
  facet normal 0.68342 -0.730025 0
    outer loop
      vertex -17.0269 17.0269 0
      vertex -16.8358 17.2058 0.799999
      vertex -17.0269 17.0269 0.799999
    endloop
  endfacet
  facet normal 0.68342 -0.730025 0
    outer loop
      vertex -16.8358 17.2058 0.799999
      vertex -17.0269 17.0269 0
      vertex -16.8358 17.2058 0
    endloop
  endfacet
  facet normal -0.910746 0.412968 0
    outer loop
      vertex -10.611 12.4293 0
      vertex -10.5029 12.6677 0.799999
      vertex -10.5029 12.6677 0
    endloop
  endfacet
  facet normal -0.910746 0.412968 0
    outer loop
      vertex -10.5029 12.6677 0.799999
      vertex -10.611 12.4293 0
      vertex -10.611 12.4293 0.799999
    endloop
  endfacet
  facet normal -0.412968 -0.910746 0
    outer loop
      vertex -12.6677 17.894 0
      vertex -12.4293 17.7859 0.799999
      vertex -12.6677 17.894 0.799999
    endloop
  endfacet
  facet normal -0.412968 -0.910746 -0
    outer loop
      vertex -12.4293 17.7859 0.799999
      vertex -12.6677 17.894 0
      vertex -12.4293 17.7859 0
    endloop
  endfacet
  facet normal -0.634568 -0.772867 0
    outer loop
      vertex -11.7634 17.3719 0
      vertex -11.5611 17.2058 0.799999
      vertex -11.7634 17.3719 0.799999
    endloop
  endfacet
  facet normal -0.634568 -0.772867 -0
    outer loop
      vertex -11.5611 17.2058 0.799999
      vertex -11.7634 17.3719 0
      vertex -11.5611 17.2058 0
    endloop
  endfacet
  facet normal 0.849262 -0.527971 0
    outer loop
      vertex -17.6625 16.1984 0.799999
      vertex -17.5243 16.4207 0
      vertex -17.5243 16.4207 0.799999
    endloop
  endfacet
  facet normal 0.849262 -0.527971 0
    outer loop
      vertex -17.5243 16.4207 0
      vertex -17.6625 16.1984 0.799999
      vertex -17.6625 16.1984 0
    endloop
  endfacet
  facet normal 0.999473 0.0324752 0
    outer loop
      vertex -18.1899 13.9368 0.799999
      vertex -18.1984 14.1984 0
      vertex -18.1984 14.1984 0.799999
    endloop
  endfacet
  facet normal 0.999473 0.0324752 0
    outer loop
      vertex -18.1984 14.1984 0
      vertex -18.1899 13.9368 0.799999
      vertex -18.1899 13.9368 0
    endloop
  endfacet
  facet normal 0.986661 -0.162788 0
    outer loop
      vertex -18.1642 14.7206 0.799999
      vertex -18.1216 14.9788 0
      vertex -18.1216 14.9788 0.799999
    endloop
  endfacet
  facet normal 0.986661 -0.162788 0
    outer loop
      vertex -18.1216 14.9788 0
      vertex -18.1642 14.7206 0.799999
      vertex -18.1642 14.7206 0
    endloop
  endfacet
  facet normal 0.957034 -0.289976 0
    outer loop
      vertex -18.0621 15.2337 0.799999
      vertex -17.9862 15.4842 0
      vertex -17.9862 15.4842 0.799999
    endloop
  endfacet
  facet normal 0.957034 -0.289976 0
    outer loop
      vertex -17.9862 15.4842 0
      vertex -18.0621 15.2337 0.799999
      vertex -18.0621 15.2337 0
    endloop
  endfacet
  facet normal 0.881951 0.471341 0
    outer loop
      vertex -17.6625 12.1984 0.799999
      vertex -17.7859 12.4293 0
      vertex -17.7859 12.4293 0.799999
    endloop
  endfacet
  facet normal 0.881951 0.471341 0
    outer loop
      vertex -17.7859 12.4293 0
      vertex -17.6625 12.1984 0.799999
      vertex -17.6625 12.1984 0
    endloop
  endfacet
  facet normal 0.849156 0.528143 0
    outer loop
      vertex -17.5243 11.9762 0.799999
      vertex -17.6625 12.1984 0
      vertex -17.6625 12.1984 0.799999
    endloop
  endfacet
  facet normal 0.849156 0.528143 0
    outer loop
      vertex -17.6625 12.1984 0
      vertex -17.5243 11.9762 0.799999
      vertex -17.5243 11.9762 0
    endloop
  endfacet
  facet normal 0.772867 0.634568 0
    outer loop
      vertex -17.2058 11.5611 0.799999
      vertex -17.3719 11.7634 0
      vertex -17.3719 11.7634 0.799999
    endloop
  endfacet
  facet normal 0.772867 0.634568 0
    outer loop
      vertex -17.3719 11.7634 0
      vertex -17.2058 11.5611 0.799999
      vertex -17.2058 11.5611 0
    endloop
  endfacet
  facet normal 0.957034 0.289976 0
    outer loop
      vertex -17.9862 12.9127 0.799999
      vertex -18.0621 13.1632 0
      vertex -18.0621 13.1632 0.799999
    endloop
  endfacet
  facet normal 0.957034 0.289976 0
    outer loop
      vertex -18.0621 13.1632 0
      vertex -17.9862 12.9127 0.799999
      vertex -17.9862 12.9127 0
    endloop
  endfacet
  facet normal 0.986661 0.162788 0
    outer loop
      vertex -18.1216 13.4181 0.799999
      vertex -18.1642 13.6763 0
      vertex -18.1642 13.6763 0.799999
    endloop
  endfacet
  facet normal 0.986661 0.162788 0
    outer loop
      vertex -18.1642 13.6763 0
      vertex -18.1216 13.4181 0.799999
      vertex -18.1216 13.4181 0
    endloop
  endfacet
  facet normal 0.973821 0.227314 0
    outer loop
      vertex -18.0621 13.1632 0.799999
      vertex -18.1216 13.4181 0
      vertex -18.1216 13.4181 0.799999
    endloop
  endfacet
  facet normal 0.973821 0.227314 0
    outer loop
      vertex -18.1216 13.4181 0
      vertex -18.0621 13.1632 0.799999
      vertex -18.0621 13.1632 0
    endloop
  endfacet
  facet normal -0.0981798 0.995169 0
    outer loop
      vertex -13.6763 10.2327 0
      vertex -13.9368 10.207 0.799999
      vertex -13.6763 10.2327 0.799999
    endloop
  endfacet
  facet normal -0.0981798 0.995169 0
    outer loop
      vertex -13.9368 10.207 0.799999
      vertex -13.6763 10.2327 0
      vertex -13.9368 10.207 0
    endloop
  endfacet
  facet normal -0.162788 0.986661 0
    outer loop
      vertex -13.4181 10.2753 0
      vertex -13.6763 10.2327 0.799999
      vertex -13.4181 10.2753 0.799999
    endloop
  endfacet
  facet normal -0.162788 0.986661 0
    outer loop
      vertex -13.6763 10.2327 0.799999
      vertex -13.4181 10.2753 0
      vertex -13.6763 10.2327 0
    endloop
  endfacet
  facet normal -0.352212 0.93592 0
    outer loop
      vertex -12.6677 10.5029 0
      vertex -12.9127 10.4107 0.799999
      vertex -12.6677 10.5029 0.799999
    endloop
  endfacet
  facet normal -0.352212 0.93592 0
    outer loop
      vertex -12.9127 10.4107 0.799999
      vertex -12.6677 10.5029 0
      vertex -12.9127 10.4107 0
    endloop
  endfacet
  facet normal -0.471044 0.88211 0
    outer loop
      vertex -12.1984 10.7343 0
      vertex -12.4293 10.611 0.799999
      vertex -12.1984 10.7343 0.799999
    endloop
  endfacet
  facet normal -0.471044 0.88211 0
    outer loop
      vertex -12.4293 10.611 0.799999
      vertex -12.1984 10.7343 0
      vertex -12.4293 10.611 0
    endloop
  endfacet
  facet normal -0.58225 0.81301 0
    outer loop
      vertex -11.7634 11.025 0
      vertex -11.9762 10.8726 0.799999
      vertex -11.7634 11.025 0.799999
    endloop
  endfacet
  facet normal -0.58225 0.81301 0
    outer loop
      vertex -11.9762 10.8726 0.799999
      vertex -11.7634 11.025 0
      vertex -11.9762 10.8726 0
    endloop
  endfacet
  facet normal -0.0328569 0.99946 0
    outer loop
      vertex -13.9368 10.207 0
      vertex -14.1984 10.1984 0.799999
      vertex -13.9368 10.207 0.799999
    endloop
  endfacet
  facet normal -0.0328569 0.99946 0
    outer loop
      vertex -14.1984 10.1984 0.799999
      vertex -13.9368 10.207 0
      vertex -14.1984 10.1984 0
    endloop
  endfacet
  facet normal 0.290325 0.956928 -0
    outer loop
      vertex -15.2337 10.3347 0
      vertex -15.4842 10.4107 0.799999
      vertex -15.2337 10.3347 0.799999
    endloop
  endfacet
  facet normal 0.290325 0.956928 0
    outer loop
      vertex -15.4842 10.4107 0.799999
      vertex -15.2337 10.3347 0
      vertex -15.4842 10.4107 0
    endloop
  endfacet
  facet normal 0.471203 0.882025 -0
    outer loop
      vertex -15.9676 10.611 0
      vertex -16.1984 10.7343 0.799999
      vertex -15.9676 10.611 0.799999
    endloop
  endfacet
  facet normal 0.471203 0.882025 0
    outer loop
      vertex -16.1984 10.7343 0.799999
      vertex -15.9676 10.611 0
      vertex -16.1984 10.7343 0
    endloop
  endfacet
  facet normal 0.528247 0.849091 -0
    outer loop
      vertex -16.1984 10.7343 0
      vertex -16.4207 10.8726 0.799999
      vertex -16.1984 10.7343 0.799999
    endloop
  endfacet
  facet normal 0.528247 0.849091 0
    outer loop
      vertex -16.4207 10.8726 0.799999
      vertex -16.1984 10.7343 0
      vertex -16.4207 10.8726 0
    endloop
  endfacet
  facet normal 0.634568 0.772867 -0
    outer loop
      vertex -16.6335 11.025 0
      vertex -16.8358 11.1911 0.799999
      vertex -16.6335 11.025 0.799999
    endloop
  endfacet
  facet normal 0.634568 0.772867 0
    outer loop
      vertex -16.8358 11.1911 0.799999
      vertex -16.6335 11.025 0
      vertex -16.8358 11.1911 0
    endloop
  endfacet
  facet normal 0.634568 -0.772867 0
    outer loop
      vertex -16.8358 17.2058 0
      vertex -16.6335 17.3719 0.799999
      vertex -16.8358 17.2058 0.799999
    endloop
  endfacet
  facet normal 0.634568 -0.772867 0
    outer loop
      vertex -16.6335 17.3719 0.799999
      vertex -16.8358 17.2058 0
      vertex -16.6335 17.3719 0
    endloop
  endfacet
  facet normal 0.412968 -0.910746 0
    outer loop
      vertex -15.9676 17.7859 0
      vertex -15.7292 17.894 0.799999
      vertex -15.9676 17.7859 0.799999
    endloop
  endfacet
  facet normal 0.412968 -0.910746 0
    outer loop
      vertex -15.7292 17.894 0.799999
      vertex -15.9676 17.7859 0
      vertex -15.7292 17.894 0
    endloop
  endfacet
  facet normal 0.58225 -0.81301 0
    outer loop
      vertex -16.6335 17.3719 0
      vertex -16.4207 17.5243 0.799999
      vertex -16.6335 17.3719 0.799999
    endloop
  endfacet
  facet normal 0.58225 -0.81301 0
    outer loop
      vertex -16.4207 17.5243 0.799999
      vertex -16.6335 17.3719 0
      vertex -16.4207 17.5243 0
    endloop
  endfacet
  facet normal 0.352212 -0.93592 0
    outer loop
      vertex -15.7292 17.894 0
      vertex -15.4842 17.9862 0.799999
      vertex -15.7292 17.894 0.799999
    endloop
  endfacet
  facet normal 0.352212 -0.93592 0
    outer loop
      vertex -15.4842 17.9862 0.799999
      vertex -15.7292 17.894 0
      vertex -15.4842 17.9862 0
    endloop
  endfacet
  facet normal -0.68342 -0.730025 0
    outer loop
      vertex -11.5611 17.2058 0
      vertex -11.37 17.0269 0.799999
      vertex -11.5611 17.2058 0.799999
    endloop
  endfacet
  facet normal -0.68342 -0.730025 -0
    outer loop
      vertex -11.37 17.0269 0.799999
      vertex -11.5611 17.2058 0
      vertex -11.37 17.0269 0
    endloop
  endfacet
  facet normal -0.910746 -0.412968 0
    outer loop
      vertex -10.5029 15.7292 0
      vertex -10.611 15.9676 0.799999
      vertex -10.611 15.9676 0
    endloop
  endfacet
  facet normal -0.910746 -0.412968 0
    outer loop
      vertex -10.611 15.9676 0.799999
      vertex -10.5029 15.7292 0
      vertex -10.5029 15.7292 0.799999
    endloop
  endfacet
  facet normal -0.848984 0.528418 0
    outer loop
      vertex -10.8726 11.9762 0
      vertex -10.7343 12.1984 0.799999
      vertex -10.7343 12.1984 0
    endloop
  endfacet
  facet normal -0.848984 0.528418 0
    outer loop
      vertex -10.7343 12.1984 0.799999
      vertex -10.8726 11.9762 0
      vertex -10.8726 11.9762 0.799999
    endloop
  endfacet
  facet normal -0.352212 -0.93592 0
    outer loop
      vertex -12.9127 17.9862 0
      vertex -12.6677 17.894 0.799999
      vertex -12.9127 17.9862 0.799999
    endloop
  endfacet
  facet normal -0.352212 -0.93592 -0
    outer loop
      vertex -12.6677 17.894 0.799999
      vertex -12.9127 17.9862 0
      vertex -12.6677 17.894 0
    endloop
  endfacet
  facet normal 0.910746 -0.412968 0
    outer loop
      vertex -17.894 15.7292 0.799999
      vertex -17.7859 15.9676 0
      vertex -17.7859 15.9676 0.799999
    endloop
  endfacet
  facet normal 0.910746 -0.412968 0
    outer loop
      vertex -17.7859 15.9676 0
      vertex -17.894 15.7292 0.799999
      vertex -17.894 15.7292 0
    endloop
  endfacet
  facet normal 0 0 -1
    outer loop
      vertex -10.207 13.9368 0.799999
      vertex -10.207 14.4601 0.799999
      vertex -10.1984 14.1984 0.799999
    endloop
  endfacet
  facet normal 0 0 -1
    outer loop
      vertex -10.2327 13.6763 0.799999
      vertex -10.207 14.4601 0.799999
      vertex -10.207 13.9368 0.799999
    endloop
  endfacet
  facet normal 0 0 -1
    outer loop
      vertex -10.2327 13.6763 0.799999
      vertex -10.2327 14.7206 0.799999
      vertex -10.207 14.4601 0.799999
    endloop
  endfacet
  facet normal 0 0 -1
    outer loop
      vertex -10.2753 13.4181 0.799999
      vertex -10.2327 14.7206 0.799999
      vertex -10.2327 13.6763 0.799999
    endloop
  endfacet
  facet normal 0 0 -1
    outer loop
      vertex -10.2753 13.4181 0.799999
      vertex -10.2753 14.9788 0.799999
      vertex -10.2327 14.7206 0.799999
    endloop
  endfacet
  facet normal 0 0 -1
    outer loop
      vertex -10.3347 13.1632 0.799999
      vertex -10.2753 14.9788 0.799999
      vertex -10.2753 13.4181 0.799999
    endloop
  endfacet
  facet normal 0 0 -1
    outer loop
      vertex -10.3347 13.1632 0.799999
      vertex -10.3347 15.2337 0.799999
      vertex -10.2753 14.9788 0.799999
    endloop
  endfacet
  facet normal 0 0 -1
    outer loop
      vertex -10.4107 12.9127 0.799999
      vertex -10.3347 15.2337 0.799999
      vertex -10.3347 13.1632 0.799999
    endloop
  endfacet
  facet normal 0 0 -1
    outer loop
      vertex -10.4107 12.9127 0.799999
      vertex -10.4107 15.4842 0.799999
      vertex -10.3347 15.2337 0.799999
    endloop
  endfacet
  facet normal 0 0 -1
    outer loop
      vertex -10.5029 12.6677 0.799999
      vertex -10.4107 15.4842 0.799999
      vertex -10.4107 12.9127 0.799999
    endloop
  endfacet
  facet normal 0 0 -1
    outer loop
      vertex -10.5029 12.6677 0.799999
      vertex -10.5029 15.7292 0.799999
      vertex -10.4107 15.4842 0.799999
    endloop
  endfacet
  facet normal 0 0 -1
    outer loop
      vertex -10.611 12.4293 0.799999
      vertex -10.5029 15.7292 0.799999
      vertex -10.5029 12.6677 0.799999
    endloop
  endfacet
  facet normal 0 0 -1
    outer loop
      vertex -10.611 12.4293 0.799999
      vertex -10.611 15.9676 0.799999
      vertex -10.5029 15.7292 0.799999
    endloop
  endfacet
  facet normal 0 0 -1
    outer loop
      vertex -10.7343 12.1984 0.799999
      vertex -10.611 15.9676 0.799999
      vertex -10.611 12.4293 0.799999
    endloop
  endfacet
  facet normal 0 0 -1
    outer loop
      vertex -10.7343 12.1984 0.799999
      vertex -10.7343 16.1984 0.799999
      vertex -10.611 15.9676 0.799999
    endloop
  endfacet
  facet normal 0 0 -1
    outer loop
      vertex -10.8726 11.9762 0.799999
      vertex -10.7343 16.1984 0.799999
      vertex -10.7343 12.1984 0.799999
    endloop
  endfacet
  facet normal 0 0 -1
    outer loop
      vertex -10.8726 11.9762 0.799999
      vertex -10.8726 16.4207 0.799999
      vertex -10.7343 16.1984 0.799999
    endloop
  endfacet
  facet normal 0 0 -1
    outer loop
      vertex -11.025 11.7634 0.799999
      vertex -10.8726 16.4207 0.799999
      vertex -10.8726 11.9762 0.799999
    endloop
  endfacet
  facet normal 0 0 -1
    outer loop
      vertex -11.025 11.7634 0.799999
      vertex -11.025 16.6335 0.799999
      vertex -10.8726 16.4207 0.799999
    endloop
  endfacet
  facet normal 0 0 -1
    outer loop
      vertex -11.1911 11.5611 0.799999
      vertex -11.025 16.6335 0.799999
      vertex -11.025 11.7634 0.799999
    endloop
  endfacet
  facet normal 0 0 -1
    outer loop
      vertex -11.1911 11.5611 0.799999
      vertex -11.1911 16.8358 0.799999
      vertex -11.025 16.6335 0.799999
    endloop
  endfacet
  facet normal 0 0 -1
    outer loop
      vertex -11.37 11.37 0.799999
      vertex -11.1911 16.8358 0.799999
      vertex -11.1911 11.5611 0.799999
    endloop
  endfacet
  facet normal 0 0 -1
    outer loop
      vertex -11.37 11.37 0.799999
      vertex -11.37 17.0269 0.799999
      vertex -11.1911 16.8358 0.799999
    endloop
  endfacet
  facet normal 0 0 -1
    outer loop
      vertex -11.5611 11.1911 0.799999
      vertex -11.37 17.0269 0.799999
      vertex -11.37 11.37 0.799999
    endloop
  endfacet
  facet normal 0 0 -1
    outer loop
      vertex -11.5611 11.1911 0.799999
      vertex -11.5611 17.2058 0.799999
      vertex -11.37 17.0269 0.799999
    endloop
  endfacet
  facet normal 0 0 -1
    outer loop
      vertex -11.7634 11.025 0.799999
      vertex -11.5611 17.2058 0.799999
      vertex -11.5611 11.1911 0.799999
    endloop
  endfacet
  facet normal 0 0 -1
    outer loop
      vertex -11.7634 11.025 0.799999
      vertex -11.7634 17.3719 0.799999
      vertex -11.5611 17.2058 0.799999
    endloop
  endfacet
  facet normal 0 0 -1
    outer loop
      vertex -11.9762 10.8726 0.799999
      vertex -11.7634 17.3719 0.799999
      vertex -11.7634 11.025 0.799999
    endloop
  endfacet
  facet normal 0 0 -1
    outer loop
      vertex -11.9762 10.8726 0.799999
      vertex -11.9762 17.5243 0.799999
      vertex -11.7634 17.3719 0.799999
    endloop
  endfacet
  facet normal 0 0 -1
    outer loop
      vertex -12.1984 10.7343 0.799999
      vertex -11.9762 17.5243 0.799999
      vertex -11.9762 10.8726 0.799999
    endloop
  endfacet
  facet normal 0 0 -1
    outer loop
      vertex -12.1984 10.7343 0.799999
      vertex -12.1984 17.6625 0.799999
      vertex -11.9762 17.5243 0.799999
    endloop
  endfacet
  facet normal 0 0 -1
    outer loop
      vertex -12.4293 10.611 0.799999
      vertex -12.1984 17.6625 0.799999
      vertex -12.1984 10.7343 0.799999
    endloop
  endfacet
  facet normal 0 0 -1
    outer loop
      vertex -12.4293 10.611 0.799999
      vertex -12.4293 17.7859 0.799999
      vertex -12.1984 17.6625 0.799999
    endloop
  endfacet
  facet normal 0 0 -1
    outer loop
      vertex -12.6677 10.5029 0.799999
      vertex -12.4293 17.7859 0.799999
      vertex -12.4293 10.611 0.799999
    endloop
  endfacet
  facet normal 0 0 -1
    outer loop
      vertex -12.6677 10.5029 0.799999
      vertex -12.6677 17.894 0.799999
      vertex -12.4293 17.7859 0.799999
    endloop
  endfacet
  facet normal 0 0 -1
    outer loop
      vertex -12.9127 10.4107 0.799999
      vertex -12.6677 17.894 0.799999
      vertex -12.6677 10.5029 0.799999
    endloop
  endfacet
  facet normal 0 0 -1
    outer loop
      vertex -12.9127 10.4107 0.799999
      vertex -12.9127 17.9862 0.799999
      vertex -12.6677 17.894 0.799999
    endloop
  endfacet
  facet normal 0 0 -1
    outer loop
      vertex -13.1632 10.3347 0.799999
      vertex -12.9127 17.9862 0.799999
      vertex -12.9127 10.4107 0.799999
    endloop
  endfacet
  facet normal 0 0 -1
    outer loop
      vertex -13.1632 10.3347 0.799999
      vertex -13.1632 18.0621 0.799999
      vertex -12.9127 17.9862 0.799999
    endloop
  endfacet
  facet normal 0 0 -1
    outer loop
      vertex -13.4181 10.2753 0.799999
      vertex -13.1632 18.0621 0.799999
      vertex -13.1632 10.3347 0.799999
    endloop
  endfacet
  facet normal 0 0 -1
    outer loop
      vertex -13.4181 10.2753 0.799999
      vertex -13.4181 18.1216 0.799999
      vertex -13.1632 18.0621 0.799999
    endloop
  endfacet
  facet normal 0 0 -1
    outer loop
      vertex -13.6763 10.2327 0.799999
      vertex -13.4181 18.1216 0.799999
      vertex -13.4181 10.2753 0.799999
    endloop
  endfacet
  facet normal 0 0 -1
    outer loop
      vertex -13.6763 10.2327 0.799999
      vertex -13.6763 18.1642 0.799999
      vertex -13.4181 18.1216 0.799999
    endloop
  endfacet
  facet normal 0 0 -1
    outer loop
      vertex -13.9368 10.207 0.799999
      vertex -13.6763 18.1642 0.799999
      vertex -13.6763 10.2327 0.799999
    endloop
  endfacet
  facet normal 0 0 -1
    outer loop
      vertex -13.9368 10.207 0.799999
      vertex -13.9368 18.1899 0.799999
      vertex -13.6763 18.1642 0.799999
    endloop
  endfacet
  facet normal 0 0 -1
    outer loop
      vertex -14.1984 10.1984 0.799999
      vertex -13.9368 18.1899 0.799999
      vertex -13.9368 10.207 0.799999
    endloop
  endfacet
  facet normal 0 0 -1
    outer loop
      vertex -14.1984 10.1984 0.799999
      vertex -14.1984 18.1984 0.799999
      vertex -13.9368 18.1899 0.799999
    endloop
  endfacet
  facet normal 0 0 -1
    outer loop
      vertex -14.4601 10.207 0.799999
      vertex -14.1984 18.1984 0.799999
      vertex -14.1984 10.1984 0.799999
    endloop
  endfacet
  facet normal 0 0 -1
    outer loop
      vertex -14.4601 10.207 0.799999
      vertex -14.4601 18.1899 0.799999
      vertex -14.1984 18.1984 0.799999
    endloop
  endfacet
  facet normal 0 0 -1
    outer loop
      vertex -14.7206 10.2327 0.799999
      vertex -14.4601 18.1899 0.799999
      vertex -14.4601 10.207 0.799999
    endloop
  endfacet
  facet normal 0 0 -1
    outer loop
      vertex -14.7206 10.2327 0.799999
      vertex -14.7206 18.1642 0.799999
      vertex -14.4601 18.1899 0.799999
    endloop
  endfacet
  facet normal 0 0 -1
    outer loop
      vertex -14.9788 10.2753 0.799999
      vertex -14.7206 18.1642 0.799999
      vertex -14.7206 10.2327 0.799999
    endloop
  endfacet
  facet normal 0 0 -1
    outer loop
      vertex -14.9788 10.2753 0.799999
      vertex -14.9788 18.1216 0.799999
      vertex -14.7206 18.1642 0.799999
    endloop
  endfacet
  facet normal 0 0 -1
    outer loop
      vertex -15.2337 10.3347 0.799999
      vertex -14.9788 18.1216 0.799999
      vertex -14.9788 10.2753 0.799999
    endloop
  endfacet
  facet normal 0 0 -1
    outer loop
      vertex -15.2337 10.3347 0.799999
      vertex -15.2337 18.0621 0.799999
      vertex -14.9788 18.1216 0.799999
    endloop
  endfacet
  facet normal 0 0 -1
    outer loop
      vertex -15.4842 10.4107 0.799999
      vertex -15.2337 18.0621 0.799999
      vertex -15.2337 10.3347 0.799999
    endloop
  endfacet
  facet normal 0 0 -1
    outer loop
      vertex -15.4842 10.4107 0.799999
      vertex -15.4842 17.9862 0.799999
      vertex -15.2337 18.0621 0.799999
    endloop
  endfacet
  facet normal 0 0 -1
    outer loop
      vertex -15.7292 10.5029 0.799999
      vertex -15.4842 17.9862 0.799999
      vertex -15.4842 10.4107 0.799999
    endloop
  endfacet
  facet normal 0 0 -1
    outer loop
      vertex -15.7292 10.5029 0.799999
      vertex -15.7292 17.894 0.799999
      vertex -15.4842 17.9862 0.799999
    endloop
  endfacet
  facet normal 0 0 -1
    outer loop
      vertex -15.9676 10.611 0.799999
      vertex -15.7292 17.894 0.799999
      vertex -15.7292 10.5029 0.799999
    endloop
  endfacet
  facet normal 0 0 -1
    outer loop
      vertex -15.9676 10.611 0.799999
      vertex -15.9676 17.7859 0.799999
      vertex -15.7292 17.894 0.799999
    endloop
  endfacet
  facet normal 0 0 -1
    outer loop
      vertex -16.1984 10.7343 0.799999
      vertex -15.9676 17.7859 0.799999
      vertex -15.9676 10.611 0.799999
    endloop
  endfacet
  facet normal 0 0 -1
    outer loop
      vertex -16.1984 10.7343 0.799999
      vertex -16.1984 17.6625 0.799999
      vertex -15.9676 17.7859 0.799999
    endloop
  endfacet
  facet normal 0 0 -1
    outer loop
      vertex -16.4207 10.8726 0.799999
      vertex -16.1984 17.6625 0.799999
      vertex -16.1984 10.7343 0.799999
    endloop
  endfacet
  facet normal 0 0 -1
    outer loop
      vertex -16.4207 10.8726 0.799999
      vertex -16.4207 17.5243 0.799999
      vertex -16.1984 17.6625 0.799999
    endloop
  endfacet
  facet normal 0 0 -1
    outer loop
      vertex -16.6335 11.025 0.799999
      vertex -16.4207 17.5243 0.799999
      vertex -16.4207 10.8726 0.799999
    endloop
  endfacet
  facet normal 0 0 -1
    outer loop
      vertex -16.6335 11.025 0.799999
      vertex -16.6335 17.3719 0.799999
      vertex -16.4207 17.5243 0.799999
    endloop
  endfacet
  facet normal 0 0 -1
    outer loop
      vertex -16.8358 11.1911 0.799999
      vertex -16.6335 17.3719 0.799999
      vertex -16.6335 11.025 0.799999
    endloop
  endfacet
  facet normal 0 0 -1
    outer loop
      vertex -16.8358 11.1911 0.799999
      vertex -16.8358 17.2058 0.799999
      vertex -16.6335 17.3719 0.799999
    endloop
  endfacet
  facet normal 0 0 -1
    outer loop
      vertex -17.0269 11.37 0.799999
      vertex -16.8358 17.2058 0.799999
      vertex -16.8358 11.1911 0.799999
    endloop
  endfacet
  facet normal 0 0 -1
    outer loop
      vertex -17.0269 11.37 0.799999
      vertex -17.0269 17.0269 0.799999
      vertex -16.8358 17.2058 0.799999
    endloop
  endfacet
  facet normal 0 0 -1
    outer loop
      vertex -17.2058 11.5611 0.799999
      vertex -17.0269 17.0269 0.799999
      vertex -17.0269 11.37 0.799999
    endloop
  endfacet
  facet normal 0 0 -1
    outer loop
      vertex -17.2058 11.5611 0.799999
      vertex -17.2058 16.8358 0.799999
      vertex -17.0269 17.0269 0.799999
    endloop
  endfacet
  facet normal 0 0 -1
    outer loop
      vertex -17.3719 11.7634 0.799999
      vertex -17.2058 16.8358 0.799999
      vertex -17.2058 11.5611 0.799999
    endloop
  endfacet
  facet normal 0 0 -1
    outer loop
      vertex -17.3719 11.7634 0.799999
      vertex -17.3719 16.6335 0.799999
      vertex -17.2058 16.8358 0.799999
    endloop
  endfacet
  facet normal 0 0 -1
    outer loop
      vertex -17.5243 11.9762 0.799999
      vertex -17.3719 16.6335 0.799999
      vertex -17.3719 11.7634 0.799999
    endloop
  endfacet
  facet normal 0 0 -1
    outer loop
      vertex -17.5243 11.9762 0.799999
      vertex -17.5243 16.4207 0.799999
      vertex -17.3719 16.6335 0.799999
    endloop
  endfacet
  facet normal 0 0 -1
    outer loop
      vertex -17.6625 12.1984 0.799999
      vertex -17.5243 16.4207 0.799999
      vertex -17.5243 11.9762 0.799999
    endloop
  endfacet
  facet normal 0 0 -1
    outer loop
      vertex -17.6625 12.1984 0.799999
      vertex -17.6625 16.1984 0.799999
      vertex -17.5243 16.4207 0.799999
    endloop
  endfacet
  facet normal 0 0 -1
    outer loop
      vertex -17.7859 12.4293 0.799999
      vertex -17.6625 16.1984 0.799999
      vertex -17.6625 12.1984 0.799999
    endloop
  endfacet
  facet normal 0 0 -1
    outer loop
      vertex -17.7859 12.4293 0.799999
      vertex -17.7859 15.9676 0.799999
      vertex -17.6625 16.1984 0.799999
    endloop
  endfacet
  facet normal 0 0 -1
    outer loop
      vertex -17.894 12.6677 0.799999
      vertex -17.7859 15.9676 0.799999
      vertex -17.7859 12.4293 0.799999
    endloop
  endfacet
  facet normal 0 0 -1
    outer loop
      vertex -17.894 12.6677 0.799999
      vertex -17.894 15.7292 0.799999
      vertex -17.7859 15.9676 0.799999
    endloop
  endfacet
  facet normal 0 0 -1
    outer loop
      vertex -17.9862 12.9127 0.799999
      vertex -17.894 15.7292 0.799999
      vertex -17.894 12.6677 0.799999
    endloop
  endfacet
  facet normal 0 0 -1
    outer loop
      vertex -17.9862 12.9127 0.799999
      vertex -17.9862 15.4842 0.799999
      vertex -17.894 15.7292 0.799999
    endloop
  endfacet
  facet normal 0 0 -1
    outer loop
      vertex -18.0621 13.1632 0.799999
      vertex -17.9862 15.4842 0.799999
      vertex -17.9862 12.9127 0.799999
    endloop
  endfacet
  facet normal 0 0 -1
    outer loop
      vertex -18.0621 13.1632 0.799999
      vertex -18.0621 15.2337 0.799999
      vertex -17.9862 15.4842 0.799999
    endloop
  endfacet
  facet normal 0 0 -1
    outer loop
      vertex -18.1216 13.4181 0.799999
      vertex -18.0621 15.2337 0.799999
      vertex -18.0621 13.1632 0.799999
    endloop
  endfacet
  facet normal 0 0 -1
    outer loop
      vertex -18.1216 13.4181 0.799999
      vertex -18.1216 14.9788 0.799999
      vertex -18.0621 15.2337 0.799999
    endloop
  endfacet
  facet normal 0 0 -1
    outer loop
      vertex -18.1642 13.6763 0.799999
      vertex -18.1216 14.9788 0.799999
      vertex -18.1216 13.4181 0.799999
    endloop
  endfacet
  facet normal 0 0 -1
    outer loop
      vertex -18.1642 13.6763 0.799999
      vertex -18.1642 14.7206 0.799999
      vertex -18.1216 14.9788 0.799999
    endloop
  endfacet
  facet normal 0 0 -1
    outer loop
      vertex -18.1899 13.9368 0.799999
      vertex -18.1642 14.7206 0.799999
      vertex -18.1642 13.6763 0.799999
    endloop
  endfacet
  facet normal 0 0 -1
    outer loop
      vertex -18.1899 13.9368 0.799999
      vertex -18.1899 14.4601 0.799999
      vertex -18.1642 14.7206 0.799999
    endloop
  endfacet
  facet normal 0 -0 -1
    outer loop
      vertex -18.1899 14.4601 0.799999
      vertex -18.1899 13.9368 0.799999
      vertex -18.1984 14.1984 0.799999
    endloop
  endfacet
  facet normal 0.995169 -0.0981798 0
    outer loop
      vertex -18.1899 14.4601 0.799999
      vertex -18.1642 14.7206 0
      vertex -18.1642 14.7206 0.799999
    endloop
  endfacet
  facet normal 0.995169 -0.0981798 0
    outer loop
      vertex -18.1642 14.7206 0
      vertex -18.1899 14.4601 0.799999
      vertex -18.1899 14.4601 0
    endloop
  endfacet
  facet normal 0.730025 0.68342 0
    outer loop
      vertex -17.0269 11.37 0.799999
      vertex -17.2058 11.5611 0
      vertex -17.2058 11.5611 0.799999
    endloop
  endfacet
  facet normal 0.730025 0.68342 0
    outer loop
      vertex -17.2058 11.5611 0
      vertex -17.0269 11.37 0.799999
      vertex -17.0269 11.37 0
    endloop
  endfacet
  facet normal 0.93592 0.352212 0
    outer loop
      vertex -17.894 12.6677 0.799999
      vertex -17.9862 12.9127 0
      vertex -17.9862 12.9127 0.799999
    endloop
  endfacet
  facet normal 0.93592 0.352212 0
    outer loop
      vertex -17.9862 12.9127 0
      vertex -17.894 12.6677 0.799999
      vertex -17.894 12.6677 0
    endloop
  endfacet
  facet normal -0.528418 0.848984 0
    outer loop
      vertex -11.9762 10.8726 0
      vertex -12.1984 10.7343 0.799999
      vertex -11.9762 10.8726 0.799999
    endloop
  endfacet
  facet normal -0.528418 0.848984 0
    outer loop
      vertex -12.1984 10.7343 0.799999
      vertex -11.9762 10.8726 0
      vertex -12.1984 10.7343 0
    endloop
  endfacet
  facet normal -0.634568 0.772867 0
    outer loop
      vertex -11.5611 11.1911 0
      vertex -11.7634 11.025 0.799999
      vertex -11.5611 11.1911 0.799999
    endloop
  endfacet
  facet normal -0.634568 0.772867 0
    outer loop
      vertex -11.7634 11.025 0.799999
      vertex -11.5611 11.1911 0
      vertex -11.7634 11.025 0
    endloop
  endfacet
  facet normal 0.226952 0.973906 -0
    outer loop
      vertex -14.9788 10.2753 0
      vertex -15.2337 10.3347 0.799999
      vertex -14.9788 10.2753 0.799999
    endloop
  endfacet
  facet normal 0.226952 0.973906 0
    outer loop
      vertex -15.2337 10.3347 0.799999
      vertex -14.9788 10.2753 0
      vertex -15.2337 10.3347 0
    endloop
  endfacet
  facet normal 0.412968 0.910746 -0
    outer loop
      vertex -15.7292 10.5029 0
      vertex -15.9676 10.611 0.799999
      vertex -15.7292 10.5029 0.799999
    endloop
  endfacet
  facet normal 0.412968 0.910746 0
    outer loop
      vertex -15.9676 10.611 0.799999
      vertex -15.7292 10.5029 0
      vertex -15.9676 10.611 0
    endloop
  endfacet
  facet normal 0.58225 0.81301 -0
    outer loop
      vertex -16.4207 10.8726 0
      vertex -16.6335 11.025 0.799999
      vertex -16.4207 10.8726 0.799999
    endloop
  endfacet
  facet normal 0.58225 0.81301 0
    outer loop
      vertex -16.6335 11.025 0.799999
      vertex -16.4207 10.8726 0
      vertex -16.6335 11.025 0
    endloop
  endfacet
  facet normal 0.0981798 -0.995169 0
    outer loop
      vertex -14.7206 18.1642 0
      vertex -14.4601 18.1899 0.799999
      vertex -14.7206 18.1642 0.799999
    endloop
  endfacet
  facet normal 0.0981798 -0.995169 0
    outer loop
      vertex -14.4601 18.1899 0.799999
      vertex -14.7206 18.1642 0
      vertex -14.4601 18.1899 0
    endloop
  endfacet
  facet normal 0.227314 -0.973821 0
    outer loop
      vertex -15.2337 18.0621 0
      vertex -14.9788 18.1216 0.799999
      vertex -15.2337 18.0621 0.799999
    endloop
  endfacet
  facet normal 0.227314 -0.973821 0
    outer loop
      vertex -14.9788 18.1216 0.799999
      vertex -15.2337 18.0621 0
      vertex -14.9788 18.1216 0
    endloop
  endfacet
  facet normal -0.0981798 -0.995169 0
    outer loop
      vertex -13.9368 18.1899 0
      vertex -13.6763 18.1642 0.799999
      vertex -13.9368 18.1899 0.799999
    endloop
  endfacet
  facet normal -0.0981798 -0.995169 -0
    outer loop
      vertex -13.6763 18.1642 0.799999
      vertex -13.9368 18.1899 0
      vertex -13.6763 18.1642 0
    endloop
  endfacet
  facet normal 0.289976 -0.957034 0
    outer loop
      vertex -15.4842 17.9862 0
      vertex -15.2337 18.0621 0.799999
      vertex -15.4842 17.9862 0.799999
    endloop
  endfacet
  facet normal 0.289976 -0.957034 0
    outer loop
      vertex -15.2337 18.0621 0.799999
      vertex -15.4842 17.9862 0
      vertex -15.2337 18.0621 0
    endloop
  endfacet
  facet normal -0.93592 -0.352212 0
    outer loop
      vertex -10.4107 15.4842 0
      vertex -10.5029 15.7292 0.799999
      vertex -10.5029 15.7292 0
    endloop
  endfacet
  facet normal -0.93592 -0.352212 0
    outer loop
      vertex -10.5029 15.7292 0.799999
      vertex -10.4107 15.4842 0
      vertex -10.4107 15.4842 0.799999
    endloop
  endfacet
  facet normal -0.986661 0.162788 0
    outer loop
      vertex -10.2753 13.4181 0
      vertex -10.2327 13.6763 0.799999
      vertex -10.2327 13.6763 0
    endloop
  endfacet
  facet normal -0.986661 0.162788 0
    outer loop
      vertex -10.2327 13.6763 0.799999
      vertex -10.2753 13.4181 0
      vertex -10.2753 13.4181 0.799999
    endloop
  endfacet
  facet normal -0.772867 0.634568 0
    outer loop
      vertex -11.1911 11.5611 0
      vertex -11.025 11.7634 0.799999
      vertex -11.025 11.7634 0
    endloop
  endfacet
  facet normal -0.772867 0.634568 0
    outer loop
      vertex -11.025 11.7634 0.799999
      vertex -11.1911 11.5611 0
      vertex -11.1911 11.5611 0.799999
    endloop
  endfacet
  facet normal -0.730025 0.68342 0
    outer loop
      vertex -11.37 11.37 0
      vertex -11.1911 11.5611 0.799999
      vertex -11.1911 11.5611 0
    endloop
  endfacet
  facet normal -0.730025 0.68342 0
    outer loop
      vertex -11.1911 11.5611 0.799999
      vertex -11.37 11.37 0
      vertex -11.37 11.37 0.799999
    endloop
  endfacet
  facet normal -0.471341 -0.881951 0
    outer loop
      vertex -12.4293 17.7859 0
      vertex -12.1984 17.6625 0.799999
      vertex -12.4293 17.7859 0.799999
    endloop
  endfacet
  facet normal -0.471341 -0.881951 -0
    outer loop
      vertex -12.1984 17.6625 0.799999
      vertex -12.4293 17.7859 0
      vertex -12.1984 17.6625 0
    endloop
  endfacet
  facet normal -0.58225 -0.81301 0
    outer loop
      vertex -11.9762 17.5243 0
      vertex -11.7634 17.3719 0.799999
      vertex -11.9762 17.5243 0.799999
    endloop
  endfacet
  facet normal -0.58225 -0.81301 -0
    outer loop
      vertex -11.7634 17.3719 0.799999
      vertex -11.9762 17.5243 0
      vertex -11.7634 17.3719 0
    endloop
  endfacet
  facet normal 0.527971 -0.849262 0
    outer loop
      vertex -16.4207 17.5243 0
      vertex -16.1984 17.6625 0.799999
      vertex -16.4207 17.5243 0.799999
    endloop
  endfacet
  facet normal 0.527971 -0.849262 0
    outer loop
      vertex -16.1984 17.6625 0.799999
      vertex -16.4207 17.5243 0
      vertex -16.1984 17.6625 0
    endloop
  endfacet
  facet normal 0.4715 -0.881866 0
    outer loop
      vertex -16.1984 17.6625 0
      vertex -15.9676 17.7859 0.799999
      vertex -16.1984 17.6625 0.799999
    endloop
  endfacet
  facet normal 0.4715 -0.881866 0
    outer loop
      vertex -15.9676 17.7859 0.799999
      vertex -16.1984 17.6625 0
      vertex -15.9676 17.7859 0
    endloop
  endfacet
  facet normal 0.162788 -0.986661 0
    outer loop
      vertex -14.9788 18.1216 0
      vertex -14.7206 18.1642 0.799999
      vertex -14.9788 18.1216 0.799999
    endloop
  endfacet
  facet normal 0.162788 -0.986661 0
    outer loop
      vertex -14.7206 18.1642 0.799999
      vertex -14.9788 18.1216 0
      vertex -14.7206 18.1642 0
    endloop
  endfacet
  facet normal -0.0324752 -0.999473 0
    outer loop
      vertex -14.1984 18.1984 0
      vertex -13.9368 18.1899 0.799999
      vertex -14.1984 18.1984 0.799999
    endloop
  endfacet
  facet normal -0.0324752 -0.999473 -0
    outer loop
      vertex -13.9368 18.1899 0.799999
      vertex -14.1984 18.1984 0
      vertex -13.9368 18.1899 0
    endloop
  endfacet
  facet normal -0.289976 -0.957034 0
    outer loop
      vertex -13.1632 18.0621 0
      vertex -12.9127 17.9862 0.799999
      vertex -13.1632 18.0621 0.799999
    endloop
  endfacet
  facet normal -0.289976 -0.957034 -0
    outer loop
      vertex -12.9127 17.9862 0.799999
      vertex -13.1632 18.0621 0
      vertex -12.9127 17.9862 0
    endloop
  endfacet
  facet normal -0.227314 -0.973821 0
    outer loop
      vertex -13.4181 18.1216 0
      vertex -13.1632 18.0621 0.799999
      vertex -13.4181 18.1216 0.799999
    endloop
  endfacet
  facet normal -0.227314 -0.973821 -0
    outer loop
      vertex -13.1632 18.0621 0.799999
      vertex -13.4181 18.1216 0
      vertex -13.1632 18.0621 0
    endloop
  endfacet
  facet normal -0.730025 -0.68342 0
    outer loop
      vertex -11.1911 16.8358 0
      vertex -11.37 17.0269 0.799999
      vertex -11.37 17.0269 0
    endloop
  endfacet
  facet normal -0.730025 -0.68342 0
    outer loop
      vertex -11.37 17.0269 0.799999
      vertex -11.1911 16.8358 0
      vertex -11.1911 16.8358 0.799999
    endloop
  endfacet
  facet normal -0.81301 -0.58225 0
    outer loop
      vertex -10.8726 16.4207 0
      vertex -11.025 16.6335 0.799999
      vertex -11.025 16.6335 0
    endloop
  endfacet
  facet normal -0.81301 -0.58225 0
    outer loop
      vertex -11.025 16.6335 0.799999
      vertex -10.8726 16.4207 0
      vertex -10.8726 16.4207 0.799999
    endloop
  endfacet
  facet normal -0.772867 -0.634568 0
    outer loop
      vertex -11.025 16.6335 0
      vertex -11.1911 16.8358 0.799999
      vertex -11.1911 16.8358 0
    endloop
  endfacet
  facet normal -0.772867 -0.634568 0
    outer loop
      vertex -11.1911 16.8358 0.799999
      vertex -11.025 16.6335 0
      vertex -11.025 16.6335 0.799999
    endloop
  endfacet
  facet normal -0.973906 -0.226952 0
    outer loop
      vertex -10.2753 14.9788 0
      vertex -10.3347 15.2337 0.799999
      vertex -10.3347 15.2337 0
    endloop
  endfacet
  facet normal -0.973906 -0.226952 0
    outer loop
      vertex -10.3347 15.2337 0.799999
      vertex -10.2753 14.9788 0
      vertex -10.2753 14.9788 0.799999
    endloop
  endfacet
  facet normal -0.99946 -0.0328443 0
    outer loop
      vertex -10.1984 14.1984 0
      vertex -10.207 14.4601 0.799999
      vertex -10.207 14.4601 0
    endloop
  endfacet
  facet normal -0.99946 -0.0328443 0
    outer loop
      vertex -10.207 14.4601 0.799999
      vertex -10.1984 14.1984 0
      vertex -10.1984 14.1984 0.799999
    endloop
  endfacet
  facet normal -0.973906 0.226952 0
    outer loop
      vertex -10.3347 13.1632 0
      vertex -10.2753 13.4181 0.799999
      vertex -10.2753 13.4181 0
    endloop
  endfacet
  facet normal -0.973906 0.226952 0
    outer loop
      vertex -10.2753 13.4181 0.799999
      vertex -10.3347 13.1632 0
      vertex -10.3347 13.1632 0.799999
    endloop
  endfacet
  facet normal -0.93592 0.352212 0
    outer loop
      vertex -10.5029 12.6677 0
      vertex -10.4107 12.9127 0.799999
      vertex -10.4107 12.9127 0
    endloop
  endfacet
  facet normal -0.93592 0.352212 0
    outer loop
      vertex -10.4107 12.9127 0.799999
      vertex -10.5029 12.6677 0
      vertex -10.5029 12.6677 0.799999
    endloop
  endfacet
  facet normal -0.88211 0.471044 0
    outer loop
      vertex -10.7343 12.1984 0
      vertex -10.611 12.4293 0.799999
      vertex -10.611 12.4293 0
    endloop
  endfacet
  facet normal -0.88211 0.471044 0
    outer loop
      vertex -10.611 12.4293 0.799999
      vertex -10.7343 12.1984 0
      vertex -10.7343 12.1984 0.799999
    endloop
  endfacet
  facet normal -0.81301 0.58225 0
    outer loop
      vertex -11.025 11.7634 0
      vertex -10.8726 11.9762 0.799999
      vertex -10.8726 11.9762 0
    endloop
  endfacet
  facet normal -0.81301 0.58225 0
    outer loop
      vertex -10.8726 11.9762 0.799999
      vertex -11.025 11.7634 0
      vertex -11.025 11.7634 0.799999
    endloop
  endfacet
  facet normal -0.528143 -0.849156 0
    outer loop
      vertex -12.1984 17.6625 0
      vertex -11.9762 17.5243 0.799999
      vertex -12.1984 17.6625 0.799999
    endloop
  endfacet
  facet normal -0.528143 -0.849156 -0
    outer loop
      vertex -11.9762 17.5243 0.799999
      vertex -12.1984 17.6625 0
      vertex -11.9762 17.5243 0
    endloop
  endfacet
  facet normal -0.162788 -0.986661 0
    outer loop
      vertex -13.6763 18.1642 0
      vertex -13.4181 18.1216 0.799999
      vertex -13.6763 18.1642 0.799999
    endloop
  endfacet
  facet normal -0.162788 -0.986661 -0
    outer loop
      vertex -13.4181 18.1216 0.799999
      vertex -13.6763 18.1642 0
      vertex -13.4181 18.1216 0
    endloop
  endfacet
  facet normal -0.849091 -0.528247 0
    outer loop
      vertex -10.7343 16.1984 0
      vertex -10.8726 16.4207 0.799999
      vertex -10.8726 16.4207 0
    endloop
  endfacet
  facet normal -0.849091 -0.528247 0
    outer loop
      vertex -10.8726 16.4207 0.799999
      vertex -10.7343 16.1984 0
      vertex -10.7343 16.1984 0.799999
    endloop
  endfacet
  facet normal -0.882025 -0.471203 0
    outer loop
      vertex -10.611 15.9676 0
      vertex -10.7343 16.1984 0.799999
      vertex -10.7343 16.1984 0
    endloop
  endfacet
  facet normal -0.882025 -0.471203 0
    outer loop
      vertex -10.7343 16.1984 0.799999
      vertex -10.611 15.9676 0
      vertex -10.611 15.9676 0.799999
    endloop
  endfacet
  facet normal -0.986661 -0.162788 0
    outer loop
      vertex -10.2327 14.7206 0
      vertex -10.2753 14.9788 0.799999
      vertex -10.2753 14.9788 0
    endloop
  endfacet
  facet normal -0.986661 -0.162788 0
    outer loop
      vertex -10.2753 14.9788 0.799999
      vertex -10.2327 14.7206 0
      vertex -10.2327 14.7206 0.799999
    endloop
  endfacet
  facet normal -0.995169 0.0981798 0
    outer loop
      vertex -10.2327 13.6763 0
      vertex -10.207 13.9368 0.799999
      vertex -10.207 13.9368 0
    endloop
  endfacet
  facet normal -0.995169 0.0981798 0
    outer loop
      vertex -10.207 13.9368 0.799999
      vertex -10.2327 13.6763 0
      vertex -10.2327 13.6763 0.799999
    endloop
  endfacet
  facet normal -0.99946 0.0328569 0
    outer loop
      vertex -10.207 13.9368 0
      vertex -10.1984 14.1984 0.799999
      vertex -10.1984 14.1984 0
    endloop
  endfacet
  facet normal -0.99946 0.0328569 0
    outer loop
      vertex -10.1984 14.1984 0.799999
      vertex -10.207 13.9368 0
      vertex -10.207 13.9368 0.799999
    endloop
  endfacet
  facet normal -0.956928 0.290325 0
    outer loop
      vertex -10.4107 12.9127 0
      vertex -10.3347 13.1632 0.799999
      vertex -10.3347 13.1632 0
    endloop
  endfacet
  facet normal -0.956928 0.290325 0
    outer loop
      vertex -10.3347 13.1632 0.799999
      vertex -10.4107 12.9127 0
      vertex -10.4107 12.9127 0.799999
    endloop
  endfacet
  facet normal -0.956928 -0.290325 0
    outer loop
      vertex -10.3347 15.2337 0
      vertex -10.4107 15.4842 0.799999
      vertex -10.4107 15.4842 0
    endloop
  endfacet
  facet normal -0.956928 -0.290325 0
    outer loop
      vertex -10.4107 15.4842 0.799999
      vertex -10.3347 15.2337 0
      vertex -10.3347 15.2337 0.799999
    endloop
  endfacet
  facet normal -0.995169 -0.0981798 0
    outer loop
      vertex -10.207 14.4601 0
      vertex -10.2327 14.7206 0.799999
      vertex -10.2327 14.7206 0
    endloop
  endfacet
  facet normal -0.995169 -0.0981798 0
    outer loop
      vertex -10.2327 14.7206 0.799999
      vertex -10.207 14.4601 0
      vertex -10.207 14.4601 0.799999
    endloop
  endfacet
  facet normal 0.289976 0.957034 -0
    outer loop
      vertex -15.2337 -18.0621 0
      vertex -15.4842 -17.9862 0.799999
      vertex -15.2337 -18.0621 0.799999
    endloop
  endfacet
  facet normal 0.289976 0.957034 0
    outer loop
      vertex -15.4842 -17.9862 0.799999
      vertex -15.2337 -18.0621 0
      vertex -15.4842 -17.9862 0
    endloop
  endfacet
  facet normal -0.93592 -0.352212 0
    outer loop
      vertex -10.4107 -12.9127 0
      vertex -10.5029 -12.6677 0.799999
      vertex -10.5029 -12.6677 0
    endloop
  endfacet
  facet normal -0.93592 -0.352212 0
    outer loop
      vertex -10.5029 -12.6677 0.799999
      vertex -10.4107 -12.9127 0
      vertex -10.4107 -12.9127 0.799999
    endloop
  endfacet
  facet normal 0.772867 0.634568 0
    outer loop
      vertex -17.2058 -16.8358 0.799999
      vertex -17.3719 -16.6335 0
      vertex -17.3719 -16.6335 0.799999
    endloop
  endfacet
  facet normal 0.772867 0.634568 0
    outer loop
      vertex -17.3719 -16.6335 0
      vertex -17.2058 -16.8358 0.799999
      vertex -17.2058 -16.8358 0
    endloop
  endfacet
  facet normal -0.995169 -0.0981798 0
    outer loop
      vertex -10.207 -13.9368 0
      vertex -10.2327 -13.6763 0.799999
      vertex -10.2327 -13.6763 0
    endloop
  endfacet
  facet normal -0.995169 -0.0981798 0
    outer loop
      vertex -10.2327 -13.6763 0.799999
      vertex -10.207 -13.9368 0
      vertex -10.207 -13.9368 0.799999
    endloop
  endfacet
  facet normal 0.0328443 -0.99946 0
    outer loop
      vertex -14.4601 -10.207 0
      vertex -14.1984 -10.1984 0.799999
      vertex -14.4601 -10.207 0.799999
    endloop
  endfacet
  facet normal 0.0328443 -0.99946 0
    outer loop
      vertex -14.1984 -10.1984 0.799999
      vertex -14.4601 -10.207 0
      vertex -14.1984 -10.1984 0
    endloop
  endfacet
  facet normal 0.772867 -0.634568 0
    outer loop
      vertex -17.3719 -11.7634 0.799999
      vertex -17.2058 -11.5611 0
      vertex -17.2058 -11.5611 0.799999
    endloop
  endfacet
  facet normal 0.772867 -0.634568 0
    outer loop
      vertex -17.2058 -11.5611 0
      vertex -17.3719 -11.7634 0.799999
      vertex -17.3719 -11.7634 0
    endloop
  endfacet
  facet normal 0.634568 0.772867 -0
    outer loop
      vertex -16.6335 -17.3719 0
      vertex -16.8358 -17.2058 0.799999
      vertex -16.6335 -17.3719 0.799999
    endloop
  endfacet
  facet normal 0.634568 0.772867 0
    outer loop
      vertex -16.8358 -17.2058 0.799999
      vertex -16.6335 -17.3719 0
      vertex -16.8358 -17.2058 0
    endloop
  endfacet
  facet normal 0.4715 0.881866 -0
    outer loop
      vertex -15.9676 -17.7859 0
      vertex -16.1984 -17.6625 0.799999
      vertex -15.9676 -17.7859 0.799999
    endloop
  endfacet
  facet normal 0.4715 0.881866 0
    outer loop
      vertex -16.1984 -17.6625 0.799999
      vertex -15.9676 -17.7859 0
      vertex -16.1984 -17.6625 0
    endloop
  endfacet
  facet normal -0.0324752 0.999473 0
    outer loop
      vertex -13.9368 -18.1899 0
      vertex -14.1984 -18.1984 0.799999
      vertex -13.9368 -18.1899 0.799999
    endloop
  endfacet
  facet normal -0.0324752 0.999473 0
    outer loop
      vertex -14.1984 -18.1984 0.799999
      vertex -13.9368 -18.1899 0
      vertex -14.1984 -18.1984 0
    endloop
  endfacet
  facet normal -0.730025 0.68342 0
    outer loop
      vertex -11.37 -17.0269 0
      vertex -11.1911 -16.8358 0.799999
      vertex -11.1911 -16.8358 0
    endloop
  endfacet
  facet normal -0.730025 0.68342 0
    outer loop
      vertex -11.1911 -16.8358 0.799999
      vertex -11.37 -17.0269 0
      vertex -11.37 -17.0269 0.799999
    endloop
  endfacet
  facet normal -0.0981798 0.995169 0
    outer loop
      vertex -13.6763 -18.1642 0
      vertex -13.9368 -18.1899 0.799999
      vertex -13.6763 -18.1642 0.799999
    endloop
  endfacet
  facet normal -0.0981798 0.995169 0
    outer loop
      vertex -13.9368 -18.1899 0.799999
      vertex -13.6763 -18.1642 0
      vertex -13.9368 -18.1899 0
    endloop
  endfacet
  facet normal -0.730025 -0.68342 0
    outer loop
      vertex -11.1911 -11.5611 0
      vertex -11.37 -11.37 0.799999
      vertex -11.37 -11.37 0
    endloop
  endfacet
  facet normal -0.730025 -0.68342 0
    outer loop
      vertex -11.37 -11.37 0.799999
      vertex -11.1911 -11.5611 0
      vertex -11.1911 -11.5611 0.799999
    endloop
  endfacet
  facet normal -0.910746 -0.412968 0
    outer loop
      vertex -10.5029 -12.6677 0
      vertex -10.611 -12.4293 0.799999
      vertex -10.611 -12.4293 0
    endloop
  endfacet
  facet normal -0.910746 -0.412968 0
    outer loop
      vertex -10.611 -12.4293 0.799999
      vertex -10.5029 -12.6677 0
      vertex -10.5029 -12.6677 0.799999
    endloop
  endfacet
  facet normal -0.848984 -0.528418 0
    outer loop
      vertex -10.7343 -12.1984 0
      vertex -10.8726 -11.9762 0.799999
      vertex -10.8726 -11.9762 0
    endloop
  endfacet
  facet normal -0.848984 -0.528418 0
    outer loop
      vertex -10.8726 -11.9762 0.799999
      vertex -10.7343 -12.1984 0
      vertex -10.7343 -12.1984 0.799999
    endloop
  endfacet
  facet normal -0.956928 -0.290325 0
    outer loop
      vertex -10.3347 -13.1632 0
      vertex -10.4107 -12.9127 0.799999
      vertex -10.4107 -12.9127 0
    endloop
  endfacet
  facet normal -0.956928 -0.290325 0
    outer loop
      vertex -10.4107 -12.9127 0.799999
      vertex -10.3347 -13.1632 0
      vertex -10.3347 -13.1632 0.799999
    endloop
  endfacet
  facet normal -0.973906 -0.226952 0
    outer loop
      vertex -10.2753 -13.4181 0
      vertex -10.3347 -13.1632 0.799999
      vertex -10.3347 -13.1632 0
    endloop
  endfacet
  facet normal -0.973906 -0.226952 0
    outer loop
      vertex -10.3347 -13.1632 0.799999
      vertex -10.2753 -13.4181 0
      vertex -10.2753 -13.4181 0.799999
    endloop
  endfacet
  facet normal -0.995169 0.0981798 0
    outer loop
      vertex -10.2327 -14.7206 0
      vertex -10.207 -14.4601 0.799999
      vertex -10.207 -14.4601 0
    endloop
  endfacet
  facet normal -0.995169 0.0981798 0
    outer loop
      vertex -10.207 -14.4601 0.799999
      vertex -10.2327 -14.7206 0
      vertex -10.2327 -14.7206 0.799999
    endloop
  endfacet
  facet normal 0.68342 0.730025 -0
    outer loop
      vertex -16.8358 -17.2058 0
      vertex -17.0269 -17.0269 0.799999
      vertex -16.8358 -17.2058 0.799999
    endloop
  endfacet
  facet normal 0.68342 0.730025 0
    outer loop
      vertex -17.0269 -17.0269 0.799999
      vertex -16.8358 -17.2058 0
      vertex -17.0269 -17.0269 0
    endloop
  endfacet
  facet normal -0.352212 -0.93592 0
    outer loop
      vertex -12.9127 -10.4107 0
      vertex -12.6677 -10.5029 0.799999
      vertex -12.9127 -10.4107 0.799999
    endloop
  endfacet
  facet normal -0.352212 -0.93592 -0
    outer loop
      vertex -12.6677 -10.5029 0.799999
      vertex -12.9127 -10.4107 0
      vertex -12.6677 -10.5029 0
    endloop
  endfacet
  facet normal 0.58225 0.81301 -0
    outer loop
      vertex -16.4207 -17.5243 0
      vertex -16.6335 -17.3719 0.799999
      vertex -16.4207 -17.5243 0.799999
    endloop
  endfacet
  facet normal 0.58225 0.81301 0
    outer loop
      vertex -16.6335 -17.3719 0.799999
      vertex -16.4207 -17.5243 0
      vertex -16.6335 -17.3719 0
    endloop
  endfacet
  facet normal 0.527971 0.849262 -0
    outer loop
      vertex -16.1984 -17.6625 0
      vertex -16.4207 -17.5243 0.799999
      vertex -16.1984 -17.6625 0.799999
    endloop
  endfacet
  facet normal 0.527971 0.849262 0
    outer loop
      vertex -16.4207 -17.5243 0.799999
      vertex -16.1984 -17.6625 0
      vertex -16.4207 -17.5243 0
    endloop
  endfacet
  facet normal 0.227314 0.973821 -0
    outer loop
      vertex -14.9788 -18.1216 0
      vertex -15.2337 -18.0621 0.799999
      vertex -14.9788 -18.1216 0.799999
    endloop
  endfacet
  facet normal 0.227314 0.973821 0
    outer loop
      vertex -15.2337 -18.0621 0.799999
      vertex -14.9788 -18.1216 0
      vertex -15.2337 -18.0621 0
    endloop
  endfacet
  facet normal 0.0981798 0.995169 -0
    outer loop
      vertex -14.4601 -18.1899 0
      vertex -14.7206 -18.1642 0.799999
      vertex -14.4601 -18.1899 0.799999
    endloop
  endfacet
  facet normal 0.0981798 0.995169 0
    outer loop
      vertex -14.7206 -18.1642 0.799999
      vertex -14.4601 -18.1899 0
      vertex -14.7206 -18.1642 0
    endloop
  endfacet
  facet normal -0.471341 0.881951 0
    outer loop
      vertex -12.1984 -17.6625 0
      vertex -12.4293 -17.7859 0.799999
      vertex -12.1984 -17.6625 0.799999
    endloop
  endfacet
  facet normal -0.471341 0.881951 0
    outer loop
      vertex -12.4293 -17.7859 0.799999
      vertex -12.1984 -17.6625 0
      vertex -12.4293 -17.7859 0
    endloop
  endfacet
  facet normal -0.634568 0.772867 0
    outer loop
      vertex -11.5611 -17.2058 0
      vertex -11.7634 -17.3719 0.799999
      vertex -11.5611 -17.2058 0.799999
    endloop
  endfacet
  facet normal -0.634568 0.772867 0
    outer loop
      vertex -11.7634 -17.3719 0.799999
      vertex -11.5611 -17.2058 0
      vertex -11.7634 -17.3719 0
    endloop
  endfacet
  facet normal -0.58225 0.81301 0
    outer loop
      vertex -11.7634 -17.3719 0
      vertex -11.9762 -17.5243 0.799999
      vertex -11.7634 -17.3719 0.799999
    endloop
  endfacet
  facet normal -0.58225 0.81301 0
    outer loop
      vertex -11.9762 -17.5243 0.799999
      vertex -11.7634 -17.3719 0
      vertex -11.9762 -17.5243 0
    endloop
  endfacet
  facet normal -0.289976 0.957034 0
    outer loop
      vertex -12.9127 -17.9862 0
      vertex -13.1632 -18.0621 0.799999
      vertex -12.9127 -17.9862 0.799999
    endloop
  endfacet
  facet normal -0.289976 0.957034 0
    outer loop
      vertex -13.1632 -18.0621 0.799999
      vertex -12.9127 -17.9862 0
      vertex -13.1632 -18.0621 0
    endloop
  endfacet
  facet normal -0.412968 0.910746 0
    outer loop
      vertex -12.4293 -17.7859 0
      vertex -12.6677 -17.894 0.799999
      vertex -12.4293 -17.7859 0.799999
    endloop
  endfacet
  facet normal -0.412968 0.910746 0
    outer loop
      vertex -12.6677 -17.894 0.799999
      vertex -12.4293 -17.7859 0
      vertex -12.6677 -17.894 0
    endloop
  endfacet
  facet normal -0.162788 0.986661 0
    outer loop
      vertex -13.4181 -18.1216 0
      vertex -13.6763 -18.1642 0.799999
      vertex -13.4181 -18.1216 0.799999
    endloop
  endfacet
  facet normal -0.162788 0.986661 0
    outer loop
      vertex -13.6763 -18.1642 0.799999
      vertex -13.4181 -18.1216 0
      vertex -13.6763 -18.1642 0
    endloop
  endfacet
  facet normal -0.81301 -0.58225 0
    outer loop
      vertex -10.8726 -11.9762 0
      vertex -11.025 -11.7634 0.799999
      vertex -11.025 -11.7634 0
    endloop
  endfacet
  facet normal -0.81301 -0.58225 0
    outer loop
      vertex -11.025 -11.7634 0.799999
      vertex -10.8726 -11.9762 0
      vertex -10.8726 -11.9762 0.799999
    endloop
  endfacet
  facet normal -0.772867 -0.634568 0
    outer loop
      vertex -11.025 -11.7634 0
      vertex -11.1911 -11.5611 0.799999
      vertex -11.1911 -11.5611 0
    endloop
  endfacet
  facet normal -0.772867 -0.634568 0
    outer loop
      vertex -11.1911 -11.5611 0.799999
      vertex -11.025 -11.7634 0
      vertex -11.025 -11.7634 0.799999
    endloop
  endfacet
  facet normal -0.88211 -0.471044 0
    outer loop
      vertex -10.611 -12.4293 0
      vertex -10.7343 -12.1984 0.799999
      vertex -10.7343 -12.1984 0
    endloop
  endfacet
  facet normal -0.88211 -0.471044 0
    outer loop
      vertex -10.7343 -12.1984 0.799999
      vertex -10.611 -12.4293 0
      vertex -10.611 -12.4293 0.799999
    endloop
  endfacet
  facet normal -0.986661 -0.162788 0
    outer loop
      vertex -10.2327 -13.6763 0
      vertex -10.2753 -13.4181 0.799999
      vertex -10.2753 -13.4181 0
    endloop
  endfacet
  facet normal -0.986661 -0.162788 0
    outer loop
      vertex -10.2753 -13.4181 0.799999
      vertex -10.2327 -13.6763 0
      vertex -10.2327 -13.6763 0.799999
    endloop
  endfacet
  facet normal -0.882025 0.471203 0
    outer loop
      vertex -10.7343 -16.1984 0
      vertex -10.611 -15.9676 0.799999
      vertex -10.611 -15.9676 0
    endloop
  endfacet
  facet normal -0.882025 0.471203 0
    outer loop
      vertex -10.611 -15.9676 0.799999
      vertex -10.7343 -16.1984 0
      vertex -10.7343 -16.1984 0.799999
    endloop
  endfacet
  facet normal -0.93592 0.352212 0
    outer loop
      vertex -10.5029 -15.7292 0
      vertex -10.4107 -15.4842 0.799999
      vertex -10.4107 -15.4842 0
    endloop
  endfacet
  facet normal -0.93592 0.352212 0
    outer loop
      vertex -10.4107 -15.4842 0.799999
      vertex -10.5029 -15.7292 0
      vertex -10.5029 -15.7292 0.799999
    endloop
  endfacet
  facet normal -0.849091 0.528247 0
    outer loop
      vertex -10.8726 -16.4207 0
      vertex -10.7343 -16.1984 0.799999
      vertex -10.7343 -16.1984 0
    endloop
  endfacet
  facet normal -0.849091 0.528247 0
    outer loop
      vertex -10.7343 -16.1984 0.799999
      vertex -10.8726 -16.4207 0
      vertex -10.8726 -16.4207 0.799999
    endloop
  endfacet
  facet normal -0.772867 0.634568 0
    outer loop
      vertex -11.1911 -16.8358 0
      vertex -11.025 -16.6335 0.799999
      vertex -11.025 -16.6335 0
    endloop
  endfacet
  facet normal -0.772867 0.634568 0
    outer loop
      vertex -11.025 -16.6335 0.799999
      vertex -11.1911 -16.8358 0
      vertex -11.1911 -16.8358 0.799999
    endloop
  endfacet
  facet normal -0.986661 0.162788 0
    outer loop
      vertex -10.2753 -14.9788 0
      vertex -10.2327 -14.7206 0.799999
      vertex -10.2327 -14.7206 0
    endloop
  endfacet
  facet normal -0.986661 0.162788 0
    outer loop
      vertex -10.2327 -14.7206 0.799999
      vertex -10.2753 -14.9788 0
      vertex -10.2753 -14.9788 0.799999
    endloop
  endfacet
  facet normal -0.956928 0.290325 0
    outer loop
      vertex -10.4107 -15.4842 0
      vertex -10.3347 -15.2337 0.799999
      vertex -10.3347 -15.2337 0
    endloop
  endfacet
  facet normal -0.956928 0.290325 0
    outer loop
      vertex -10.3347 -15.2337 0.799999
      vertex -10.4107 -15.4842 0
      vertex -10.4107 -15.4842 0.799999
    endloop
  endfacet
  facet normal -0.99946 0.0328443 0
    outer loop
      vertex -10.207 -14.4601 0
      vertex -10.1984 -14.1984 0.799999
      vertex -10.1984 -14.1984 0
    endloop
  endfacet
  facet normal -0.99946 0.0328443 0
    outer loop
      vertex -10.1984 -14.1984 0.799999
      vertex -10.207 -14.4601 0
      vertex -10.207 -14.4601 0.799999
    endloop
  endfacet
  facet normal -0.99946 -0.0328569 0
    outer loop
      vertex -10.1984 -14.1984 0
      vertex -10.207 -13.9368 0.799999
      vertex -10.207 -13.9368 0
    endloop
  endfacet
  facet normal -0.99946 -0.0328569 0
    outer loop
      vertex -10.207 -13.9368 0.799999
      vertex -10.1984 -14.1984 0
      vertex -10.1984 -14.1984 0.799999
    endloop
  endfacet
  facet normal 0.730025 0.68342 0
    outer loop
      vertex -17.0269 -17.0269 0.799999
      vertex -17.2058 -16.8358 0
      vertex -17.2058 -16.8358 0.799999
    endloop
  endfacet
  facet normal 0.730025 0.68342 0
    outer loop
      vertex -17.2058 -16.8358 0
      vertex -17.0269 -17.0269 0.799999
      vertex -17.0269 -17.0269 0
    endloop
  endfacet
  facet normal 0.81301 0.58225 0
    outer loop
      vertex -17.3719 -16.6335 0.799999
      vertex -17.5243 -16.4207 0
      vertex -17.5243 -16.4207 0.799999
    endloop
  endfacet
  facet normal 0.81301 0.58225 0
    outer loop
      vertex -17.5243 -16.4207 0
      vertex -17.3719 -16.6335 0.799999
      vertex -17.3719 -16.6335 0
    endloop
  endfacet
  facet normal 0.986661 0.162788 0
    outer loop
      vertex -18.1216 -14.9788 0.799999
      vertex -18.1642 -14.7206 0
      vertex -18.1642 -14.7206 0.799999
    endloop
  endfacet
  facet normal 0.986661 0.162788 0
    outer loop
      vertex -18.1642 -14.7206 0
      vertex -18.1216 -14.9788 0.799999
      vertex -18.1216 -14.9788 0
    endloop
  endfacet
  facet normal 0.957034 0.289976 0
    outer loop
      vertex -17.9862 -15.4842 0.799999
      vertex -18.0621 -15.2337 0
      vertex -18.0621 -15.2337 0.799999
    endloop
  endfacet
  facet normal 0.957034 0.289976 0
    outer loop
      vertex -18.0621 -15.2337 0
      vertex -17.9862 -15.4842 0.799999
      vertex -17.9862 -15.4842 0
    endloop
  endfacet
  facet normal 0.730025 -0.68342 0
    outer loop
      vertex -17.2058 -11.5611 0.799999
      vertex -17.0269 -11.37 0
      vertex -17.0269 -11.37 0.799999
    endloop
  endfacet
  facet normal 0.730025 -0.68342 0
    outer loop
      vertex -17.0269 -11.37 0
      vertex -17.2058 -11.5611 0.799999
      vertex -17.2058 -11.5611 0
    endloop
  endfacet
  facet normal -0.412968 -0.910746 0
    outer loop
      vertex -12.6677 -10.5029 0
      vertex -12.4293 -10.611 0.799999
      vertex -12.6677 -10.5029 0.799999
    endloop
  endfacet
  facet normal -0.412968 -0.910746 -0
    outer loop
      vertex -12.4293 -10.611 0.799999
      vertex -12.6677 -10.5029 0
      vertex -12.4293 -10.611 0
    endloop
  endfacet
  facet normal 0.81301 -0.58225 0
    outer loop
      vertex -17.5243 -11.9762 0.00598534
      vertex -17.3719 -11.7634 0
      vertex -17.3719 -11.7634 0.799999
    endloop
  endfacet
  facet normal 0.81301 -0.58225 0
    outer loop
      vertex -17.5243 -11.9762 0.00598534
      vertex -17.3719 -11.7634 0.799999
      vertex -17.5243 -11.9762 0.799999
    endloop
  endfacet
  facet normal 0.812984 -0.582283 -0.00184802
    outer loop
      vertex -17.3719 -11.7634 0
      vertex -17.5243 -11.9762 0.00598534
      vertex -17.5193 -11.9692 0
    endloop
  endfacet
  facet normal 0.910617 -0.413252 0
    outer loop
      vertex -17.7859 -12.4293 0.799999
      vertex -17.8424 -12.5538 0.293736
      vertex -17.7859 -12.4293 0.260124
    endloop
  endfacet
  facet normal 0.910745 -0.412968 -8.41375e-05
    outer loop
      vertex -17.894 -12.6677 0.799999
      vertex -17.8424 -12.5538 0.293736
      vertex -17.7859 -12.4293 0.799999
    endloop
  endfacet
  facet normal 0.910886 -0.412658 0
    outer loop
      vertex -17.8424 -12.5538 0.293736
      vertex -17.894 -12.6677 0.799999
      vertex -17.894 -12.6677 0.314293
    endloop
  endfacet
  facet normal 0.936096 -0.351745 0
    outer loop
      vertex -17.894 -12.6677 0.799999
      vertex -17.9064 -12.7007 0.3172
      vertex -17.894 -12.6677 0.314293
    endloop
  endfacet
  facet normal 0.936524 -0.350604 -8.8994e-05
    outer loop
      vertex -17.894 -12.6677 0.799999
      vertex -17.9137 -12.7202 0.318913
      vertex -17.9064 -12.7007 0.3172
    endloop
  endfacet
  facet normal 0.934943 -0.354799 0.000433528
    outer loop
      vertex -17.894 -12.6677 0.799999
      vertex -17.9211 -12.7397 0.318913
      vertex -17.9137 -12.7202 0.318913
    endloop
  endfacet
  facet normal 0.93592 -0.352212 -8.7346e-06
    outer loop
      vertex -17.9862 -12.9127 0.799999
      vertex -17.9211 -12.7397 0.318913
      vertex -17.894 -12.6677 0.799999
    endloop
  endfacet
  facet normal 0.936069 -0.351816 0.000153873
    outer loop
      vertex -17.9211 -12.7397 0.318913
      vertex -17.9862 -12.9127 0.799999
      vertex -17.9768 -12.8879 0.318912
    endloop
  endfacet
  facet normal 0.934943 -0.354797 -2.18267e-05
    outer loop
      vertex -17.9768 -12.8879 0.318912
      vertex -17.9862 -12.9127 0.799999
      vertex -17.9842 -12.9074 0.3172
    endloop
  endfacet
  facet normal 0.935602 -0.353057 0
    outer loop
      vertex -17.9842 -12.9074 0.3172
      vertex -17.9862 -12.9127 0.799999
      vertex -17.9862 -12.9127 0.316731
    endloop
  endfacet
  facet normal 0.352212 0.93592 -0
    outer loop
      vertex -15.4842 -17.9862 0
      vertex -15.7292 -17.894 0.799999
      vertex -15.4842 -17.9862 0.799999
    endloop
  endfacet
  facet normal 0.352212 0.93592 0
    outer loop
      vertex -15.7292 -17.894 0.799999
      vertex -15.4842 -17.9862 0
      vertex -15.7292 -17.894 0
    endloop
  endfacet
  facet normal 0.412968 0.910746 -0
    outer loop
      vertex -15.7292 -17.894 0
      vertex -15.9676 -17.7859 0.799999
      vertex -15.7292 -17.894 0.799999
    endloop
  endfacet
  facet normal 0.412968 0.910746 0
    outer loop
      vertex -15.9676 -17.7859 0.799999
      vertex -15.7292 -17.894 0
      vertex -15.9676 -17.7859 0
    endloop
  endfacet
  facet normal 0.162788 0.986661 -0
    outer loop
      vertex -14.7206 -18.1642 0
      vertex -14.9788 -18.1216 0.799999
      vertex -14.7206 -18.1642 0.799999
    endloop
  endfacet
  facet normal 0.162788 0.986661 0
    outer loop
      vertex -14.9788 -18.1216 0.799999
      vertex -14.7206 -18.1642 0
      vertex -14.9788 -18.1216 0
    endloop
  endfacet
  facet normal 0.0324628 0.999473 -0
    outer loop
      vertex -14.1984 -18.1984 0
      vertex -14.4601 -18.1899 0.799999
      vertex -14.1984 -18.1984 0.799999
    endloop
  endfacet
  facet normal 0.0324628 0.999473 0
    outer loop
      vertex -14.4601 -18.1899 0.799999
      vertex -14.1984 -18.1984 0
      vertex -14.4601 -18.1899 0
    endloop
  endfacet
  facet normal -0.68342 0.730025 0
    outer loop
      vertex -11.37 -17.0269 0
      vertex -11.5611 -17.2058 0.799999
      vertex -11.37 -17.0269 0.799999
    endloop
  endfacet
  facet normal -0.68342 0.730025 0
    outer loop
      vertex -11.5611 -17.2058 0.799999
      vertex -11.37 -17.0269 0
      vertex -11.5611 -17.2058 0
    endloop
  endfacet
  facet normal -0.528143 0.849156 0
    outer loop
      vertex -11.9762 -17.5243 0
      vertex -12.1984 -17.6625 0.799999
      vertex -11.9762 -17.5243 0.799999
    endloop
  endfacet
  facet normal -0.528143 0.849156 0
    outer loop
      vertex -12.1984 -17.6625 0.799999
      vertex -11.9762 -17.5243 0
      vertex -12.1984 -17.6625 0
    endloop
  endfacet
  facet normal -0.352212 0.93592 0
    outer loop
      vertex -12.6677 -17.894 0
      vertex -12.9127 -17.9862 0.799999
      vertex -12.6677 -17.894 0.799999
    endloop
  endfacet
  facet normal -0.352212 0.93592 0
    outer loop
      vertex -12.9127 -17.9862 0.799999
      vertex -12.6677 -17.894 0
      vertex -12.9127 -17.9862 0
    endloop
  endfacet
  facet normal -0.227314 0.973821 0
    outer loop
      vertex -13.1632 -18.0621 0
      vertex -13.4181 -18.1216 0.799999
      vertex -13.1632 -18.0621 0.799999
    endloop
  endfacet
  facet normal -0.227314 0.973821 0
    outer loop
      vertex -13.4181 -18.1216 0.799999
      vertex -13.1632 -18.0621 0
      vertex -13.4181 -18.1216 0
    endloop
  endfacet
  facet normal -0.910746 0.412968 0
    outer loop
      vertex -10.611 -15.9676 0
      vertex -10.5029 -15.7292 0.799999
      vertex -10.5029 -15.7292 0
    endloop
  endfacet
  facet normal -0.910746 0.412968 0
    outer loop
      vertex -10.5029 -15.7292 0.799999
      vertex -10.611 -15.9676 0
      vertex -10.611 -15.9676 0.799999
    endloop
  endfacet
  facet normal -0.81301 0.58225 0
    outer loop
      vertex -11.025 -16.6335 0
      vertex -10.8726 -16.4207 0.799999
      vertex -10.8726 -16.4207 0
    endloop
  endfacet
  facet normal -0.81301 0.58225 0
    outer loop
      vertex -10.8726 -16.4207 0.799999
      vertex -11.025 -16.6335 0
      vertex -11.025 -16.6335 0.799999
    endloop
  endfacet
  facet normal -0.973906 0.226952 0
    outer loop
      vertex -10.3347 -15.2337 0
      vertex -10.2753 -14.9788 0.799999
      vertex -10.2753 -14.9788 0
    endloop
  endfacet
  facet normal -0.973906 0.226952 0
    outer loop
      vertex -10.2753 -14.9788 0.799999
      vertex -10.3347 -15.2337 0
      vertex -10.3347 -15.2337 0.799999
    endloop
  endfacet
  facet normal 0.881866 0.4715 0
    outer loop
      vertex -17.6625 -16.1984 0.799999
      vertex -17.7859 -15.9676 0
      vertex -17.7859 -15.9676 0.799999
    endloop
  endfacet
  facet normal 0.881866 0.4715 0
    outer loop
      vertex -17.7859 -15.9676 0
      vertex -17.6625 -16.1984 0.799999
      vertex -17.6625 -16.1984 0
    endloop
  endfacet
  facet normal 0 0 -1
    outer loop
      vertex -10.207 -14.4601 0.799999
      vertex -10.207 -13.9368 0.799999
      vertex -10.1984 -14.1984 0.799999
    endloop
  endfacet
  facet normal 0 0 -1
    outer loop
      vertex -10.2327 -14.7206 0.799999
      vertex -10.207 -13.9368 0.799999
      vertex -10.207 -14.4601 0.799999
    endloop
  endfacet
  facet normal 0 0 -1
    outer loop
      vertex -10.2327 -14.7206 0.799999
      vertex -10.2327 -13.6763 0.799999
      vertex -10.207 -13.9368 0.799999
    endloop
  endfacet
  facet normal 0 0 -1
    outer loop
      vertex -10.2753 -14.9788 0.799999
      vertex -10.2327 -13.6763 0.799999
      vertex -10.2327 -14.7206 0.799999
    endloop
  endfacet
  facet normal 0 0 -1
    outer loop
      vertex -10.2753 -14.9788 0.799999
      vertex -10.2753 -13.4181 0.799999
      vertex -10.2327 -13.6763 0.799999
    endloop
  endfacet
  facet normal 0 0 -1
    outer loop
      vertex -10.3347 -15.2337 0.799999
      vertex -10.2753 -13.4181 0.799999
      vertex -10.2753 -14.9788 0.799999
    endloop
  endfacet
  facet normal 0 0 -1
    outer loop
      vertex -10.3347 -15.2337 0.799999
      vertex -10.3347 -13.1632 0.799999
      vertex -10.2753 -13.4181 0.799999
    endloop
  endfacet
  facet normal 0 0 -1
    outer loop
      vertex -10.4107 -15.4842 0.799999
      vertex -10.3347 -13.1632 0.799999
      vertex -10.3347 -15.2337 0.799999
    endloop
  endfacet
  facet normal 0 0 -1
    outer loop
      vertex -10.4107 -15.4842 0.799999
      vertex -10.4107 -12.9127 0.799999
      vertex -10.3347 -13.1632 0.799999
    endloop
  endfacet
  facet normal 0 0 -1
    outer loop
      vertex -10.5029 -15.7292 0.799999
      vertex -10.4107 -12.9127 0.799999
      vertex -10.4107 -15.4842 0.799999
    endloop
  endfacet
  facet normal 0 0 -1
    outer loop
      vertex -10.5029 -15.7292 0.799999
      vertex -10.5029 -12.6677 0.799999
      vertex -10.4107 -12.9127 0.799999
    endloop
  endfacet
  facet normal 0 0 -1
    outer loop
      vertex -10.611 -15.9676 0.799999
      vertex -10.5029 -12.6677 0.799999
      vertex -10.5029 -15.7292 0.799999
    endloop
  endfacet
  facet normal 0 0 -1
    outer loop
      vertex -10.611 -15.9676 0.799999
      vertex -10.611 -12.4293 0.799999
      vertex -10.5029 -12.6677 0.799999
    endloop
  endfacet
  facet normal 0 0 -1
    outer loop
      vertex -10.7343 -16.1984 0.799999
      vertex -10.611 -12.4293 0.799999
      vertex -10.611 -15.9676 0.799999
    endloop
  endfacet
  facet normal 0 0 -1
    outer loop
      vertex -10.7343 -16.1984 0.799999
      vertex -10.7343 -12.1984 0.799999
      vertex -10.611 -12.4293 0.799999
    endloop
  endfacet
  facet normal 0 0 -1
    outer loop
      vertex -10.8726 -16.4207 0.799999
      vertex -10.7343 -12.1984 0.799999
      vertex -10.7343 -16.1984 0.799999
    endloop
  endfacet
  facet normal 0 0 -1
    outer loop
      vertex -10.8726 -16.4207 0.799999
      vertex -10.8726 -11.9762 0.799999
      vertex -10.7343 -12.1984 0.799999
    endloop
  endfacet
  facet normal 0 0 -1
    outer loop
      vertex -11.025 -16.6335 0.799999
      vertex -10.8726 -11.9762 0.799999
      vertex -10.8726 -16.4207 0.799999
    endloop
  endfacet
  facet normal 0 0 -1
    outer loop
      vertex -11.025 -16.6335 0.799999
      vertex -11.025 -11.7634 0.799999
      vertex -10.8726 -11.9762 0.799999
    endloop
  endfacet
  facet normal 0 0 -1
    outer loop
      vertex -11.1911 -16.8358 0.799999
      vertex -11.025 -11.7634 0.799999
      vertex -11.025 -16.6335 0.799999
    endloop
  endfacet
  facet normal 0 0 -1
    outer loop
      vertex -11.1911 -16.8358 0.799999
      vertex -11.1911 -11.5611 0.799999
      vertex -11.025 -11.7634 0.799999
    endloop
  endfacet
  facet normal 0 0 -1
    outer loop
      vertex -11.37 -17.0269 0.799999
      vertex -11.1911 -11.5611 0.799999
      vertex -11.1911 -16.8358 0.799999
    endloop
  endfacet
  facet normal 0 0 -1
    outer loop
      vertex -11.37 -17.0269 0.799999
      vertex -11.37 -11.37 0.799999
      vertex -11.1911 -11.5611 0.799999
    endloop
  endfacet
  facet normal 0 0 -1
    outer loop
      vertex -11.5611 -17.2058 0.799999
      vertex -11.37 -11.37 0.799999
      vertex -11.37 -17.0269 0.799999
    endloop
  endfacet
  facet normal 0 0 -1
    outer loop
      vertex -11.5611 -17.2058 0.799999
      vertex -11.5611 -11.1911 0.799999
      vertex -11.37 -11.37 0.799999
    endloop
  endfacet
  facet normal 0 0 -1
    outer loop
      vertex -11.7634 -17.3719 0.799999
      vertex -11.5611 -11.1911 0.799999
      vertex -11.5611 -17.2058 0.799999
    endloop
  endfacet
  facet normal 0 0 -1
    outer loop
      vertex -11.7634 -17.3719 0.799999
      vertex -11.7634 -11.025 0.799999
      vertex -11.5611 -11.1911 0.799999
    endloop
  endfacet
  facet normal 0 0 -1
    outer loop
      vertex -11.9762 -17.5243 0.799999
      vertex -11.7634 -11.025 0.799999
      vertex -11.7634 -17.3719 0.799999
    endloop
  endfacet
  facet normal 0 0 -1
    outer loop
      vertex -11.9762 -17.5243 0.799999
      vertex -11.9762 -10.8726 0.799999
      vertex -11.7634 -11.025 0.799999
    endloop
  endfacet
  facet normal 0 0 -1
    outer loop
      vertex -12.1984 -17.6625 0.799999
      vertex -11.9762 -10.8726 0.799999
      vertex -11.9762 -17.5243 0.799999
    endloop
  endfacet
  facet normal 0 0 -1
    outer loop
      vertex -12.1984 -17.6625 0.799999
      vertex -12.1984 -10.7343 0.799999
      vertex -11.9762 -10.8726 0.799999
    endloop
  endfacet
  facet normal 0 0 -1
    outer loop
      vertex -12.4293 -17.7859 0.799999
      vertex -12.1984 -10.7343 0.799999
      vertex -12.1984 -17.6625 0.799999
    endloop
  endfacet
  facet normal 0 0 -1
    outer loop
      vertex -12.4293 -17.7859 0.799999
      vertex -12.4293 -10.611 0.799999
      vertex -12.1984 -10.7343 0.799999
    endloop
  endfacet
  facet normal 0 0 -1
    outer loop
      vertex -12.6677 -17.894 0.799999
      vertex -12.4293 -10.611 0.799999
      vertex -12.4293 -17.7859 0.799999
    endloop
  endfacet
  facet normal 0 0 -1
    outer loop
      vertex -12.6677 -17.894 0.799999
      vertex -12.6677 -10.5029 0.799999
      vertex -12.4293 -10.611 0.799999
    endloop
  endfacet
  facet normal 0 0 -1
    outer loop
      vertex -12.9127 -17.9862 0.799999
      vertex -12.6677 -10.5029 0.799999
      vertex -12.6677 -17.894 0.799999
    endloop
  endfacet
  facet normal 0 0 -1
    outer loop
      vertex -12.9127 -17.9862 0.799999
      vertex -12.9127 -10.4107 0.799999
      vertex -12.6677 -10.5029 0.799999
    endloop
  endfacet
  facet normal 0 0 -1
    outer loop
      vertex -13.1632 -18.0621 0.799999
      vertex -12.9127 -10.4107 0.799999
      vertex -12.9127 -17.9862 0.799999
    endloop
  endfacet
  facet normal 0 0 -1
    outer loop
      vertex -13.1632 -18.0621 0.799999
      vertex -13.1632 -10.3347 0.799999
      vertex -12.9127 -10.4107 0.799999
    endloop
  endfacet
  facet normal 0 0 -1
    outer loop
      vertex -13.4181 -18.1216 0.799999
      vertex -13.1632 -10.3347 0.799999
      vertex -13.1632 -18.0621 0.799999
    endloop
  endfacet
  facet normal 0 0 -1
    outer loop
      vertex -13.4181 -18.1216 0.799999
      vertex -13.4181 -10.2753 0.799999
      vertex -13.1632 -10.3347 0.799999
    endloop
  endfacet
  facet normal 0 0 -1
    outer loop
      vertex -13.6763 -18.1642 0.799999
      vertex -13.4181 -10.2753 0.799999
      vertex -13.4181 -18.1216 0.799999
    endloop
  endfacet
  facet normal 0 0 -1
    outer loop
      vertex -13.6763 -18.1642 0.799999
      vertex -13.6763 -10.2327 0.799999
      vertex -13.4181 -10.2753 0.799999
    endloop
  endfacet
  facet normal 0 0 -1
    outer loop
      vertex -13.9368 -18.1899 0.799999
      vertex -13.6763 -10.2327 0.799999
      vertex -13.6763 -18.1642 0.799999
    endloop
  endfacet
  facet normal 0 0 -1
    outer loop
      vertex -13.9368 -18.1899 0.799999
      vertex -13.9368 -10.207 0.799999
      vertex -13.6763 -10.2327 0.799999
    endloop
  endfacet
  facet normal 0 0 -1
    outer loop
      vertex -14.1984 -18.1984 0.799999
      vertex -13.9368 -10.207 0.799999
      vertex -13.9368 -18.1899 0.799999
    endloop
  endfacet
  facet normal 0 0 -1
    outer loop
      vertex -14.1984 -18.1984 0.799999
      vertex -14.1984 -10.1984 0.799999
      vertex -13.9368 -10.207 0.799999
    endloop
  endfacet
  facet normal 0 0 -1
    outer loop
      vertex -14.4601 -18.1899 0.799999
      vertex -14.1984 -10.1984 0.799999
      vertex -14.1984 -18.1984 0.799999
    endloop
  endfacet
  facet normal 0 0 -1
    outer loop
      vertex -14.4601 -18.1899 0.799999
      vertex -14.4601 -10.207 0.799999
      vertex -14.1984 -10.1984 0.799999
    endloop
  endfacet
  facet normal 0 0 -1
    outer loop
      vertex -14.7206 -18.1642 0.799999
      vertex -14.4601 -10.207 0.799999
      vertex -14.4601 -18.1899 0.799999
    endloop
  endfacet
  facet normal 0 0 -1
    outer loop
      vertex -14.7206 -18.1642 0.799999
      vertex -14.7206 -10.2327 0.799999
      vertex -14.4601 -10.207 0.799999
    endloop
  endfacet
  facet normal 0 0 -1
    outer loop
      vertex -14.9788 -18.1216 0.799999
      vertex -14.7206 -10.2327 0.799999
      vertex -14.7206 -18.1642 0.799999
    endloop
  endfacet
  facet normal 0 0 -1
    outer loop
      vertex -14.9788 -18.1216 0.799999
      vertex -14.9788 -10.2753 0.799999
      vertex -14.7206 -10.2327 0.799999
    endloop
  endfacet
  facet normal 0 0 -1
    outer loop
      vertex -15.2337 -18.0621 0.799999
      vertex -14.9788 -10.2753 0.799999
      vertex -14.9788 -18.1216 0.799999
    endloop
  endfacet
  facet normal 0 0 -1
    outer loop
      vertex -15.2337 -18.0621 0.799999
      vertex -15.2337 -10.3347 0.799999
      vertex -14.9788 -10.2753 0.799999
    endloop
  endfacet
  facet normal 0 0 -1
    outer loop
      vertex -15.4842 -17.9862 0.799999
      vertex -15.2337 -10.3347 0.799999
      vertex -15.2337 -18.0621 0.799999
    endloop
  endfacet
  facet normal 0 0 -1
    outer loop
      vertex -15.4842 -17.9862 0.799999
      vertex -15.4842 -10.4107 0.799999
      vertex -15.2337 -10.3347 0.799999
    endloop
  endfacet
  facet normal 0 0 -1
    outer loop
      vertex -15.7292 -17.894 0.799999
      vertex -15.4842 -10.4107 0.799999
      vertex -15.4842 -17.9862 0.799999
    endloop
  endfacet
  facet normal 0 0 -1
    outer loop
      vertex -15.7292 -17.894 0.799999
      vertex -15.7292 -10.5029 0.799999
      vertex -15.4842 -10.4107 0.799999
    endloop
  endfacet
  facet normal 0 0 -1
    outer loop
      vertex -15.9676 -17.7859 0.799999
      vertex -15.7292 -10.5029 0.799999
      vertex -15.7292 -17.894 0.799999
    endloop
  endfacet
  facet normal 0 0 -1
    outer loop
      vertex -15.9676 -17.7859 0.799999
      vertex -15.9676 -10.611 0.799999
      vertex -15.7292 -10.5029 0.799999
    endloop
  endfacet
  facet normal 0 0 -1
    outer loop
      vertex -16.1984 -17.6625 0.799999
      vertex -15.9676 -10.611 0.799999
      vertex -15.9676 -17.7859 0.799999
    endloop
  endfacet
  facet normal 0 0 -1
    outer loop
      vertex -16.1984 -17.6625 0.799999
      vertex -16.1984 -10.7343 0.799999
      vertex -15.9676 -10.611 0.799999
    endloop
  endfacet
  facet normal 0 0 -1
    outer loop
      vertex -16.4207 -17.5243 0.799999
      vertex -16.1984 -10.7343 0.799999
      vertex -16.1984 -17.6625 0.799999
    endloop
  endfacet
  facet normal 0 0 -1
    outer loop
      vertex -16.4207 -17.5243 0.799999
      vertex -16.4207 -10.8726 0.799999
      vertex -16.1984 -10.7343 0.799999
    endloop
  endfacet
  facet normal 0 0 -1
    outer loop
      vertex -16.6335 -17.3719 0.799999
      vertex -16.4207 -10.8726 0.799999
      vertex -16.4207 -17.5243 0.799999
    endloop
  endfacet
  facet normal 0 0 -1
    outer loop
      vertex -16.6335 -17.3719 0.799999
      vertex -16.6335 -11.025 0.799999
      vertex -16.4207 -10.8726 0.799999
    endloop
  endfacet
  facet normal 0 0 -1
    outer loop
      vertex -16.8358 -17.2058 0.799999
      vertex -16.6335 -11.025 0.799999
      vertex -16.6335 -17.3719 0.799999
    endloop
  endfacet
  facet normal 0 0 -1
    outer loop
      vertex -16.8358 -17.2058 0.799999
      vertex -16.8358 -11.1911 0.799999
      vertex -16.6335 -11.025 0.799999
    endloop
  endfacet
  facet normal 0 0 -1
    outer loop
      vertex -17.0269 -17.0269 0.799999
      vertex -16.8358 -11.1911 0.799999
      vertex -16.8358 -17.2058 0.799999
    endloop
  endfacet
  facet normal 0 0 -1
    outer loop
      vertex -17.0269 -17.0269 0.799999
      vertex -17.0269 -11.37 0.799999
      vertex -16.8358 -11.1911 0.799999
    endloop
  endfacet
  facet normal 0 0 -1
    outer loop
      vertex -17.2058 -16.8358 0.799999
      vertex -17.0269 -11.37 0.799999
      vertex -17.0269 -17.0269 0.799999
    endloop
  endfacet
  facet normal 0 0 -1
    outer loop
      vertex -17.2058 -16.8358 0.799999
      vertex -17.2058 -11.5611 0.799999
      vertex -17.0269 -11.37 0.799999
    endloop
  endfacet
  facet normal 0 0 -1
    outer loop
      vertex -17.3719 -16.6335 0.799999
      vertex -17.2058 -11.5611 0.799999
      vertex -17.2058 -16.8358 0.799999
    endloop
  endfacet
  facet normal 0 0 -1
    outer loop
      vertex -17.3719 -16.6335 0.799999
      vertex -17.3719 -11.7634 0.799999
      vertex -17.2058 -11.5611 0.799999
    endloop
  endfacet
  facet normal 0 0 -1
    outer loop
      vertex -17.5243 -16.4207 0.799999
      vertex -17.3719 -11.7634 0.799999
      vertex -17.3719 -16.6335 0.799999
    endloop
  endfacet
  facet normal 0 0 -1
    outer loop
      vertex -17.5243 -16.4207 0.799999
      vertex -17.5243 -11.9762 0.799999
      vertex -17.3719 -11.7634 0.799999
    endloop
  endfacet
  facet normal 0 0 -1
    outer loop
      vertex -17.6625 -16.1984 0.799999
      vertex -17.5243 -11.9762 0.799999
      vertex -17.5243 -16.4207 0.799999
    endloop
  endfacet
  facet normal 0 0 -1
    outer loop
      vertex -17.6625 -16.1984 0.799999
      vertex -17.6625 -12.1984 0.799999
      vertex -17.5243 -11.9762 0.799999
    endloop
  endfacet
  facet normal 0 0 -1
    outer loop
      vertex -17.7859 -15.9676 0.799999
      vertex -17.6625 -12.1984 0.799999
      vertex -17.6625 -16.1984 0.799999
    endloop
  endfacet
  facet normal 0 0 -1
    outer loop
      vertex -17.7859 -15.9676 0.799999
      vertex -17.7859 -12.4293 0.799999
      vertex -17.6625 -12.1984 0.799999
    endloop
  endfacet
  facet normal 0 0 -1
    outer loop
      vertex -17.894 -15.7292 0.799999
      vertex -17.7859 -12.4293 0.799999
      vertex -17.7859 -15.9676 0.799999
    endloop
  endfacet
  facet normal 0 0 -1
    outer loop
      vertex -17.894 -15.7292 0.799999
      vertex -17.894 -12.6677 0.799999
      vertex -17.7859 -12.4293 0.799999
    endloop
  endfacet
  facet normal 0 0 -1
    outer loop
      vertex -17.9862 -15.4842 0.799999
      vertex -17.894 -12.6677 0.799999
      vertex -17.894 -15.7292 0.799999
    endloop
  endfacet
  facet normal 0 0 -1
    outer loop
      vertex -17.9862 -15.4842 0.799999
      vertex -17.9862 -12.9127 0.799999
      vertex -17.894 -12.6677 0.799999
    endloop
  endfacet
  facet normal 0 0 -1
    outer loop
      vertex -18.0621 -15.2337 0.799999
      vertex -17.9862 -12.9127 0.799999
      vertex -17.9862 -15.4842 0.799999
    endloop
  endfacet
  facet normal 0 0 -1
    outer loop
      vertex -18.0621 -15.2337 0.799999
      vertex -18.0621 -13.1632 0.799999
      vertex -17.9862 -12.9127 0.799999
    endloop
  endfacet
  facet normal 0 0 -1
    outer loop
      vertex -18.1216 -14.9788 0.799999
      vertex -18.0621 -13.1632 0.799999
      vertex -18.0621 -15.2337 0.799999
    endloop
  endfacet
  facet normal 0 0 -1
    outer loop
      vertex -18.1216 -14.9788 0.799999
      vertex -18.1216 -13.4181 0.799999
      vertex -18.0621 -13.1632 0.799999
    endloop
  endfacet
  facet normal 0 0 -1
    outer loop
      vertex -18.1642 -14.7206 0.799999
      vertex -18.1216 -13.4181 0.799999
      vertex -18.1216 -14.9788 0.799999
    endloop
  endfacet
  facet normal 0 0 -1
    outer loop
      vertex -18.1642 -14.7206 0.799999
      vertex -18.1642 -13.6763 0.799999
      vertex -18.1216 -13.4181 0.799999
    endloop
  endfacet
  facet normal 0 0 -1
    outer loop
      vertex -18.1899 -14.4601 0.799999
      vertex -18.1642 -13.6763 0.799999
      vertex -18.1642 -14.7206 0.799999
    endloop
  endfacet
  facet normal 0 0 -1
    outer loop
      vertex -18.1899 -14.4601 0.799999
      vertex -18.1899 -13.9368 0.799999
      vertex -18.1642 -13.6763 0.799999
    endloop
  endfacet
  facet normal 0 -0 -1
    outer loop
      vertex -18.1899 -13.9368 0.799999
      vertex -18.1899 -14.4601 0.799999
      vertex -18.1984 -14.1984 0.799999
    endloop
  endfacet
  facet normal 0.995169 0.0981798 0
    outer loop
      vertex -18.1642 -14.7206 0.799999
      vertex -18.1899 -14.4601 0
      vertex -18.1899 -14.4601 0.799999
    endloop
  endfacet
  facet normal 0.995169 0.0981798 0
    outer loop
      vertex -18.1899 -14.4601 0
      vertex -18.1642 -14.7206 0.799999
      vertex -18.1642 -14.7206 0
    endloop
  endfacet
  facet normal 0.973821 0.227314 0
    outer loop
      vertex -18.0621 -15.2337 0.799999
      vertex -18.1216 -14.9788 0
      vertex -18.1216 -14.9788 0.799999
    endloop
  endfacet
  facet normal 0.973821 0.227314 0
    outer loop
      vertex -18.1216 -14.9788 0
      vertex -18.0621 -15.2337 0.799999
      vertex -18.0621 -15.2337 0
    endloop
  endfacet
  facet normal 0.910746 0.412968 0
    outer loop
      vertex -17.7859 -15.9676 0.799999
      vertex -17.894 -15.7292 0
      vertex -17.894 -15.7292 0.799999
    endloop
  endfacet
  facet normal 0.910746 0.412968 0
    outer loop
      vertex -17.894 -15.7292 0
      vertex -17.7859 -15.9676 0.799999
      vertex -17.7859 -15.9676 0
    endloop
  endfacet
  facet normal 0.226952 -0.973906 0
    outer loop
      vertex -15.2337 -10.3347 0
      vertex -14.9788 -10.2753 0.799999
      vertex -15.2337 -10.3347 0.799999
    endloop
  endfacet
  facet normal 0.226952 -0.973906 0
    outer loop
      vertex -14.9788 -10.2753 0.799999
      vertex -15.2337 -10.3347 0
      vertex -14.9788 -10.2753 0
    endloop
  endfacet
  facet normal 0.58225 -0.81301 0
    outer loop
      vertex -16.6335 -11.025 0
      vertex -16.4207 -10.8726 0.799999
      vertex -16.6335 -11.025 0.799999
    endloop
  endfacet
  facet normal 0.58225 -0.81301 0
    outer loop
      vertex -16.4207 -10.8726 0.799999
      vertex -16.6335 -11.025 0
      vertex -16.4207 -10.8726 0
    endloop
  endfacet
  facet normal -0.226952 -0.973906 0
    outer loop
      vertex -13.4181 -10.2753 0
      vertex -13.1632 -10.3347 0.799999
      vertex -13.4181 -10.2753 0.799999
    endloop
  endfacet
  facet normal -0.226952 -0.973906 -0
    outer loop
      vertex -13.1632 -10.3347 0.799999
      vertex -13.4181 -10.2753 0
      vertex -13.1632 -10.3347 0
    endloop
  endfacet
  facet normal -0.0328569 -0.99946 0
    outer loop
      vertex -14.1984 -10.1984 0
      vertex -13.9368 -10.207 0.799999
      vertex -14.1984 -10.1984 0.799999
    endloop
  endfacet
  facet normal -0.0328569 -0.99946 -0
    outer loop
      vertex -13.9368 -10.207 0.799999
      vertex -14.1984 -10.1984 0
      vertex -13.9368 -10.207 0
    endloop
  endfacet
  facet normal -0.68342 -0.730025 0
    outer loop
      vertex -11.5611 -11.1911 0
      vertex -11.37 -11.37 0.799999
      vertex -11.5611 -11.1911 0.799999
    endloop
  endfacet
  facet normal -0.68342 -0.730025 -0
    outer loop
      vertex -11.37 -11.37 0.799999
      vertex -11.5611 -11.1911 0
      vertex -11.37 -11.37 0
    endloop
  endfacet
  facet normal -0.471044 -0.88211 0
    outer loop
      vertex -12.4293 -10.611 0
      vertex -12.1984 -10.7343 0.799999
      vertex -12.4293 -10.611 0.799999
    endloop
  endfacet
  facet normal -0.471044 -0.88211 -0
    outer loop
      vertex -12.1984 -10.7343 0.799999
      vertex -12.4293 -10.611 0
      vertex -12.1984 -10.7343 0
    endloop
  endfacet
  facet normal 0.875034 -0.484061 0
    outer loop
      vertex -17.6625 -12.1984 0.799999
      vertex -17.6651 -12.2031 0.159285
      vertex -17.6625 -12.1984 0.156714
    endloop
  endfacet
  facet normal 0.883753 -0.467953 -0.000153549
    outer loop
      vertex -17.6625 -12.1984 0.799999
      vertex -17.6705 -12.2133 0.164821
      vertex -17.6651 -12.2031 0.159285
    endloop
  endfacet
  facet normal 0.882033 -0.471188 -5.5997e-05
    outer loop
      vertex -17.6625 -12.1984 0.799999
      vertex -17.7549 -12.3713 0.237373
      vertex -17.6705 -12.2133 0.164821
    endloop
  endfacet
  facet normal 0.879622 -0.47567 0.00171723
    outer loop
      vertex -17.6625 -12.1984 0.799999
      vertex -17.7627 -12.3857 0.244019
      vertex -17.7549 -12.3713 0.237373
    endloop
  endfacet
  facet normal 0.882429 -0.470445 -0.000548804
    outer loop
      vertex -17.6625 -12.1984 0.799999
      vertex -17.7708 -12.4009 0.249635
      vertex -17.7627 -12.3857 0.244019
    endloop
  endfacet
  facet normal 0.881951 -0.471341 -0.000124715
    outer loop
      vertex -17.7859 -12.4293 0.799999
      vertex -17.7708 -12.4009 0.249635
      vertex -17.6625 -12.1984 0.799999
    endloop
  endfacet
  facet normal 0.882955 -0.469458 0
    outer loop
      vertex -17.7708 -12.4009 0.249635
      vertex -17.7859 -12.4293 0.799999
      vertex -17.7859 -12.4293 0.260124
    endloop
  endfacet
  facet normal 0.849262 0.527971 0
    outer loop
      vertex -17.5243 -16.4207 0.799999
      vertex -17.6625 -16.1984 0
      vertex -17.6625 -16.1984 0.799999
    endloop
  endfacet
  facet normal 0.849262 0.527971 0
    outer loop
      vertex -17.6625 -16.1984 0
      vertex -17.5243 -16.4207 0.799999
      vertex -17.5243 -16.4207 0
    endloop
  endfacet
  facet normal 0.999473 0.0324628 0
    outer loop
      vertex -18.1899 -14.4601 0.799999
      vertex -18.1984 -14.1984 0
      vertex -18.1984 -14.1984 0.799999
    endloop
  endfacet
  facet normal 0.999473 0.0324628 0
    outer loop
      vertex -18.1984 -14.1984 0
      vertex -18.1899 -14.4601 0.799999
      vertex -18.1899 -14.4601 0
    endloop
  endfacet
  facet normal 0.999473 -0.0324752 0
    outer loop
      vertex -18.1984 -14.1984 0.799999
      vertex -18.1899 -13.9368 0
      vertex -18.1899 -13.9368 0.799999
    endloop
  endfacet
  facet normal 0.999473 -0.0324752 0
    outer loop
      vertex -18.1899 -13.9368 0
      vertex -18.1984 -14.1984 0.799999
      vertex -18.1984 -14.1984 0
    endloop
  endfacet
  facet normal 0.9735 -0.228685 0
    outer loop
      vertex -18.0621 -13.1632 0.799999
      vertex -18.0765 -13.2245 0.244441
      vertex -18.0621 -13.1632 0.264989
    endloop
  endfacet
  facet normal 0.973821 -0.227314 -0.000159608
    outer loop
      vertex -18.1216 -13.4181 0.799999
      vertex -18.0765 -13.2245 0.244441
      vertex -18.0621 -13.1632 0.799999
    endloop
  endfacet
  facet normal 0.974431 -0.224684 0.000806607
    outer loop
      vertex -18.0765 -13.2245 0.244441
      vertex -18.1216 -13.4181 0.799999
      vertex -18.0803 -13.241 0.238937
    endloop
  endfacet
  facet normal 0.97387 -0.227108 0
    outer loop
      vertex -18.0803 -13.241 0.238937
      vertex -18.1216 -13.4181 0.799999
      vertex -18.1216 -13.4181 0.165284
    endloop
  endfacet
  facet normal 0.986661 -0.162788 0
    outer loop
      vertex -18.1642 -13.6763 0.799999
      vertex -18.1216 -13.4181 0.165284
      vertex -18.1216 -13.4181 0.799999
    endloop
  endfacet
  facet normal 0.990148 -0.139694 0.00962832
    outer loop
      vertex -18.1216 -13.4181 0.165284
      vertex -18.1642 -13.6763 0.799999
      vertex -18.1219 -13.4203 0.164216
    endloop
  endfacet
  facet normal 0.986431 -0.164173 -0.000475492
    outer loop
      vertex -18.1219 -13.4203 0.164216
      vertex -18.1642 -13.6763 0.799999
      vertex -18.1239 -13.4323 0.158362
    endloop
  endfacet
  facet normal 0.985837 -0.167696 -0.00185259
    outer loop
      vertex -18.1239 -13.4323 0.158362
      vertex -18.1642 -13.6763 0.799999
      vertex -18.1258 -13.4434 0.152068
    endloop
  endfacet
  facet normal 0.986642 -0.162904 -8.20923e-05
    outer loop
      vertex -18.1258 -13.4434 0.152068
      vertex -18.1642 -13.6763 0.799999
      vertex -18.1586 -13.642 0.0399101
    endloop
  endfacet
  facet normal 0.986933 -0.161132 0
    outer loop
      vertex -18.1586 -13.642 0.0399101
      vertex -18.1642 -13.6763 0.799999
      vertex -18.1642 -13.6763 0.0179669
    endloop
  endfacet
  facet normal 0.957041 -0.289954 0
    outer loop
      vertex -17.9862 -12.9127 0.799999
      vertex -18.0311 -13.0609 0.291266
      vertex -17.9862 -12.9127 0.316731
    endloop
  endfacet
  facet normal 0.957034 -0.289976 6.98414e-06
    outer loop
      vertex -18.0621 -13.1632 0.799999
      vertex -18.0311 -13.0609 0.291266
      vertex -17.9862 -12.9127 0.799999
    endloop
  endfacet
  facet normal 0.957024 -0.290007 0
    outer loop
      vertex -18.0311 -13.0609 0.291266
      vertex -18.0621 -13.1632 0.799999
      vertex -18.0621 -13.1632 0.264989
    endloop
  endfacet
  facet normal 0.93592 0.352212 0
    outer loop
      vertex -17.894 -15.7292 0.799999
      vertex -17.9862 -15.4842 0
      vertex -17.9862 -15.4842 0.799999
    endloop
  endfacet
  facet normal 0.93592 0.352212 0
    outer loop
      vertex -17.9862 -15.4842 0
      vertex -17.894 -15.7292 0.799999
      vertex -17.894 -15.7292 0
    endloop
  endfacet
  facet normal 0.352212 -0.93592 0
    outer loop
      vertex -15.7292 -10.5029 0
      vertex -15.4842 -10.4107 0.799999
      vertex -15.7292 -10.5029 0.799999
    endloop
  endfacet
  facet normal 0.352212 -0.93592 0
    outer loop
      vertex -15.4842 -10.4107 0.799999
      vertex -15.7292 -10.5029 0
      vertex -15.4842 -10.4107 0
    endloop
  endfacet
  facet normal 0.634568 -0.772867 0
    outer loop
      vertex -16.8358 -11.1911 0
      vertex -16.6335 -11.025 0.799999
      vertex -16.8358 -11.1911 0.799999
    endloop
  endfacet
  facet normal 0.634568 -0.772867 0
    outer loop
      vertex -16.6335 -11.025 0.799999
      vertex -16.8358 -11.1911 0
      vertex -16.6335 -11.025 0
    endloop
  endfacet
  facet normal 0.68342 -0.730025 0
    outer loop
      vertex -17.0269 -11.37 0
      vertex -16.8358 -11.1911 0.799999
      vertex -17.0269 -11.37 0.799999
    endloop
  endfacet
  facet normal 0.68342 -0.730025 0
    outer loop
      vertex -16.8358 -11.1911 0.799999
      vertex -17.0269 -11.37 0
      vertex -16.8358 -11.1911 0
    endloop
  endfacet
  facet normal -0.290325 -0.956928 0
    outer loop
      vertex -13.1632 -10.3347 0
      vertex -12.9127 -10.4107 0.799999
      vertex -13.1632 -10.3347 0.799999
    endloop
  endfacet
  facet normal -0.290325 -0.956928 -0
    outer loop
      vertex -12.9127 -10.4107 0.799999
      vertex -13.1632 -10.3347 0
      vertex -12.9127 -10.4107 0
    endloop
  endfacet
  facet normal -0.162788 -0.986661 0
    outer loop
      vertex -13.6763 -10.2327 0
      vertex -13.4181 -10.2753 0.799999
      vertex -13.6763 -10.2327 0.799999
    endloop
  endfacet
  facet normal -0.162788 -0.986661 -0
    outer loop
      vertex -13.4181 -10.2753 0.799999
      vertex -13.6763 -10.2327 0
      vertex -13.4181 -10.2753 0
    endloop
  endfacet
  facet normal -0.0981798 -0.995169 0
    outer loop
      vertex -13.9368 -10.207 0
      vertex -13.6763 -10.2327 0.799999
      vertex -13.9368 -10.207 0.799999
    endloop
  endfacet
  facet normal -0.0981798 -0.995169 -0
    outer loop
      vertex -13.6763 -10.2327 0.799999
      vertex -13.9368 -10.207 0
      vertex -13.6763 -10.2327 0
    endloop
  endfacet
  facet normal -0.58225 -0.81301 0
    outer loop
      vertex -11.9762 -10.8726 0
      vertex -11.7634 -11.025 0.799999
      vertex -11.9762 -10.8726 0.799999
    endloop
  endfacet
  facet normal -0.58225 -0.81301 -0
    outer loop
      vertex -11.7634 -11.025 0.799999
      vertex -11.9762 -10.8726 0
      vertex -11.7634 -11.025 0
    endloop
  endfacet
  facet normal -0.634568 -0.772867 0
    outer loop
      vertex -11.7634 -11.025 0
      vertex -11.5611 -11.1911 0.799999
      vertex -11.7634 -11.025 0.799999
    endloop
  endfacet
  facet normal -0.634568 -0.772867 -0
    outer loop
      vertex -11.5611 -11.1911 0.799999
      vertex -11.7634 -11.025 0
      vertex -11.5611 -11.1911 0
    endloop
  endfacet
  facet normal -0.528418 -0.848984 0
    outer loop
      vertex -12.1984 -10.7343 0
      vertex -11.9762 -10.8726 0.799999
      vertex -12.1984 -10.7343 0.799999
    endloop
  endfacet
  facet normal -0.528418 -0.848984 -0
    outer loop
      vertex -11.9762 -10.8726 0.799999
      vertex -12.1984 -10.7343 0
      vertex -11.9762 -10.8726 0
    endloop
  endfacet
  facet normal 0.848669 -0.528924 0
    outer loop
      vertex -17.5243 -11.9762 0.799999
      vertex -17.5597 -12.033 0.0481517
      vertex -17.5243 -11.9762 0.00598534
    endloop
  endfacet
  facet normal 0.849156 -0.528143 0
    outer loop
      vertex -17.6625 -12.1984 0.156714
      vertex -17.5243 -11.9762 0.799999
      vertex -17.6625 -12.1984 0.799999
    endloop
  endfacet
  facet normal 0.849292 -0.527924 -0.000104891
    outer loop
      vertex -17.5243 -11.9762 0.799999
      vertex -17.6625 -12.1984 0.156714
      vertex -17.5597 -12.033 0.0481517
    endloop
  endfacet
  facet normal 0.995169 -0.0981798 0
    outer loop
      vertex -18.1899 -13.9368 0.799999
      vertex -18.1642 -13.6763 0.0179669
      vertex -18.1642 -13.6763 0.799999
    endloop
  endfacet
  facet normal 0.995169 -0.0981798 0
    outer loop
      vertex -18.1899 -13.9368 0
      vertex -18.1642 -13.6763 0.0179669
      vertex -18.1899 -13.9368 0.799999
    endloop
  endfacet
  facet normal 0.995157 -0.0982871 0.00157276
    outer loop
      vertex -18.1642 -13.6763 0.0179669
      vertex -18.1899 -13.9368 0
      vertex -18.1667 -13.7019 0
    endloop
  endfacet
  facet normal 0.290325 -0.956928 0
    outer loop
      vertex -15.4842 -10.4107 0
      vertex -15.2337 -10.3347 0.799999
      vertex -15.4842 -10.4107 0.799999
    endloop
  endfacet
  facet normal 0.290325 -0.956928 0
    outer loop
      vertex -15.2337 -10.3347 0.799999
      vertex -15.4842 -10.4107 0
      vertex -15.2337 -10.3347 0
    endloop
  endfacet
  facet normal 0.162788 -0.986661 0
    outer loop
      vertex -14.9788 -10.2753 0
      vertex -14.7206 -10.2327 0.799999
      vertex -14.9788 -10.2753 0.799999
    endloop
  endfacet
  facet normal 0.162788 -0.986661 0
    outer loop
      vertex -14.7206 -10.2327 0.799999
      vertex -14.9788 -10.2753 0
      vertex -14.7206 -10.2327 0
    endloop
  endfacet
  facet normal 0.0981798 -0.995169 0
    outer loop
      vertex -14.7206 -10.2327 0
      vertex -14.4601 -10.207 0.799999
      vertex -14.7206 -10.2327 0.799999
    endloop
  endfacet
  facet normal 0.0981798 -0.995169 0
    outer loop
      vertex -14.4601 -10.207 0.799999
      vertex -14.7206 -10.2327 0
      vertex -14.4601 -10.207 0
    endloop
  endfacet
  facet normal 0.528247 -0.849091 0
    outer loop
      vertex -16.4207 -10.8726 0
      vertex -16.1984 -10.7343 0.799999
      vertex -16.4207 -10.8726 0.799999
    endloop
  endfacet
  facet normal 0.528247 -0.849091 0
    outer loop
      vertex -16.1984 -10.7343 0.799999
      vertex -16.4207 -10.8726 0
      vertex -16.1984 -10.7343 0
    endloop
  endfacet
  facet normal 0.471203 -0.882025 0
    outer loop
      vertex -16.1984 -10.7343 0
      vertex -15.9676 -10.611 0.799999
      vertex -16.1984 -10.7343 0.799999
    endloop
  endfacet
  facet normal 0.471203 -0.882025 0
    outer loop
      vertex -15.9676 -10.611 0.799999
      vertex -16.1984 -10.7343 0
      vertex -15.9676 -10.611 0
    endloop
  endfacet
  facet normal 0.412968 -0.910746 0
    outer loop
      vertex -15.9676 -10.611 0
      vertex -15.7292 -10.5029 0.799999
      vertex -15.9676 -10.611 0.799999
    endloop
  endfacet
  facet normal 0.412968 -0.910746 0
    outer loop
      vertex -15.7292 -10.5029 0.799999
      vertex -15.9676 -10.611 0
      vertex -15.7292 -10.5029 0
    endloop
  endfacet
  facet normal -0.957034 0.289976 0
    outer loop
      vertex 17.9862 -15.4842 0
      vertex 18.0621 -15.2337 0.799999
      vertex 18.0621 -15.2337 0
    endloop
  endfacet
  facet normal -0.957034 0.289976 0
    outer loop
      vertex 18.0621 -15.2337 0.799999
      vertex 17.9862 -15.4842 0
      vertex 17.9862 -15.4842 0.799999
    endloop
  endfacet
  facet normal -0.910617 -0.413252 0
    outer loop
      vertex 17.8424 -12.5538 0.293736
      vertex 17.7859 -12.4293 0.799999
      vertex 17.7859 -12.4293 0.260124
    endloop
  endfacet
  facet normal -0.910886 -0.412658 -0
    outer loop
      vertex 17.894 -12.6677 0.799999
      vertex 17.8424 -12.5538 0.293736
      vertex 17.894 -12.6677 0.314293
    endloop
  endfacet
  facet normal -0.910745 -0.412968 -8.41375e-05
    outer loop
      vertex 17.8424 -12.5538 0.293736
      vertex 17.894 -12.6677 0.799999
      vertex 17.7859 -12.4293 0.799999
    endloop
  endfacet
  facet normal -0.352212 -0.93592 0
    outer loop
      vertex 15.4842 -10.4107 0
      vertex 15.7292 -10.5029 0.799999
      vertex 15.4842 -10.4107 0.799999
    endloop
  endfacet
  facet normal -0.352212 -0.93592 -0
    outer loop
      vertex 15.7292 -10.5029 0.799999
      vertex 15.4842 -10.4107 0
      vertex 15.7292 -10.5029 0
    endloop
  endfacet
  facet normal 0.352212 -0.93592 0
    outer loop
      vertex 12.6677 -10.5029 0
      vertex 12.9127 -10.4107 0.799999
      vertex 12.6677 -10.5029 0.799999
    endloop
  endfacet
  facet normal 0.352212 -0.93592 0
    outer loop
      vertex 12.9127 -10.4107 0.799999
      vertex 12.6677 -10.5029 0
      vertex 12.9127 -10.4107 0
    endloop
  endfacet
  facet normal -0.634568 0.772867 0
    outer loop
      vertex 16.8358 -17.2058 0
      vertex 16.6335 -17.3719 0.799999
      vertex 16.8358 -17.2058 0.799999
    endloop
  endfacet
  facet normal -0.634568 0.772867 0
    outer loop
      vertex 16.6335 -17.3719 0.799999
      vertex 16.8358 -17.2058 0
      vertex 16.6335 -17.3719 0
    endloop
  endfacet
  facet normal -0.9735 -0.228685 0
    outer loop
      vertex 18.0765 -13.2245 0.244441
      vertex 18.0621 -13.1632 0.799999
      vertex 18.0621 -13.1632 0.264989
    endloop
  endfacet
  facet normal -0.974431 -0.224684 0.000806607
    outer loop
      vertex 18.1216 -13.4181 0.799999
      vertex 18.0765 -13.2245 0.244441
      vertex 18.0803 -13.241 0.238937
    endloop
  endfacet
  facet normal -0.97387 -0.227108 -0
    outer loop
      vertex 18.1216 -13.4181 0.799999
      vertex 18.0803 -13.241 0.238937
      vertex 18.1216 -13.4181 0.165284
    endloop
  endfacet
  facet normal -0.973821 -0.227314 -0.000159608
    outer loop
      vertex 18.0765 -13.2245 0.244441
      vertex 18.1216 -13.4181 0.799999
      vertex 18.0621 -13.1632 0.799999
    endloop
  endfacet
  facet normal 0.0981798 -0.995169 0
    outer loop
      vertex 13.6763 -10.2327 0
      vertex 13.9368 -10.207 0.799999
      vertex 13.6763 -10.2327 0.799999
    endloop
  endfacet
  facet normal 0.0981798 -0.995169 0
    outer loop
      vertex 13.9368 -10.207 0.799999
      vertex 13.6763 -10.2327 0
      vertex 13.9368 -10.207 0
    endloop
  endfacet
  facet normal -0.528247 -0.849091 0
    outer loop
      vertex 16.1984 -10.7343 0
      vertex 16.4207 -10.8726 0.799999
      vertex 16.1984 -10.7343 0.799999
    endloop
  endfacet
  facet normal -0.528247 -0.849091 -0
    outer loop
      vertex 16.4207 -10.8726 0.799999
      vertex 16.1984 -10.7343 0
      vertex 16.4207 -10.8726 0
    endloop
  endfacet
  facet normal -0.772867 0.634568 0
    outer loop
      vertex 17.2058 -16.8358 0
      vertex 17.3719 -16.6335 0.799999
      vertex 17.3719 -16.6335 0
    endloop
  endfacet
  facet normal -0.772867 0.634568 0
    outer loop
      vertex 17.3719 -16.6335 0.799999
      vertex 17.2058 -16.8358 0
      vertex 17.2058 -16.8358 0.799999
    endloop
  endfacet
  facet normal -0.881866 0.4715 0
    outer loop
      vertex 17.6625 -16.1984 0
      vertex 17.7859 -15.9676 0.799999
      vertex 17.7859 -15.9676 0
    endloop
  endfacet
  facet normal -0.881866 0.4715 0
    outer loop
      vertex 17.7859 -15.9676 0.799999
      vertex 17.6625 -16.1984 0
      vertex 17.6625 -16.1984 0.799999
    endloop
  endfacet
  facet normal -0.999473 -0.0324752 0
    outer loop
      vertex 18.1984 -14.1984 0
      vertex 18.1899 -13.9368 0.799999
      vertex 18.1899 -13.9368 0
    endloop
  endfacet
  facet normal -0.999473 -0.0324752 0
    outer loop
      vertex 18.1899 -13.9368 0.799999
      vertex 18.1984 -14.1984 0
      vertex 18.1984 -14.1984 0.799999
    endloop
  endfacet
  facet normal -0.68342 -0.730025 0
    outer loop
      vertex 16.8358 -11.1911 0
      vertex 17.0269 -11.37 0.799999
      vertex 16.8358 -11.1911 0.799999
    endloop
  endfacet
  facet normal -0.68342 -0.730025 -0
    outer loop
      vertex 17.0269 -11.37 0.799999
      vertex 16.8358 -11.1911 0
      vertex 17.0269 -11.37 0
    endloop
  endfacet
  facet normal -0.812984 -0.582283 -0.00184802
    outer loop
      vertex 17.5243 -11.9762 0.00598534
      vertex 17.3719 -11.7634 0
      vertex 17.5193 -11.9692 0
    endloop
  endfacet
  facet normal -0.81301 -0.58225 0
    outer loop
      vertex 17.3719 -11.7634 0
      vertex 17.5243 -11.9762 0.00598534
      vertex 17.3719 -11.7634 0.799999
    endloop
  endfacet
  facet normal -0.81301 -0.58225 0
    outer loop
      vertex 17.3719 -11.7634 0.799999
      vertex 17.5243 -11.9762 0.00598534
      vertex 17.5243 -11.9762 0.799999
    endloop
  endfacet
  facet normal -0.995157 -0.0982871 0.00157276
    outer loop
      vertex 18.1899 -13.9368 0
      vertex 18.1642 -13.6763 0.0179669
      vertex 18.1667 -13.7019 0
    endloop
  endfacet
  facet normal -0.995169 -0.0981798 0
    outer loop
      vertex 18.1642 -13.6763 0.0179669
      vertex 18.1899 -13.9368 0
      vertex 18.1899 -13.9368 0.799999
    endloop
  endfacet
  facet normal -0.995169 -0.0981798 0
    outer loop
      vertex 18.1642 -13.6763 0.0179669
      vertex 18.1899 -13.9368 0.799999
      vertex 18.1642 -13.6763 0.799999
    endloop
  endfacet
  facet normal 0.68342 -0.730025 0
    outer loop
      vertex 11.37 -11.37 0
      vertex 11.5611 -11.1911 0.799999
      vertex 11.37 -11.37 0.799999
    endloop
  endfacet
  facet normal 0.68342 -0.730025 0
    outer loop
      vertex 11.5611 -11.1911 0.799999
      vertex 11.37 -11.37 0
      vertex 11.5611 -11.1911 0
    endloop
  endfacet
  facet normal 0.412968 -0.910746 0
    outer loop
      vertex 12.4293 -10.611 0
      vertex 12.6677 -10.5029 0.799999
      vertex 12.4293 -10.611 0.799999
    endloop
  endfacet
  facet normal 0.412968 -0.910746 0
    outer loop
      vertex 12.6677 -10.5029 0.799999
      vertex 12.4293 -10.611 0
      vertex 12.6677 -10.5029 0
    endloop
  endfacet
  facet normal 0.528418 -0.848984 0
    outer loop
      vertex 11.9762 -10.8726 0
      vertex 12.1984 -10.7343 0.799999
      vertex 11.9762 -10.8726 0.799999
    endloop
  endfacet
  facet normal 0.528418 -0.848984 0
    outer loop
      vertex 12.1984 -10.7343 0.799999
      vertex 11.9762 -10.8726 0
      vertex 12.1984 -10.7343 0
    endloop
  endfacet
  facet normal 0.290325 -0.956928 0
    outer loop
      vertex 12.9127 -10.4107 0
      vertex 13.1632 -10.3347 0.799999
      vertex 12.9127 -10.4107 0.799999
    endloop
  endfacet
  facet normal 0.290325 -0.956928 0
    outer loop
      vertex 13.1632 -10.3347 0.799999
      vertex 12.9127 -10.4107 0
      vertex 13.1632 -10.3347 0
    endloop
  endfacet
  facet normal 0.226952 -0.973906 0
    outer loop
      vertex 13.1632 -10.3347 0
      vertex 13.4181 -10.2753 0.799999
      vertex 13.1632 -10.3347 0.799999
    endloop
  endfacet
  facet normal 0.226952 -0.973906 0
    outer loop
      vertex 13.4181 -10.2753 0.799999
      vertex 13.1632 -10.3347 0
      vertex 13.4181 -10.2753 0
    endloop
  endfacet
  facet normal -0.58225 -0.81301 0
    outer loop
      vertex 16.4207 -10.8726 0
      vertex 16.6335 -11.025 0.799999
      vertex 16.4207 -10.8726 0.799999
    endloop
  endfacet
  facet normal -0.58225 -0.81301 -0
    outer loop
      vertex 16.6335 -11.025 0.799999
      vertex 16.4207 -10.8726 0
      vertex 16.6335 -11.025 0
    endloop
  endfacet
  facet normal -0.162788 -0.986661 0
    outer loop
      vertex 14.7206 -10.2327 0
      vertex 14.9788 -10.2753 0.799999
      vertex 14.7206 -10.2327 0.799999
    endloop
  endfacet
  facet normal -0.162788 -0.986661 -0
    outer loop
      vertex 14.9788 -10.2753 0.799999
      vertex 14.7206 -10.2327 0
      vertex 14.9788 -10.2753 0
    endloop
  endfacet
  facet normal -0.0981798 -0.995169 0
    outer loop
      vertex 14.4601 -10.207 0
      vertex 14.7206 -10.2327 0.799999
      vertex 14.4601 -10.207 0.799999
    endloop
  endfacet
  facet normal -0.0981798 -0.995169 -0
    outer loop
      vertex 14.7206 -10.2327 0.799999
      vertex 14.4601 -10.207 0
      vertex 14.7206 -10.2327 0
    endloop
  endfacet
  facet normal -0.226952 -0.973906 0
    outer loop
      vertex 14.9788 -10.2753 0
      vertex 15.2337 -10.3347 0.799999
      vertex 14.9788 -10.2753 0.799999
    endloop
  endfacet
  facet normal -0.226952 -0.973906 -0
    outer loop
      vertex 15.2337 -10.3347 0.799999
      vertex 14.9788 -10.2753 0
      vertex 15.2337 -10.3347 0
    endloop
  endfacet
  facet normal -0.730025 0.68342 0
    outer loop
      vertex 17.0269 -17.0269 0
      vertex 17.2058 -16.8358 0.799999
      vertex 17.2058 -16.8358 0
    endloop
  endfacet
  facet normal -0.730025 0.68342 0
    outer loop
      vertex 17.2058 -16.8358 0.799999
      vertex 17.0269 -17.0269 0
      vertex 17.0269 -17.0269 0.799999
    endloop
  endfacet
  facet normal -0.0981798 0.995169 0
    outer loop
      vertex 14.7206 -18.1642 0
      vertex 14.4601 -18.1899 0.799999
      vertex 14.7206 -18.1642 0.799999
    endloop
  endfacet
  facet normal -0.0981798 0.995169 0
    outer loop
      vertex 14.4601 -18.1899 0.799999
      vertex 14.7206 -18.1642 0
      vertex 14.4601 -18.1899 0
    endloop
  endfacet
  facet normal 0.68342 0.730025 -0
    outer loop
      vertex 11.5611 -17.2058 0
      vertex 11.37 -17.0269 0.799999
      vertex 11.5611 -17.2058 0.799999
    endloop
  endfacet
  facet normal 0.68342 0.730025 0
    outer loop
      vertex 11.37 -17.0269 0.799999
      vertex 11.5611 -17.2058 0
      vertex 11.37 -17.0269 0
    endloop
  endfacet
  facet normal 0.93592 -0.352212 0
    outer loop
      vertex 10.4107 -12.9127 0.799999
      vertex 10.5029 -12.6677 0
      vertex 10.5029 -12.6677 0.799999
    endloop
  endfacet
  facet normal 0.93592 -0.352212 0
    outer loop
      vertex 10.5029 -12.6677 0
      vertex 10.4107 -12.9127 0.799999
      vertex 10.4107 -12.9127 0
    endloop
  endfacet
  facet normal 0.634568 0.772867 -0
    outer loop
      vertex 11.7634 -17.3719 0
      vertex 11.5611 -17.2058 0.799999
      vertex 11.7634 -17.3719 0.799999
    endloop
  endfacet
  facet normal 0.634568 0.772867 0
    outer loop
      vertex 11.5611 -17.2058 0.799999
      vertex 11.7634 -17.3719 0
      vertex 11.5611 -17.2058 0
    endloop
  endfacet
  facet normal 0.58225 0.81301 -0
    outer loop
      vertex 11.9762 -17.5243 0
      vertex 11.7634 -17.3719 0.799999
      vertex 11.9762 -17.5243 0.799999
    endloop
  endfacet
  facet normal 0.58225 0.81301 0
    outer loop
      vertex 11.7634 -17.3719 0.799999
      vertex 11.9762 -17.5243 0
      vertex 11.7634 -17.3719 0
    endloop
  endfacet
  facet normal -0.910746 0.412968 0
    outer loop
      vertex 17.7859 -15.9676 0
      vertex 17.894 -15.7292 0.799999
      vertex 17.894 -15.7292 0
    endloop
  endfacet
  facet normal -0.910746 0.412968 0
    outer loop
      vertex 17.894 -15.7292 0.799999
      vertex 17.7859 -15.9676 0
      vertex 17.7859 -15.9676 0.799999
    endloop
  endfacet
  facet normal -0.93592 0.352212 0
    outer loop
      vertex 17.894 -15.7292 0
      vertex 17.9862 -15.4842 0.799999
      vertex 17.9862 -15.4842 0
    endloop
  endfacet
  facet normal -0.93592 0.352212 0
    outer loop
      vertex 17.9862 -15.4842 0.799999
      vertex 17.894 -15.7292 0
      vertex 17.894 -15.7292 0.799999
    endloop
  endfacet
  facet normal -0.81301 0.58225 0
    outer loop
      vertex 17.3719 -16.6335 0
      vertex 17.5243 -16.4207 0.799999
      vertex 17.5243 -16.4207 0
    endloop
  endfacet
  facet normal -0.81301 0.58225 0
    outer loop
      vertex 17.5243 -16.4207 0.799999
      vertex 17.3719 -16.6335 0
      vertex 17.3719 -16.6335 0.799999
    endloop
  endfacet
  facet normal -0.849262 0.527971 0
    outer loop
      vertex 17.5243 -16.4207 0
      vertex 17.6625 -16.1984 0.799999
      vertex 17.6625 -16.1984 0
    endloop
  endfacet
  facet normal -0.849262 0.527971 0
    outer loop
      vertex 17.6625 -16.1984 0.799999
      vertex 17.5243 -16.4207 0
      vertex 17.5243 -16.4207 0.799999
    endloop
  endfacet
  facet normal -0.973821 0.227314 0
    outer loop
      vertex 18.0621 -15.2337 0
      vertex 18.1216 -14.9788 0.799999
      vertex 18.1216 -14.9788 0
    endloop
  endfacet
  facet normal -0.973821 0.227314 0
    outer loop
      vertex 18.1216 -14.9788 0.799999
      vertex 18.0621 -15.2337 0
      vertex 18.0621 -15.2337 0.799999
    endloop
  endfacet
  facet normal -0.995169 0.0981798 0
    outer loop
      vertex 18.1642 -14.7206 0
      vertex 18.1899 -14.4601 0.799999
      vertex 18.1899 -14.4601 0
    endloop
  endfacet
  facet normal -0.995169 0.0981798 0
    outer loop
      vertex 18.1899 -14.4601 0.799999
      vertex 18.1642 -14.7206 0
      vertex 18.1642 -14.7206 0.799999
    endloop
  endfacet
  facet normal -0.848669 -0.528924 0
    outer loop
      vertex 17.5597 -12.033 0.0481517
      vertex 17.5243 -11.9762 0.799999
      vertex 17.5243 -11.9762 0.00598534
    endloop
  endfacet
  facet normal -0.849292 -0.527924 -0.000104891
    outer loop
      vertex 17.6625 -12.1984 0.156714
      vertex 17.5243 -11.9762 0.799999
      vertex 17.5597 -12.033 0.0481517
    endloop
  endfacet
  facet normal -0.849156 -0.528143 0
    outer loop
      vertex 17.5243 -11.9762 0.799999
      vertex 17.6625 -12.1984 0.156714
      vertex 17.6625 -12.1984 0.799999
    endloop
  endfacet
  facet normal -0.875034 -0.484061 0
    outer loop
      vertex 17.6651 -12.2031 0.159285
      vertex 17.6625 -12.1984 0.799999
      vertex 17.6625 -12.1984 0.156714
    endloop
  endfacet
  facet normal -0.883753 -0.467953 -0.000153549
    outer loop
      vertex 17.6705 -12.2133 0.164821
      vertex 17.6625 -12.1984 0.799999
      vertex 17.6651 -12.2031 0.159285
    endloop
  endfacet
  facet normal -0.882033 -0.471188 -5.5997e-05
    outer loop
      vertex 17.7549 -12.3713 0.237373
      vertex 17.6625 -12.1984 0.799999
      vertex 17.6705 -12.2133 0.164821
    endloop
  endfacet
  facet normal -0.879622 -0.47567 0.00171723
    outer loop
      vertex 17.7627 -12.3857 0.244019
      vertex 17.6625 -12.1984 0.799999
      vertex 17.7549 -12.3713 0.237373
    endloop
  endfacet
  facet normal -0.882429 -0.470445 -0.000548804
    outer loop
      vertex 17.7708 -12.4009 0.249635
      vertex 17.6625 -12.1984 0.799999
      vertex 17.7627 -12.3857 0.244019
    endloop
  endfacet
  facet normal -0.882817 -0.469715 -0.00089354
    outer loop
      vertex 17.7859 -12.4293 0.260124
      vertex 17.6625 -12.1984 0.799999
      vertex 17.7708 -12.4009 0.249635
    endloop
  endfacet
  facet normal -0.881951 -0.471341 0
    outer loop
      vertex 17.6625 -12.1984 0.799999
      vertex 17.7859 -12.4293 0.260124
      vertex 17.7859 -12.4293 0.799999
    endloop
  endfacet
  facet normal -0.772867 -0.634568 0
    outer loop
      vertex 17.3719 -11.7634 0
      vertex 17.2058 -11.5611 0.799999
      vertex 17.2058 -11.5611 0
    endloop
  endfacet
  facet normal -0.772867 -0.634568 0
    outer loop
      vertex 17.2058 -11.5611 0.799999
      vertex 17.3719 -11.7634 0
      vertex 17.3719 -11.7634 0.799999
    endloop
  endfacet
  facet normal -0.730025 -0.68342 0
    outer loop
      vertex 17.2058 -11.5611 0
      vertex 17.0269 -11.37 0.799999
      vertex 17.0269 -11.37 0
    endloop
  endfacet
  facet normal -0.730025 -0.68342 0
    outer loop
      vertex 17.0269 -11.37 0.799999
      vertex 17.2058 -11.5611 0
      vertex 17.2058 -11.5611 0.799999
    endloop
  endfacet
  facet normal -0.957041 -0.289954 0
    outer loop
      vertex 18.0311 -13.0609 0.291266
      vertex 17.9862 -12.9127 0.799999
      vertex 17.9862 -12.9127 0.316731
    endloop
  endfacet
  facet normal -0.957024 -0.290007 -0
    outer loop
      vertex 18.0621 -13.1632 0.799999
      vertex 18.0311 -13.0609 0.291266
      vertex 18.0621 -13.1632 0.264989
    endloop
  endfacet
  facet normal -0.957034 -0.289976 6.98414e-06
    outer loop
      vertex 18.0311 -13.0609 0.291266
      vertex 18.0621 -13.1632 0.799999
      vertex 17.9862 -12.9127 0.799999
    endloop
  endfacet
  facet normal -0.936096 -0.351745 0
    outer loop
      vertex 17.9064 -12.7007 0.3172
      vertex 17.894 -12.6677 0.799999
      vertex 17.894 -12.6677 0.314293
    endloop
  endfacet
  facet normal -0.936524 -0.350604 -8.8994e-05
    outer loop
      vertex 17.9137 -12.7202 0.318913
      vertex 17.894 -12.6677 0.799999
      vertex 17.9064 -12.7007 0.3172
    endloop
  endfacet
  facet normal -0.934943 -0.354799 0.000433528
    outer loop
      vertex 17.9211 -12.7397 0.318913
      vertex 17.894 -12.6677 0.799999
      vertex 17.9137 -12.7202 0.318913
    endloop
  endfacet
  facet normal -0.936069 -0.351816 0.000153873
    outer loop
      vertex 17.9862 -12.9127 0.799999
      vertex 17.9211 -12.7397 0.318913
      vertex 17.9768 -12.8879 0.318912
    endloop
  endfacet
  facet normal -0.934943 -0.354797 -2.18267e-05
    outer loop
      vertex 17.9862 -12.9127 0.799999
      vertex 17.9768 -12.8879 0.318912
      vertex 17.9842 -12.9074 0.3172
    endloop
  endfacet
  facet normal -0.935602 -0.353057 -0
    outer loop
      vertex 17.9862 -12.9127 0.799999
      vertex 17.9842 -12.9074 0.3172
      vertex 17.9862 -12.9127 0.316731
    endloop
  endfacet
  facet normal -0.93592 -0.352212 -8.7346e-06
    outer loop
      vertex 17.9211 -12.7397 0.318913
      vertex 17.9862 -12.9127 0.799999
      vertex 17.894 -12.6677 0.799999
    endloop
  endfacet
  facet normal -0.990148 -0.139694 0.00962832
    outer loop
      vertex 18.1642 -13.6763 0.799999
      vertex 18.1216 -13.4181 0.165284
      vertex 18.1219 -13.4203 0.164216
    endloop
  endfacet
  facet normal -0.986431 -0.164173 -0.000475492
    outer loop
      vertex 18.1642 -13.6763 0.799999
      vertex 18.1219 -13.4203 0.164216
      vertex 18.1239 -13.4323 0.158362
    endloop
  endfacet
  facet normal -0.985837 -0.167696 -0.00185259
    outer loop
      vertex 18.1642 -13.6763 0.799999
      vertex 18.1239 -13.4323 0.158362
      vertex 18.1258 -13.4434 0.152068
    endloop
  endfacet
  facet normal -0.986642 -0.162904 -8.20923e-05
    outer loop
      vertex 18.1642 -13.6763 0.799999
      vertex 18.1258 -13.4434 0.152068
      vertex 18.1586 -13.642 0.0399101
    endloop
  endfacet
  facet normal -0.986933 -0.161132 -0
    outer loop
      vertex 18.1642 -13.6763 0.799999
      vertex 18.1586 -13.642 0.0399101
      vertex 18.1642 -13.6763 0.0179669
    endloop
  endfacet
  facet normal -0.986661 -0.162788 0
    outer loop
      vertex 18.1216 -13.4181 0.165284
      vertex 18.1642 -13.6763 0.799999
      vertex 18.1216 -13.4181 0.799999
    endloop
  endfacet
  facet normal 0.58225 -0.81301 0
    outer loop
      vertex 11.7634 -11.025 0
      vertex 11.9762 -10.8726 0.799999
      vertex 11.7634 -11.025 0.799999
    endloop
  endfacet
  facet normal 0.58225 -0.81301 0
    outer loop
      vertex 11.9762 -10.8726 0.799999
      vertex 11.7634 -11.025 0
      vertex 11.9762 -10.8726 0
    endloop
  endfacet
  facet normal 0.634568 -0.772867 0
    outer loop
      vertex 11.5611 -11.1911 0
      vertex 11.7634 -11.025 0.799999
      vertex 11.5611 -11.1911 0.799999
    endloop
  endfacet
  facet normal 0.634568 -0.772867 0
    outer loop
      vertex 11.7634 -11.025 0.799999
      vertex 11.5611 -11.1911 0
      vertex 11.7634 -11.025 0
    endloop
  endfacet
  facet normal 0.471044 -0.88211 0
    outer loop
      vertex 12.1984 -10.7343 0
      vertex 12.4293 -10.611 0.799999
      vertex 12.1984 -10.7343 0.799999
    endloop
  endfacet
  facet normal 0.471044 -0.88211 0
    outer loop
      vertex 12.4293 -10.611 0.799999
      vertex 12.1984 -10.7343 0
      vertex 12.4293 -10.611 0
    endloop
  endfacet
  facet normal 0.162788 -0.986661 0
    outer loop
      vertex 13.4181 -10.2753 0
      vertex 13.6763 -10.2327 0.799999
      vertex 13.4181 -10.2753 0.799999
    endloop
  endfacet
  facet normal 0.162788 -0.986661 0
    outer loop
      vertex 13.6763 -10.2327 0.799999
      vertex 13.4181 -10.2753 0
      vertex 13.6763 -10.2327 0
    endloop
  endfacet
  facet normal -0.412968 -0.910746 0
    outer loop
      vertex 15.7292 -10.5029 0
      vertex 15.9676 -10.611 0.799999
      vertex 15.7292 -10.5029 0.799999
    endloop
  endfacet
  facet normal -0.412968 -0.910746 -0
    outer loop
      vertex 15.9676 -10.611 0.799999
      vertex 15.7292 -10.5029 0
      vertex 15.9676 -10.611 0
    endloop
  endfacet
  facet normal -0.634568 -0.772867 0
    outer loop
      vertex 16.6335 -11.025 0
      vertex 16.8358 -11.1911 0.799999
      vertex 16.6335 -11.025 0.799999
    endloop
  endfacet
  facet normal -0.634568 -0.772867 -0
    outer loop
      vertex 16.8358 -11.1911 0.799999
      vertex 16.6335 -11.025 0
      vertex 16.8358 -11.1911 0
    endloop
  endfacet
  facet normal -0.290325 -0.956928 0
    outer loop
      vertex 15.2337 -10.3347 0
      vertex 15.4842 -10.4107 0.799999
      vertex 15.2337 -10.3347 0.799999
    endloop
  endfacet
  facet normal -0.290325 -0.956928 -0
    outer loop
      vertex 15.4842 -10.4107 0.799999
      vertex 15.2337 -10.3347 0
      vertex 15.4842 -10.4107 0
    endloop
  endfacet
  facet normal -0.0328443 -0.99946 0
    outer loop
      vertex 14.1984 -10.1984 0
      vertex 14.4601 -10.207 0.799999
      vertex 14.1984 -10.1984 0.799999
    endloop
  endfacet
  facet normal -0.0328443 -0.99946 -0
    outer loop
      vertex 14.4601 -10.207 0.799999
      vertex 14.1984 -10.1984 0
      vertex 14.4601 -10.207 0
    endloop
  endfacet
  facet normal 0.0328569 -0.99946 0
    outer loop
      vertex 13.9368 -10.207 0
      vertex 14.1984 -10.1984 0.799999
      vertex 13.9368 -10.207 0.799999
    endloop
  endfacet
  facet normal 0.0328569 -0.99946 0
    outer loop
      vertex 14.1984 -10.1984 0.799999
      vertex 13.9368 -10.207 0
      vertex 14.1984 -10.1984 0
    endloop
  endfacet
  facet normal -0.58225 0.81301 0
    outer loop
      vertex 16.6335 -17.3719 0
      vertex 16.4207 -17.5243 0.799999
      vertex 16.6335 -17.3719 0.799999
    endloop
  endfacet
  facet normal -0.58225 0.81301 0
    outer loop
      vertex 16.4207 -17.5243 0.799999
      vertex 16.6335 -17.3719 0
      vertex 16.4207 -17.5243 0
    endloop
  endfacet
  facet normal -0.0324628 0.999473 0
    outer loop
      vertex 14.4601 -18.1899 0
      vertex 14.1984 -18.1984 0.799999
      vertex 14.4601 -18.1899 0.799999
    endloop
  endfacet
  facet normal -0.0324628 0.999473 0
    outer loop
      vertex 14.1984 -18.1984 0.799999
      vertex 14.4601 -18.1899 0
      vertex 14.1984 -18.1984 0
    endloop
  endfacet
  facet normal -0.289976 0.957034 0
    outer loop
      vertex 15.4842 -17.9862 0
      vertex 15.2337 -18.0621 0.799999
      vertex 15.4842 -17.9862 0.799999
    endloop
  endfacet
  facet normal -0.289976 0.957034 0
    outer loop
      vertex 15.2337 -18.0621 0.799999
      vertex 15.4842 -17.9862 0
      vertex 15.2337 -18.0621 0
    endloop
  endfacet
  facet normal 0 0 -1
    outer loop
      vertex 18.1899 -14.4601 0.799999
      vertex 18.1899 -13.9368 0.799999
      vertex 18.1984 -14.1984 0.799999
    endloop
  endfacet
  facet normal 0 0 -1
    outer loop
      vertex 18.1642 -14.7206 0.799999
      vertex 18.1899 -13.9368 0.799999
      vertex 18.1899 -14.4601 0.799999
    endloop
  endfacet
  facet normal 0 0 -1
    outer loop
      vertex 18.1642 -14.7206 0.799999
      vertex 18.1642 -13.6763 0.799999
      vertex 18.1899 -13.9368 0.799999
    endloop
  endfacet
  facet normal 0 0 -1
    outer loop
      vertex 18.1216 -14.9788 0.799999
      vertex 18.1642 -13.6763 0.799999
      vertex 18.1642 -14.7206 0.799999
    endloop
  endfacet
  facet normal 0 0 -1
    outer loop
      vertex 18.1216 -14.9788 0.799999
      vertex 18.1216 -13.4181 0.799999
      vertex 18.1642 -13.6763 0.799999
    endloop
  endfacet
  facet normal 0 0 -1
    outer loop
      vertex 18.0621 -15.2337 0.799999
      vertex 18.1216 -13.4181 0.799999
      vertex 18.1216 -14.9788 0.799999
    endloop
  endfacet
  facet normal 0 0 -1
    outer loop
      vertex 18.0621 -15.2337 0.799999
      vertex 18.0621 -13.1632 0.799999
      vertex 18.1216 -13.4181 0.799999
    endloop
  endfacet
  facet normal 0 0 -1
    outer loop
      vertex 17.9862 -15.4842 0.799999
      vertex 18.0621 -13.1632 0.799999
      vertex 18.0621 -15.2337 0.799999
    endloop
  endfacet
  facet normal 0 0 -1
    outer loop
      vertex 17.9862 -15.4842 0.799999
      vertex 17.9862 -12.9127 0.799999
      vertex 18.0621 -13.1632 0.799999
    endloop
  endfacet
  facet normal 0 0 -1
    outer loop
      vertex 17.894 -15.7292 0.799999
      vertex 17.9862 -12.9127 0.799999
      vertex 17.9862 -15.4842 0.799999
    endloop
  endfacet
  facet normal 0 0 -1
    outer loop
      vertex 17.894 -15.7292 0.799999
      vertex 17.894 -12.6677 0.799999
      vertex 17.9862 -12.9127 0.799999
    endloop
  endfacet
  facet normal 0 0 -1
    outer loop
      vertex 17.7859 -15.9676 0.799999
      vertex 17.894 -12.6677 0.799999
      vertex 17.894 -15.7292 0.799999
    endloop
  endfacet
  facet normal 0 0 -1
    outer loop
      vertex 17.7859 -15.9676 0.799999
      vertex 17.7859 -12.4293 0.799999
      vertex 17.894 -12.6677 0.799999
    endloop
  endfacet
  facet normal 0 0 -1
    outer loop
      vertex 17.6625 -16.1984 0.799999
      vertex 17.7859 -12.4293 0.799999
      vertex 17.7859 -15.9676 0.799999
    endloop
  endfacet
  facet normal 0 0 -1
    outer loop
      vertex 17.6625 -16.1984 0.799999
      vertex 17.6625 -12.1984 0.799999
      vertex 17.7859 -12.4293 0.799999
    endloop
  endfacet
  facet normal 0 0 -1
    outer loop
      vertex 17.5243 -16.4207 0.799999
      vertex 17.6625 -12.1984 0.799999
      vertex 17.6625 -16.1984 0.799999
    endloop
  endfacet
  facet normal 0 0 -1
    outer loop
      vertex 17.5243 -16.4207 0.799999
      vertex 17.5243 -11.9762 0.799999
      vertex 17.6625 -12.1984 0.799999
    endloop
  endfacet
  facet normal 0 0 -1
    outer loop
      vertex 17.3719 -16.6335 0.799999
      vertex 17.5243 -11.9762 0.799999
      vertex 17.5243 -16.4207 0.799999
    endloop
  endfacet
  facet normal 0 0 -1
    outer loop
      vertex 17.3719 -16.6335 0.799999
      vertex 17.3719 -11.7634 0.799999
      vertex 17.5243 -11.9762 0.799999
    endloop
  endfacet
  facet normal 0 0 -1
    outer loop
      vertex 17.2058 -16.8358 0.799999
      vertex 17.3719 -11.7634 0.799999
      vertex 17.3719 -16.6335 0.799999
    endloop
  endfacet
  facet normal 0 0 -1
    outer loop
      vertex 17.2058 -16.8358 0.799999
      vertex 17.2058 -11.5611 0.799999
      vertex 17.3719 -11.7634 0.799999
    endloop
  endfacet
  facet normal 0 0 -1
    outer loop
      vertex 17.0269 -17.0269 0.799999
      vertex 17.2058 -11.5611 0.799999
      vertex 17.2058 -16.8358 0.799999
    endloop
  endfacet
  facet normal 0 0 -1
    outer loop
      vertex 17.0269 -17.0269 0.799999
      vertex 17.0269 -11.37 0.799999
      vertex 17.2058 -11.5611 0.799999
    endloop
  endfacet
  facet normal 0 0 -1
    outer loop
      vertex 16.8358 -17.2058 0.799999
      vertex 17.0269 -11.37 0.799999
      vertex 17.0269 -17.0269 0.799999
    endloop
  endfacet
  facet normal 0 0 -1
    outer loop
      vertex 16.8358 -17.2058 0.799999
      vertex 16.8358 -11.1911 0.799999
      vertex 17.0269 -11.37 0.799999
    endloop
  endfacet
  facet normal 0 0 -1
    outer loop
      vertex 16.6335 -17.3719 0.799999
      vertex 16.8358 -11.1911 0.799999
      vertex 16.8358 -17.2058 0.799999
    endloop
  endfacet
  facet normal 0 0 -1
    outer loop
      vertex 16.6335 -17.3719 0.799999
      vertex 16.6335 -11.025 0.799999
      vertex 16.8358 -11.1911 0.799999
    endloop
  endfacet
  facet normal 0 0 -1
    outer loop
      vertex 16.4207 -17.5243 0.799999
      vertex 16.6335 -11.025 0.799999
      vertex 16.6335 -17.3719 0.799999
    endloop
  endfacet
  facet normal 0 0 -1
    outer loop
      vertex 16.4207 -17.5243 0.799999
      vertex 16.4207 -10.8726 0.799999
      vertex 16.6335 -11.025 0.799999
    endloop
  endfacet
  facet normal 0 0 -1
    outer loop
      vertex 16.1984 -17.6625 0.799999
      vertex 16.4207 -10.8726 0.799999
      vertex 16.4207 -17.5243 0.799999
    endloop
  endfacet
  facet normal 0 0 -1
    outer loop
      vertex 16.1984 -17.6625 0.799999
      vertex 16.1984 -10.7343 0.799999
      vertex 16.4207 -10.8726 0.799999
    endloop
  endfacet
  facet normal 0 0 -1
    outer loop
      vertex 15.9676 -17.7859 0.799999
      vertex 16.1984 -10.7343 0.799999
      vertex 16.1984 -17.6625 0.799999
    endloop
  endfacet
  facet normal 0 0 -1
    outer loop
      vertex 15.9676 -17.7859 0.799999
      vertex 15.9676 -10.611 0.799999
      vertex 16.1984 -10.7343 0.799999
    endloop
  endfacet
  facet normal 0 0 -1
    outer loop
      vertex 15.7292 -17.894 0.799999
      vertex 15.9676 -10.611 0.799999
      vertex 15.9676 -17.7859 0.799999
    endloop
  endfacet
  facet normal 0 0 -1
    outer loop
      vertex 15.7292 -17.894 0.799999
      vertex 15.7292 -10.5029 0.799999
      vertex 15.9676 -10.611 0.799999
    endloop
  endfacet
  facet normal 0 0 -1
    outer loop
      vertex 15.4842 -17.9862 0.799999
      vertex 15.7292 -10.5029 0.799999
      vertex 15.7292 -17.894 0.799999
    endloop
  endfacet
  facet normal 0 0 -1
    outer loop
      vertex 15.4842 -17.9862 0.799999
      vertex 15.4842 -10.4107 0.799999
      vertex 15.7292 -10.5029 0.799999
    endloop
  endfacet
  facet normal 0 0 -1
    outer loop
      vertex 15.2337 -18.0621 0.799999
      vertex 15.4842 -10.4107 0.799999
      vertex 15.4842 -17.9862 0.799999
    endloop
  endfacet
  facet normal 0 0 -1
    outer loop
      vertex 15.2337 -18.0621 0.799999
      vertex 15.2337 -10.3347 0.799999
      vertex 15.4842 -10.4107 0.799999
    endloop
  endfacet
  facet normal 0 0 -1
    outer loop
      vertex 14.9788 -18.1216 0.799999
      vertex 15.2337 -10.3347 0.799999
      vertex 15.2337 -18.0621 0.799999
    endloop
  endfacet
  facet normal 0 0 -1
    outer loop
      vertex 14.9788 -18.1216 0.799999
      vertex 14.9788 -10.2753 0.799999
      vertex 15.2337 -10.3347 0.799999
    endloop
  endfacet
  facet normal 0 0 -1
    outer loop
      vertex 14.7206 -18.1642 0.799999
      vertex 14.9788 -10.2753 0.799999
      vertex 14.9788 -18.1216 0.799999
    endloop
  endfacet
  facet normal 0 0 -1
    outer loop
      vertex 14.7206 -18.1642 0.799999
      vertex 14.7206 -10.2327 0.799999
      vertex 14.9788 -10.2753 0.799999
    endloop
  endfacet
  facet normal 0 0 -1
    outer loop
      vertex 14.4601 -18.1899 0.799999
      vertex 14.7206 -10.2327 0.799999
      vertex 14.7206 -18.1642 0.799999
    endloop
  endfacet
  facet normal 0 0 -1
    outer loop
      vertex 14.4601 -18.1899 0.799999
      vertex 14.4601 -10.207 0.799999
      vertex 14.7206 -10.2327 0.799999
    endloop
  endfacet
  facet normal 0 0 -1
    outer loop
      vertex 14.1984 -18.1984 0.799999
      vertex 14.4601 -10.207 0.799999
      vertex 14.4601 -18.1899 0.799999
    endloop
  endfacet
  facet normal 0 0 -1
    outer loop
      vertex 14.1984 -18.1984 0.799999
      vertex 14.1984 -10.1984 0.799999
      vertex 14.4601 -10.207 0.799999
    endloop
  endfacet
  facet normal 0 0 -1
    outer loop
      vertex 13.9368 -18.1899 0.799999
      vertex 14.1984 -10.1984 0.799999
      vertex 14.1984 -18.1984 0.799999
    endloop
  endfacet
  facet normal 0 0 -1
    outer loop
      vertex 13.9368 -18.1899 0.799999
      vertex 13.9368 -10.207 0.799999
      vertex 14.1984 -10.1984 0.799999
    endloop
  endfacet
  facet normal 0 0 -1
    outer loop
      vertex 13.6763 -18.1642 0.799999
      vertex 13.9368 -10.207 0.799999
      vertex 13.9368 -18.1899 0.799999
    endloop
  endfacet
  facet normal 0 0 -1
    outer loop
      vertex 13.6763 -18.1642 0.799999
      vertex 13.6763 -10.2327 0.799999
      vertex 13.9368 -10.207 0.799999
    endloop
  endfacet
  facet normal 0 0 -1
    outer loop
      vertex 13.4181 -18.1216 0.799999
      vertex 13.6763 -10.2327 0.799999
      vertex 13.6763 -18.1642 0.799999
    endloop
  endfacet
  facet normal 0 0 -1
    outer loop
      vertex 13.4181 -18.1216 0.799999
      vertex 13.4181 -10.2753 0.799999
      vertex 13.6763 -10.2327 0.799999
    endloop
  endfacet
  facet normal 0 0 -1
    outer loop
      vertex 13.1632 -18.0621 0.799999
      vertex 13.4181 -10.2753 0.799999
      vertex 13.4181 -18.1216 0.799999
    endloop
  endfacet
  facet normal 0 0 -1
    outer loop
      vertex 13.1632 -18.0621 0.799999
      vertex 13.1632 -10.3347 0.799999
      vertex 13.4181 -10.2753 0.799999
    endloop
  endfacet
  facet normal 0 0 -1
    outer loop
      vertex 12.9127 -17.9862 0.799999
      vertex 13.1632 -10.3347 0.799999
      vertex 13.1632 -18.0621 0.799999
    endloop
  endfacet
  facet normal 0 0 -1
    outer loop
      vertex 12.9127 -17.9862 0.799999
      vertex 12.9127 -10.4107 0.799999
      vertex 13.1632 -10.3347 0.799999
    endloop
  endfacet
  facet normal 0 0 -1
    outer loop
      vertex 12.6677 -17.894 0.799999
      vertex 12.9127 -10.4107 0.799999
      vertex 12.9127 -17.9862 0.799999
    endloop
  endfacet
  facet normal 0 0 -1
    outer loop
      vertex 12.6677 -17.894 0.799999
      vertex 12.6677 -10.5029 0.799999
      vertex 12.9127 -10.4107 0.799999
    endloop
  endfacet
  facet normal 0 0 -1
    outer loop
      vertex 12.4293 -17.7859 0.799999
      vertex 12.6677 -10.5029 0.799999
      vertex 12.6677 -17.894 0.799999
    endloop
  endfacet
  facet normal 0 0 -1
    outer loop
      vertex 12.4293 -17.7859 0.799999
      vertex 12.4293 -10.611 0.799999
      vertex 12.6677 -10.5029 0.799999
    endloop
  endfacet
  facet normal 0 0 -1
    outer loop
      vertex 12.1984 -17.6625 0.799999
      vertex 12.4293 -10.611 0.799999
      vertex 12.4293 -17.7859 0.799999
    endloop
  endfacet
  facet normal 0 0 -1
    outer loop
      vertex 12.1984 -17.6625 0.799999
      vertex 12.1984 -10.7343 0.799999
      vertex 12.4293 -10.611 0.799999
    endloop
  endfacet
  facet normal 0 0 -1
    outer loop
      vertex 11.9762 -17.5243 0.799999
      vertex 12.1984 -10.7343 0.799999
      vertex 12.1984 -17.6625 0.799999
    endloop
  endfacet
  facet normal 0 0 -1
    outer loop
      vertex 11.9762 -17.5243 0.799999
      vertex 11.9762 -10.8726 0.799999
      vertex 12.1984 -10.7343 0.799999
    endloop
  endfacet
  facet normal 0 0 -1
    outer loop
      vertex 11.7634 -17.3719 0.799999
      vertex 11.9762 -10.8726 0.799999
      vertex 11.9762 -17.5243 0.799999
    endloop
  endfacet
  facet normal 0 0 -1
    outer loop
      vertex 11.7634 -17.3719 0.799999
      vertex 11.7634 -11.025 0.799999
      vertex 11.9762 -10.8726 0.799999
    endloop
  endfacet
  facet normal 0 0 -1
    outer loop
      vertex 11.5611 -17.2058 0.799999
      vertex 11.7634 -11.025 0.799999
      vertex 11.7634 -17.3719 0.799999
    endloop
  endfacet
  facet normal 0 0 -1
    outer loop
      vertex 11.5611 -17.2058 0.799999
      vertex 11.5611 -11.1911 0.799999
      vertex 11.7634 -11.025 0.799999
    endloop
  endfacet
  facet normal 0 0 -1
    outer loop
      vertex 11.37 -17.0269 0.799999
      vertex 11.5611 -11.1911 0.799999
      vertex 11.5611 -17.2058 0.799999
    endloop
  endfacet
  facet normal 0 0 -1
    outer loop
      vertex 11.37 -17.0269 0.799999
      vertex 11.37 -11.37 0.799999
      vertex 11.5611 -11.1911 0.799999
    endloop
  endfacet
  facet normal 0 0 -1
    outer loop
      vertex 11.1911 -16.8358 0.799999
      vertex 11.37 -11.37 0.799999
      vertex 11.37 -17.0269 0.799999
    endloop
  endfacet
  facet normal 0 0 -1
    outer loop
      vertex 11.1911 -16.8358 0.799999
      vertex 11.1911 -11.5611 0.799999
      vertex 11.37 -11.37 0.799999
    endloop
  endfacet
  facet normal 0 0 -1
    outer loop
      vertex 11.025 -16.6335 0.799999
      vertex 11.1911 -11.5611 0.799999
      vertex 11.1911 -16.8358 0.799999
    endloop
  endfacet
  facet normal 0 0 -1
    outer loop
      vertex 11.025 -16.6335 0.799999
      vertex 11.025 -11.7634 0.799999
      vertex 11.1911 -11.5611 0.799999
    endloop
  endfacet
  facet normal 0 0 -1
    outer loop
      vertex 10.8726 -16.4207 0.799999
      vertex 11.025 -11.7634 0.799999
      vertex 11.025 -16.6335 0.799999
    endloop
  endfacet
  facet normal 0 0 -1
    outer loop
      vertex 10.8726 -16.4207 0.799999
      vertex 10.8726 -11.9762 0.799999
      vertex 11.025 -11.7634 0.799999
    endloop
  endfacet
  facet normal 0 0 -1
    outer loop
      vertex 10.7343 -16.1984 0.799999
      vertex 10.8726 -11.9762 0.799999
      vertex 10.8726 -16.4207 0.799999
    endloop
  endfacet
  facet normal 0 0 -1
    outer loop
      vertex 10.7343 -16.1984 0.799999
      vertex 10.7343 -12.1984 0.799999
      vertex 10.8726 -11.9762 0.799999
    endloop
  endfacet
  facet normal 0 0 -1
    outer loop
      vertex 10.611 -15.9676 0.799999
      vertex 10.7343 -12.1984 0.799999
      vertex 10.7343 -16.1984 0.799999
    endloop
  endfacet
  facet normal 0 0 -1
    outer loop
      vertex 10.611 -15.9676 0.799999
      vertex 10.611 -12.4293 0.799999
      vertex 10.7343 -12.1984 0.799999
    endloop
  endfacet
  facet normal 0 0 -1
    outer loop
      vertex 10.5029 -15.7292 0.799999
      vertex 10.611 -12.4293 0.799999
      vertex 10.611 -15.9676 0.799999
    endloop
  endfacet
  facet normal 0 0 -1
    outer loop
      vertex 10.5029 -15.7292 0.799999
      vertex 10.5029 -12.6677 0.799999
      vertex 10.611 -12.4293 0.799999
    endloop
  endfacet
  facet normal 0 0 -1
    outer loop
      vertex 10.4107 -15.4842 0.799999
      vertex 10.5029 -12.6677 0.799999
      vertex 10.5029 -15.7292 0.799999
    endloop
  endfacet
  facet normal 0 0 -1
    outer loop
      vertex 10.4107 -15.4842 0.799999
      vertex 10.4107 -12.9127 0.799999
      vertex 10.5029 -12.6677 0.799999
    endloop
  endfacet
  facet normal 0 0 -1
    outer loop
      vertex 10.3347 -15.2337 0.799999
      vertex 10.4107 -12.9127 0.799999
      vertex 10.4107 -15.4842 0.799999
    endloop
  endfacet
  facet normal 0 0 -1
    outer loop
      vertex 10.3347 -15.2337 0.799999
      vertex 10.3347 -13.1632 0.799999
      vertex 10.4107 -12.9127 0.799999
    endloop
  endfacet
  facet normal 0 0 -1
    outer loop
      vertex 10.2753 -14.9788 0.799999
      vertex 10.3347 -13.1632 0.799999
      vertex 10.3347 -15.2337 0.799999
    endloop
  endfacet
  facet normal 0 0 -1
    outer loop
      vertex 10.2753 -14.9788 0.799999
      vertex 10.2753 -13.4181 0.799999
      vertex 10.3347 -13.1632 0.799999
    endloop
  endfacet
  facet normal 0 0 -1
    outer loop
      vertex 10.2327 -14.7206 0.799999
      vertex 10.2753 -13.4181 0.799999
      vertex 10.2753 -14.9788 0.799999
    endloop
  endfacet
  facet normal 0 0 -1
    outer loop
      vertex 10.2327 -14.7206 0.799999
      vertex 10.2327 -13.6763 0.799999
      vertex 10.2753 -13.4181 0.799999
    endloop
  endfacet
  facet normal 0 0 -1
    outer loop
      vertex 10.207 -14.4601 0.799999
      vertex 10.2327 -13.6763 0.799999
      vertex 10.2327 -14.7206 0.799999
    endloop
  endfacet
  facet normal 0 0 -1
    outer loop
      vertex 10.207 -14.4601 0.799999
      vertex 10.207 -13.9368 0.799999
      vertex 10.2327 -13.6763 0.799999
    endloop
  endfacet
  facet normal 0 -0 -1
    outer loop
      vertex 10.207 -13.9368 0.799999
      vertex 10.207 -14.4601 0.799999
      vertex 10.1984 -14.1984 0.799999
    endloop
  endfacet
  facet normal 0.81301 -0.58225 0
    outer loop
      vertex 10.8726 -11.9762 0.799999
      vertex 11.025 -11.7634 0
      vertex 11.025 -11.7634 0.799999
    endloop
  endfacet
  facet normal 0.81301 -0.58225 0
    outer loop
      vertex 11.025 -11.7634 0
      vertex 10.8726 -11.9762 0.799999
      vertex 10.8726 -11.9762 0
    endloop
  endfacet
  facet normal 0.412968 0.910746 -0
    outer loop
      vertex 12.6677 -17.894 0
      vertex 12.4293 -17.7859 0.799999
      vertex 12.6677 -17.894 0.799999
    endloop
  endfacet
  facet normal 0.412968 0.910746 0
    outer loop
      vertex 12.4293 -17.7859 0.799999
      vertex 12.6677 -17.894 0
      vertex 12.4293 -17.7859 0
    endloop
  endfacet
  facet normal 0.352212 0.93592 -0
    outer loop
      vertex 12.9127 -17.9862 0
      vertex 12.6677 -17.894 0.799999
      vertex 12.9127 -17.9862 0.799999
    endloop
  endfacet
  facet normal 0.352212 0.93592 0
    outer loop
      vertex 12.6677 -17.894 0.799999
      vertex 12.9127 -17.9862 0
      vertex 12.6677 -17.894 0
    endloop
  endfacet
  facet normal -0.986661 0.162788 0
    outer loop
      vertex 18.1216 -14.9788 0
      vertex 18.1642 -14.7206 0.799999
      vertex 18.1642 -14.7206 0
    endloop
  endfacet
  facet normal -0.986661 0.162788 0
    outer loop
      vertex 18.1642 -14.7206 0.799999
      vertex 18.1216 -14.9788 0
      vertex 18.1216 -14.9788 0.799999
    endloop
  endfacet
  facet normal -0.999473 0.0324628 0
    outer loop
      vertex 18.1899 -14.4601 0
      vertex 18.1984 -14.1984 0.799999
      vertex 18.1984 -14.1984 0
    endloop
  endfacet
  facet normal -0.999473 0.0324628 0
    outer loop
      vertex 18.1984 -14.1984 0.799999
      vertex 18.1899 -14.4601 0
      vertex 18.1899 -14.4601 0.799999
    endloop
  endfacet
  facet normal -0.471203 -0.882025 0
    outer loop
      vertex 15.9676 -10.611 0
      vertex 16.1984 -10.7343 0.799999
      vertex 15.9676 -10.611 0.799999
    endloop
  endfacet
  facet normal -0.471203 -0.882025 -0
    outer loop
      vertex 16.1984 -10.7343 0.799999
      vertex 15.9676 -10.611 0
      vertex 16.1984 -10.7343 0
    endloop
  endfacet
  facet normal -0.4715 0.881866 0
    outer loop
      vertex 16.1984 -17.6625 0
      vertex 15.9676 -17.7859 0.799999
      vertex 16.1984 -17.6625 0.799999
    endloop
  endfacet
  facet normal -0.4715 0.881866 0
    outer loop
      vertex 15.9676 -17.7859 0.799999
      vertex 16.1984 -17.6625 0
      vertex 15.9676 -17.7859 0
    endloop
  endfacet
  facet normal -0.68342 0.730025 0
    outer loop
      vertex 17.0269 -17.0269 0
      vertex 16.8358 -17.2058 0.799999
      vertex 17.0269 -17.0269 0.799999
    endloop
  endfacet
  facet normal -0.68342 0.730025 0
    outer loop
      vertex 16.8358 -17.2058 0.799999
      vertex 17.0269 -17.0269 0
      vertex 16.8358 -17.2058 0
    endloop
  endfacet
  facet normal 0.0981798 0.995169 -0
    outer loop
      vertex 13.9368 -18.1899 0
      vertex 13.6763 -18.1642 0.799999
      vertex 13.9368 -18.1899 0.799999
    endloop
  endfacet
  facet normal 0.0981798 0.995169 0
    outer loop
      vertex 13.6763 -18.1642 0.799999
      vertex 13.9368 -18.1899 0
      vertex 13.6763 -18.1642 0
    endloop
  endfacet
  facet normal -0.412968 0.910746 0
    outer loop
      vertex 15.9676 -17.7859 0
      vertex 15.7292 -17.894 0.799999
      vertex 15.9676 -17.7859 0.799999
    endloop
  endfacet
  facet normal -0.412968 0.910746 0
    outer loop
      vertex 15.7292 -17.894 0.799999
      vertex 15.9676 -17.7859 0
      vertex 15.7292 -17.894 0
    endloop
  endfacet
  facet normal 0.956928 0.290325 0
    outer loop
      vertex 10.4107 -15.4842 0.799999
      vertex 10.3347 -15.2337 0
      vertex 10.3347 -15.2337 0.799999
    endloop
  endfacet
  facet normal 0.956928 0.290325 0
    outer loop
      vertex 10.3347 -15.2337 0
      vertex 10.4107 -15.4842 0.799999
      vertex 10.4107 -15.4842 0
    endloop
  endfacet
  facet normal 0.973906 -0.226952 0
    outer loop
      vertex 10.2753 -13.4181 0.799999
      vertex 10.3347 -13.1632 0
      vertex 10.3347 -13.1632 0.799999
    endloop
  endfacet
  facet normal 0.973906 -0.226952 0
    outer loop
      vertex 10.3347 -13.1632 0
      vertex 10.2753 -13.4181 0.799999
      vertex 10.2753 -13.4181 0
    endloop
  endfacet
  facet normal 0.99946 -0.0328569 0
    outer loop
      vertex 10.1984 -14.1984 0.799999
      vertex 10.207 -13.9368 0
      vertex 10.207 -13.9368 0.799999
    endloop
  endfacet
  facet normal 0.99946 -0.0328569 0
    outer loop
      vertex 10.207 -13.9368 0
      vertex 10.1984 -14.1984 0.799999
      vertex 10.1984 -14.1984 0
    endloop
  endfacet
  facet normal 0.910746 -0.412968 0
    outer loop
      vertex 10.5029 -12.6677 0.799999
      vertex 10.611 -12.4293 0
      vertex 10.611 -12.4293 0.799999
    endloop
  endfacet
  facet normal 0.910746 -0.412968 0
    outer loop
      vertex 10.611 -12.4293 0
      vertex 10.5029 -12.6677 0.799999
      vertex 10.5029 -12.6677 0
    endloop
  endfacet
  facet normal 0.730025 -0.68342 0
    outer loop
      vertex 11.1911 -11.5611 0.799999
      vertex 11.37 -11.37 0
      vertex 11.37 -11.37 0.799999
    endloop
  endfacet
  facet normal 0.730025 -0.68342 0
    outer loop
      vertex 11.37 -11.37 0
      vertex 11.1911 -11.5611 0.799999
      vertex 11.1911 -11.5611 0
    endloop
  endfacet
  facet normal -0.527971 0.849262 0
    outer loop
      vertex 16.4207 -17.5243 0
      vertex 16.1984 -17.6625 0.799999
      vertex 16.4207 -17.5243 0.799999
    endloop
  endfacet
  facet normal -0.527971 0.849262 0
    outer loop
      vertex 16.1984 -17.6625 0.799999
      vertex 16.4207 -17.5243 0
      vertex 16.1984 -17.6625 0
    endloop
  endfacet
  facet normal 0.162788 0.986661 -0
    outer loop
      vertex 13.6763 -18.1642 0
      vertex 13.4181 -18.1216 0.799999
      vertex 13.6763 -18.1642 0.799999
    endloop
  endfacet
  facet normal 0.162788 0.986661 0
    outer loop
      vertex 13.4181 -18.1216 0.799999
      vertex 13.6763 -18.1642 0
      vertex 13.4181 -18.1216 0
    endloop
  endfacet
  facet normal 0.227314 0.973821 -0
    outer loop
      vertex 13.4181 -18.1216 0
      vertex 13.1632 -18.0621 0.799999
      vertex 13.4181 -18.1216 0.799999
    endloop
  endfacet
  facet normal 0.227314 0.973821 0
    outer loop
      vertex 13.1632 -18.0621 0.799999
      vertex 13.4181 -18.1216 0
      vertex 13.1632 -18.0621 0
    endloop
  endfacet
  facet normal 0.289976 0.957034 -0
    outer loop
      vertex 13.1632 -18.0621 0
      vertex 12.9127 -17.9862 0.799999
      vertex 13.1632 -18.0621 0.799999
    endloop
  endfacet
  facet normal 0.289976 0.957034 0
    outer loop
      vertex 12.9127 -17.9862 0.799999
      vertex 13.1632 -18.0621 0
      vertex 12.9127 -17.9862 0
    endloop
  endfacet
  facet normal -0.227314 0.973821 0
    outer loop
      vertex 15.2337 -18.0621 0
      vertex 14.9788 -18.1216 0.799999
      vertex 15.2337 -18.0621 0.799999
    endloop
  endfacet
  facet normal -0.227314 0.973821 0
    outer loop
      vertex 14.9788 -18.1216 0.799999
      vertex 15.2337 -18.0621 0
      vertex 14.9788 -18.1216 0
    endloop
  endfacet
  facet normal -0.162788 0.986661 0
    outer loop
      vertex 14.9788 -18.1216 0
      vertex 14.7206 -18.1642 0.799999
      vertex 14.9788 -18.1216 0.799999
    endloop
  endfacet
  facet normal -0.162788 0.986661 0
    outer loop
      vertex 14.7206 -18.1642 0.799999
      vertex 14.9788 -18.1216 0
      vertex 14.7206 -18.1642 0
    endloop
  endfacet
  facet normal -0.352212 0.93592 0
    outer loop
      vertex 15.7292 -17.894 0
      vertex 15.4842 -17.9862 0.799999
      vertex 15.7292 -17.894 0.799999
    endloop
  endfacet
  facet normal -0.352212 0.93592 0
    outer loop
      vertex 15.4842 -17.9862 0.799999
      vertex 15.7292 -17.894 0
      vertex 15.4842 -17.9862 0
    endloop
  endfacet
  facet normal 0.772867 0.634568 0
    outer loop
      vertex 11.1911 -16.8358 0.799999
      vertex 11.025 -16.6335 0
      vertex 11.025 -16.6335 0.799999
    endloop
  endfacet
  facet normal 0.772867 0.634568 0
    outer loop
      vertex 11.025 -16.6335 0
      vertex 11.1911 -16.8358 0.799999
      vertex 11.1911 -16.8358 0
    endloop
  endfacet
  facet normal 0.730025 0.68342 0
    outer loop
      vertex 11.37 -17.0269 0.799999
      vertex 11.1911 -16.8358 0
      vertex 11.1911 -16.8358 0.799999
    endloop
  endfacet
  facet normal 0.730025 0.68342 0
    outer loop
      vertex 11.1911 -16.8358 0
      vertex 11.37 -17.0269 0.799999
      vertex 11.37 -17.0269 0
    endloop
  endfacet
  facet normal 0.956928 -0.290325 0
    outer loop
      vertex 10.3347 -13.1632 0.799999
      vertex 10.4107 -12.9127 0
      vertex 10.4107 -12.9127 0.799999
    endloop
  endfacet
  facet normal 0.956928 -0.290325 0
    outer loop
      vertex 10.4107 -12.9127 0
      vertex 10.3347 -13.1632 0.799999
      vertex 10.3347 -13.1632 0
    endloop
  endfacet
  facet normal 0.995169 -0.0981798 0
    outer loop
      vertex 10.207 -13.9368 0.799999
      vertex 10.2327 -13.6763 0
      vertex 10.2327 -13.6763 0.799999
    endloop
  endfacet
  facet normal 0.995169 -0.0981798 0
    outer loop
      vertex 10.2327 -13.6763 0
      vertex 10.207 -13.9368 0.799999
      vertex 10.207 -13.9368 0
    endloop
  endfacet
  facet normal 0.986661 -0.162788 0
    outer loop
      vertex 10.2327 -13.6763 0.799999
      vertex 10.2753 -13.4181 0
      vertex 10.2753 -13.4181 0.799999
    endloop
  endfacet
  facet normal 0.986661 -0.162788 0
    outer loop
      vertex 10.2753 -13.4181 0
      vertex 10.2327 -13.6763 0.799999
      vertex 10.2327 -13.6763 0
    endloop
  endfacet
  facet normal 0.99946 0.0328443 0
    outer loop
      vertex 10.207 -14.4601 0.799999
      vertex 10.1984 -14.1984 0
      vertex 10.1984 -14.1984 0.799999
    endloop
  endfacet
  facet normal 0.99946 0.0328443 0
    outer loop
      vertex 10.1984 -14.1984 0
      vertex 10.207 -14.4601 0.799999
      vertex 10.207 -14.4601 0
    endloop
  endfacet
  facet normal 0.88211 -0.471044 0
    outer loop
      vertex 10.611 -12.4293 0.799999
      vertex 10.7343 -12.1984 0
      vertex 10.7343 -12.1984 0.799999
    endloop
  endfacet
  facet normal 0.88211 -0.471044 0
    outer loop
      vertex 10.7343 -12.1984 0
      vertex 10.611 -12.4293 0.799999
      vertex 10.611 -12.4293 0
    endloop
  endfacet
  facet normal 0.848984 -0.528418 0
    outer loop
      vertex 10.7343 -12.1984 0.799999
      vertex 10.8726 -11.9762 0
      vertex 10.8726 -11.9762 0.799999
    endloop
  endfacet
  facet normal 0.848984 -0.528418 0
    outer loop
      vertex 10.8726 -11.9762 0
      vertex 10.7343 -12.1984 0.799999
      vertex 10.7343 -12.1984 0
    endloop
  endfacet
  facet normal 0.772867 -0.634568 0
    outer loop
      vertex 11.025 -11.7634 0.799999
      vertex 11.1911 -11.5611 0
      vertex 11.1911 -11.5611 0.799999
    endloop
  endfacet
  facet normal 0.772867 -0.634568 0
    outer loop
      vertex 11.1911 -11.5611 0
      vertex 11.025 -11.7634 0.799999
      vertex 11.025 -11.7634 0
    endloop
  endfacet
  facet normal 0.471341 0.881951 -0
    outer loop
      vertex 12.4293 -17.7859 0
      vertex 12.1984 -17.6625 0.799999
      vertex 12.4293 -17.7859 0.799999
    endloop
  endfacet
  facet normal 0.471341 0.881951 0
    outer loop
      vertex 12.1984 -17.6625 0.799999
      vertex 12.4293 -17.7859 0
      vertex 12.1984 -17.6625 0
    endloop
  endfacet
  facet normal 0.528143 0.849156 -0
    outer loop
      vertex 12.1984 -17.6625 0
      vertex 11.9762 -17.5243 0.799999
      vertex 12.1984 -17.6625 0.799999
    endloop
  endfacet
  facet normal 0.528143 0.849156 0
    outer loop
      vertex 11.9762 -17.5243 0.799999
      vertex 12.1984 -17.6625 0
      vertex 11.9762 -17.5243 0
    endloop
  endfacet
  facet normal 0.0324752 0.999473 -0
    outer loop
      vertex 14.1984 -18.1984 0
      vertex 13.9368 -18.1899 0.799999
      vertex 14.1984 -18.1984 0.799999
    endloop
  endfacet
  facet normal 0.0324752 0.999473 0
    outer loop
      vertex 13.9368 -18.1899 0.799999
      vertex 14.1984 -18.1984 0
      vertex 13.9368 -18.1899 0
    endloop
  endfacet
  facet normal 0.910746 0.412968 0
    outer loop
      vertex 10.611 -15.9676 0.799999
      vertex 10.5029 -15.7292 0
      vertex 10.5029 -15.7292 0.799999
    endloop
  endfacet
  facet normal 0.910746 0.412968 0
    outer loop
      vertex 10.5029 -15.7292 0
      vertex 10.611 -15.9676 0.799999
      vertex 10.611 -15.9676 0
    endloop
  endfacet
  facet normal 0.973906 0.226952 0
    outer loop
      vertex 10.3347 -15.2337 0.799999
      vertex 10.2753 -14.9788 0
      vertex 10.2753 -14.9788 0.799999
    endloop
  endfacet
  facet normal 0.973906 0.226952 0
    outer loop
      vertex 10.2753 -14.9788 0
      vertex 10.3347 -15.2337 0.799999
      vertex 10.3347 -15.2337 0
    endloop
  endfacet
  facet normal 0.986661 0.162788 0
    outer loop
      vertex 10.2753 -14.9788 0.799999
      vertex 10.2327 -14.7206 0
      vertex 10.2327 -14.7206 0.799999
    endloop
  endfacet
  facet normal 0.986661 0.162788 0
    outer loop
      vertex 10.2327 -14.7206 0
      vertex 10.2753 -14.9788 0.799999
      vertex 10.2753 -14.9788 0
    endloop
  endfacet
  facet normal 0.995169 0.0981798 0
    outer loop
      vertex 10.2327 -14.7206 0.799999
      vertex 10.207 -14.4601 0
      vertex 10.207 -14.4601 0.799999
    endloop
  endfacet
  facet normal 0.995169 0.0981798 0
    outer loop
      vertex 10.207 -14.4601 0
      vertex 10.2327 -14.7206 0.799999
      vertex 10.2327 -14.7206 0
    endloop
  endfacet
  facet normal 0.849091 0.528247 0
    outer loop
      vertex 10.8726 -16.4207 0.799999
      vertex 10.7343 -16.1984 0
      vertex 10.7343 -16.1984 0.799999
    endloop
  endfacet
  facet normal 0.849091 0.528247 0
    outer loop
      vertex 10.7343 -16.1984 0
      vertex 10.8726 -16.4207 0.799999
      vertex 10.8726 -16.4207 0
    endloop
  endfacet
  facet normal 0.81301 0.58225 0
    outer loop
      vertex 11.025 -16.6335 0.799999
      vertex 10.8726 -16.4207 0
      vertex 10.8726 -16.4207 0.799999
    endloop
  endfacet
  facet normal 0.81301 0.58225 0
    outer loop
      vertex 10.8726 -16.4207 0
      vertex 11.025 -16.6335 0.799999
      vertex 11.025 -16.6335 0
    endloop
  endfacet
  facet normal 0.93592 0.352212 0
    outer loop
      vertex 10.5029 -15.7292 0.799999
      vertex 10.4107 -15.4842 0
      vertex 10.4107 -15.4842 0.799999
    endloop
  endfacet
  facet normal 0.93592 0.352212 0
    outer loop
      vertex 10.4107 -15.4842 0
      vertex 10.5029 -15.7292 0.799999
      vertex 10.5029 -15.7292 0
    endloop
  endfacet
  facet normal 0.882025 0.471203 0
    outer loop
      vertex 10.7343 -16.1984 0.799999
      vertex 10.611 -15.9676 0
      vertex 10.611 -15.9676 0.799999
    endloop
  endfacet
  facet normal 0.882025 0.471203 0
    outer loop
      vertex 10.611 -15.9676 0
      vertex 10.7343 -16.1984 0.799999
      vertex 10.7343 -16.1984 0
    endloop
  endfacet
  facet normal 0.683599 0.729858 -0
    outer loop
      vertex 17.239 17.239 0
      vertex 16.0746 18.3296 2
      vertex 17.239 17.239 2
    endloop
  endfacet
  facet normal 0.683599 0.729858 0
    outer loop
      vertex 16.0746 18.3296 2
      vertex 17.239 17.239 0
      vertex 16.0746 18.3296 0
    endloop
  endfacet
  facet normal -0.35227 0.935898 0
    outer loop
      vertex -7.83658 23.0858 0
      vertex -9.32968 22.5238 2
      vertex -7.83658 23.0858 2
    endloop
  endfacet
  facet normal -0.35227 0.935898 0
    outer loop
      vertex -9.32968 22.5238 2
      vertex -7.83658 23.0858 0
      vertex -9.32968 22.5238 0
    endloop
  endfacet
  facet normal -0.910864 0.412707 0
    outer loop
      vertex -22.5238 9.32968 0
      vertex -21.8654 10.7828 2
      vertex -21.8654 10.7828 0
    endloop
  endfacet
  facet normal -0.910864 0.412707 0
    outer loop
      vertex -21.8654 10.7828 2
      vertex -22.5238 9.32968 0
      vertex -22.5238 9.32968 2
    endloop
  endfacet
  facet normal 0.935898 0.35227 0
    outer loop
      vertex 23.0858 7.83658 2
      vertex 22.5238 9.32968 0
      vertex 22.5238 9.32968 2
    endloop
  endfacet
  facet normal 0.935898 0.35227 0
    outer loop
      vertex 22.5238 9.32968 0
      vertex 23.0858 7.83658 2
      vertex 23.0858 7.83658 0
    endloop
  endfacet
  facet normal 0.910864 0.412707 0
    outer loop
      vertex 22.5238 9.32968 2
      vertex 21.8654 10.7828 0
      vertex 21.8654 10.7828 2
    endloop
  endfacet
  facet normal 0.910864 0.412707 0
    outer loop
      vertex 21.8654 10.7828 0
      vertex 22.5238 9.32968 2
      vertex 22.5238 9.32968 0
    endloop
  endfacet
  facet normal 0.412707 0.910864 -0
    outer loop
      vertex 10.7828 21.8654 0
      vertex 9.32968 22.5238 2
      vertex 10.7828 21.8654 2
    endloop
  endfacet
  facet normal 0.412707 0.910864 0
    outer loop
      vertex 9.32968 22.5238 2
      vertex 10.7828 21.8654 0
      vertex 9.32968 22.5238 0
    endloop
  endfacet
  facet normal 0.16291 0.986641 -0
    outer loop
      vertex 4.75623 23.9112 0
      vertex 3.18218 24.1711 2
      vertex 4.75623 23.9112 2
    endloop
  endfacet
  facet normal 0.16291 0.986641 0
    outer loop
      vertex 3.18218 24.1711 2
      vertex 4.75623 23.9112 0
      vertex 3.18218 24.1711 0
    endloop
  endfacet
  facet normal -0.986641 0.16291 0
    outer loop
      vertex -24.1711 3.18218 0
      vertex -23.9112 4.75623 2
      vertex -23.9112 4.75623 0
    endloop
  endfacet
  facet normal -0.986641 0.16291 0
    outer loop
      vertex -23.9112 4.75623 2
      vertex -24.1711 3.18218 0
      vertex -24.1711 3.18218 2
    endloop
  endfacet
  facet normal -0.729858 0.683599 0
    outer loop
      vertex -18.3296 16.0746 0
      vertex -17.239 17.239 2
      vertex -17.239 17.239 0
    endloop
  endfacet
  facet normal -0.729858 0.683599 0
    outer loop
      vertex -17.239 17.239 2
      vertex -18.3296 16.0746 0
      vertex -18.3296 16.0746 2
    endloop
  endfacet
  facet normal -0.16291 0.986641 0
    outer loop
      vertex -3.18218 24.1711 0
      vertex -4.75623 23.9112 2
      vertex -3.18218 24.1711 2
    endloop
  endfacet
  facet normal -0.16291 0.986641 0
    outer loop
      vertex -4.75623 23.9112 2
      vertex -3.18218 24.1711 0
      vertex -4.75623 23.9112 0
    endloop
  endfacet
  facet normal 0.995189 -0.0979719 0
    outer loop
      vertex 24.1711 -3.18218 2
      vertex 24.3274 -1.5945 0
      vertex 24.3274 -1.5945 2
    endloop
  endfacet
  facet normal 0.995189 -0.0979719 0
    outer loop
      vertex 24.3274 -1.5945 0
      vertex 24.1711 -3.18218 2
      vertex 24.1711 -3.18218 0
    endloop
  endfacet
  facet normal 0.412707 -0.910864 0
    outer loop
      vertex 9.32968 -22.5238 0
      vertex 10.7828 -21.8654 2
      vertex 9.32968 -22.5238 2
    endloop
  endfacet
  facet normal 0.412707 -0.910864 0
    outer loop
      vertex 10.7828 -21.8654 2
      vertex 9.32968 -22.5238 0
      vertex 10.7828 -21.8654 0
    endloop
  endfacet
  facet normal 0.772998 -0.634408 0
    outer loop
      vertex 18.3296 -16.0746 2
      vertex 19.3417 -14.8414 0
      vertex 19.3417 -14.8414 2
    endloop
  endfacet
  facet normal 0.772998 -0.634408 0
    outer loop
      vertex 19.3417 -14.8414 0
      vertex 18.3296 -16.0746 2
      vertex 18.3296 -16.0746 0
    endloop
  endfacet
  facet normal -0.16291 -0.986641 0
    outer loop
      vertex -4.75623 -23.9112 0
      vertex -3.18218 -24.1711 2
      vertex -4.75623 -23.9112 2
    endloop
  endfacet
  facet normal -0.16291 -0.986641 -0
    outer loop
      vertex -3.18218 -24.1711 2
      vertex -4.75623 -23.9112 0
      vertex -3.18218 -24.1711 0
    endloop
  endfacet
  facet normal -0.683599 -0.729858 0
    outer loop
      vertex -17.239 -17.239 0
      vertex -16.0746 -18.3296 2
      vertex -17.239 -17.239 2
    endloop
  endfacet
  facet normal -0.683599 -0.729858 -0
    outer loop
      vertex -16.0746 -18.3296 2
      vertex -17.239 -17.239 0
      vertex -16.0746 -18.3296 0
    endloop
  endfacet
  facet normal -0.935898 -0.35227 0
    outer loop
      vertex -22.5238 -9.32968 0
      vertex -23.0858 -7.83658 2
      vertex -23.0858 -7.83658 0
    endloop
  endfacet
  facet normal -0.935898 -0.35227 0
    outer loop
      vertex -23.0858 -7.83658 2
      vertex -22.5238 -9.32968 0
      vertex -22.5238 -9.32968 2
    endloop
  endfacet
  facet normal 0.995189 0.0979719 0
    outer loop
      vertex 24.3274 1.5945 2
      vertex 24.1711 3.18218 0
      vertex 24.1711 3.18218 2
    endloop
  endfacet
  facet normal 0.995189 0.0979719 0
    outer loop
      vertex 24.1711 3.18218 0
      vertex 24.3274 1.5945 2
      vertex 24.3274 1.5945 0
    endloop
  endfacet
  facet normal 0.973872 0.227096 0
    outer loop
      vertex 23.9112 4.75623 2
      vertex 23.5489 6.30991 0
      vertex 23.5489 6.30991 2
    endloop
  endfacet
  facet normal 0.973872 0.227096 0
    outer loop
      vertex 23.5489 6.30991 0
      vertex 23.9112 4.75623 2
      vertex 23.9112 4.75623 0
    endloop
  endfacet
  facet normal 0.956942 0.290279 0
    outer loop
      vertex 23.5489 6.30991 2
      vertex 23.0858 7.83658 0
      vertex 23.0858 7.83658 2
    endloop
  endfacet
  facet normal 0.956942 0.290279 0
    outer loop
      vertex 23.0858 7.83658 0
      vertex 23.5489 6.30991 2
      vertex 23.5489 6.30991 0
    endloop
  endfacet
  facet normal 0.812869 0.582447 0
    outer loop
      vertex 20.2709 13.5446 2
      vertex 19.3417 14.8414 0
      vertex 19.3417 14.8414 2
    endloop
  endfacet
  facet normal 0.812869 0.582447 0
    outer loop
      vertex 19.3417 14.8414 0
      vertex 20.2709 13.5446 2
      vertex 20.2709 13.5446 0
    endloop
  endfacet
  facet normal 0.849193 0.528082 0
    outer loop
      vertex 21.1134 12.1898 2
      vertex 20.2709 13.5446 0
      vertex 20.2709 13.5446 2
    endloop
  endfacet
  facet normal 0.849193 0.528082 0
    outer loop
      vertex 20.2709 13.5446 0
      vertex 21.1134 12.1898 2
      vertex 21.1134 12.1898 0
    endloop
  endfacet
  facet normal 0.582447 0.812869 -0
    outer loop
      vertex 14.8414 19.3417 0
      vertex 13.5446 20.2709 2
      vertex 14.8414 19.3417 2
    endloop
  endfacet
  facet normal 0.582447 0.812869 0
    outer loop
      vertex 13.5446 20.2709 2
      vertex 14.8414 19.3417 0
      vertex 13.5446 20.2709 0
    endloop
  endfacet
  facet normal 0.033023 0.999455 0
    outer loop
      vertex 1.5945 24.3274 2
      vertex 1.51581 24.33 1.69
      vertex 1.51581 24.33 2
    endloop
  endfacet
  facet normal 0.0317159 0.999497 0.000332166
    outer loop
      vertex 1.5945 24.3274 2
      vertex 1.55408 24.3288 1.64674
      vertex 1.51581 24.33 1.69
    endloop
  endfacet
  facet normal 0.0332445 0.999447 0.000157062
    outer loop
      vertex 1.5945 24.3274 2
      vertex 1.56617 24.3284 1.63307
      vertex 1.55408 24.3288 1.64674
    endloop
  endfacet
  facet normal 0.0340073 0.999422 9.80948e-05
    outer loop
      vertex 1.5945 24.3274 2
      vertex 1.58976 24.3276 1.60559
      vertex 1.56617 24.3284 1.63307
    endloop
  endfacet
  facet normal 0.0421566 0.999111 0
    outer loop
      vertex 1.58976 24.3276 1.60559
      vertex 1.5945 24.3274 2
      vertex 1.5945 24.3274 1.60007
    endloop
  endfacet
  facet normal 0.528082 0.849193 -0
    outer loop
      vertex 13.5446 20.2709 0
      vertex 12.1898 21.1134 2
      vertex 13.5446 20.2709 2
    endloop
  endfacet
  facet normal 0.528082 0.849193 0
    outer loop
      vertex 12.1898 21.1134 2
      vertex 13.5446 20.2709 0
      vertex 12.1898 21.1134 0
    endloop
  endfacet
  facet normal 0.35227 0.935898 -0
    outer loop
      vertex 9.32968 22.5238 0
      vertex 7.83658 23.0858 2
      vertex 9.32968 22.5238 2
    endloop
  endfacet
  facet normal 0.35227 0.935898 0
    outer loop
      vertex 7.83658 23.0858 2
      vertex 9.32968 22.5238 0
      vertex 7.83658 23.0858 0
    endloop
  endfacet
  facet normal 0.227096 0.973872 -0
    outer loop
      vertex 6.30991 23.5489 0
      vertex 4.75623 23.9112 2
      vertex 6.30991 23.5489 2
    endloop
  endfacet
  facet normal 0.227096 0.973872 0
    outer loop
      vertex 4.75623 23.9112 2
      vertex 6.30991 23.5489 0
      vertex 4.75623 23.9112 0
    endloop
  endfacet
  facet normal -0.999465 0.03272 0
    outer loop
      vertex -24.3796 0 0
      vertex -24.3274 1.5945 2
      vertex -24.3274 1.5945 0
    endloop
  endfacet
  facet normal -0.999465 0.03272 0
    outer loop
      vertex -24.3274 1.5945 2
      vertex -24.3796 0 0
      vertex -24.3796 0 2
    endloop
  endfacet
  facet normal -0.935898 0.35227 0
    outer loop
      vertex -23.0858 7.83658 0
      vertex -22.5238 9.32968 2
      vertex -22.5238 9.32968 0
    endloop
  endfacet
  facet normal -0.935898 0.35227 0
    outer loop
      vertex -22.5238 9.32968 2
      vertex -23.0858 7.83658 0
      vertex -23.0858 7.83658 2
    endloop
  endfacet
  facet normal -0.973872 0.227096 0
    outer loop
      vertex -23.9112 4.75623 0
      vertex -23.5489 6.30991 2
      vertex -23.5489 6.30991 0
    endloop
  endfacet
  facet normal -0.973872 0.227096 0
    outer loop
      vertex -23.5489 6.30991 2
      vertex -23.9112 4.75623 0
      vertex -23.9112 4.75623 2
    endloop
  endfacet
  facet normal -0.849193 0.528082 0
    outer loop
      vertex -21.1134 12.1898 0
      vertex -20.2709 13.5446 2
      vertex -20.2709 13.5446 0
    endloop
  endfacet
  facet normal -0.849193 0.528082 0
    outer loop
      vertex -20.2709 13.5446 2
      vertex -21.1134 12.1898 0
      vertex -21.1134 12.1898 2
    endloop
  endfacet
  facet normal -0.812869 0.582447 0
    outer loop
      vertex -20.2709 13.5446 0
      vertex -19.3417 14.8414 2
      vertex -19.3417 14.8414 0
    endloop
  endfacet
  facet normal -0.812869 0.582447 0
    outer loop
      vertex -19.3417 14.8414 2
      vertex -20.2709 13.5446 0
      vertex -20.2709 13.5446 2
    endloop
  endfacet
  facet normal -0.033023 0.999455 0
    outer loop
      vertex -1.51581 24.33 1.69
      vertex -1.5945 24.3274 2
      vertex -1.51581 24.33 2
    endloop
  endfacet
  facet normal -0.0317159 0.999497 0.000332166
    outer loop
      vertex -1.55408 24.3288 1.64674
      vertex -1.5945 24.3274 2
      vertex -1.51581 24.33 1.69
    endloop
  endfacet
  facet normal -0.0332445 0.999447 0.000157062
    outer loop
      vertex -1.56617 24.3284 1.63307
      vertex -1.5945 24.3274 2
      vertex -1.55408 24.3288 1.64674
    endloop
  endfacet
  facet normal -0.0340073 0.999422 9.80948e-05
    outer loop
      vertex -1.58976 24.3276 1.60559
      vertex -1.5945 24.3274 2
      vertex -1.56617 24.3284 1.63307
    endloop
  endfacet
  facet normal -0.0421566 0.999111 0
    outer loop
      vertex -1.5945 24.3274 2
      vertex -1.58976 24.3276 1.60559
      vertex -1.5945 24.3274 1.60007
    endloop
  endfacet
  facet normal -0.528082 0.849193 0
    outer loop
      vertex -12.1898 21.1134 0
      vertex -13.5446 20.2709 2
      vertex -12.1898 21.1134 2
    endloop
  endfacet
  facet normal -0.528082 0.849193 0
    outer loop
      vertex -13.5446 20.2709 2
      vertex -12.1898 21.1134 0
      vertex -13.5446 20.2709 0
    endloop
  endfacet
  facet normal -0.582447 0.812869 0
    outer loop
      vertex -13.5446 20.2709 0
      vertex -14.8414 19.3417 2
      vertex -13.5446 20.2709 2
    endloop
  endfacet
  facet normal -0.582447 0.812869 0
    outer loop
      vertex -14.8414 19.3417 2
      vertex -13.5446 20.2709 0
      vertex -14.8414 19.3417 0
    endloop
  endfacet
  facet normal -0.471369 0.881936 0
    outer loop
      vertex -10.7828 21.8654 0
      vertex -12.1898 21.1134 2
      vertex -10.7828 21.8654 2
    endloop
  endfacet
  facet normal -0.471369 0.881936 0
    outer loop
      vertex -12.1898 21.1134 2
      vertex -10.7828 21.8654 0
      vertex -12.1898 21.1134 0
    endloop
  endfacet
  facet normal 0.999465 0.03272 0
    outer loop
      vertex 24.3796 0 2
      vertex 24.3274 1.5945 0
      vertex 24.3274 1.5945 2
    endloop
  endfacet
  facet normal 0.999465 0.03272 0
    outer loop
      vertex 24.3274 1.5945 0
      vertex 24.3796 0 2
      vertex 24.3796 0 0
    endloop
  endfacet
  facet normal 0.956942 -0.290279 0
    outer loop
      vertex 23.0858 -7.83658 2
      vertex 23.5489 -6.30991 0
      vertex 23.5489 -6.30991 2
    endloop
  endfacet
  facet normal 0.956942 -0.290279 0
    outer loop
      vertex 23.5489 -6.30991 0
      vertex 23.0858 -7.83658 2
      vertex 23.0858 -7.83658 0
    endloop
  endfacet
  facet normal 0.290279 -0.956942 0
    outer loop
      vertex 6.30991 -23.5489 0
      vertex 7.83658 -23.0858 2
      vertex 6.30991 -23.5489 2
    endloop
  endfacet
  facet normal 0.290279 -0.956942 0
    outer loop
      vertex 7.83658 -23.0858 2
      vertex 6.30991 -23.5489 0
      vertex 7.83658 -23.0858 0
    endloop
  endfacet
  facet normal 0.471369 -0.881936 0
    outer loop
      vertex 10.7828 -21.8654 0
      vertex 12.1898 -21.1134 2
      vertex 10.7828 -21.8654 2
    endloop
  endfacet
  facet normal 0.471369 -0.881936 0
    outer loop
      vertex 12.1898 -21.1134 2
      vertex 10.7828 -21.8654 0
      vertex 12.1898 -21.1134 0
    endloop
  endfacet
  facet normal 0.885832 -0.464007 0
    outer loop
      vertex 21.8654 -10.7828 2
      vertex 21.8632 -10.787 1.60559
      vertex 21.8654 -10.7828 1.60007
    endloop
  endfacet
  facet normal 0.882286 -0.470715 9.12072e-05
    outer loop
      vertex 21.8654 -10.7828 2
      vertex 21.8521 -10.8078 1.63307
      vertex 21.8632 -10.787 1.60559
    endloop
  endfacet
  facet normal 0.882602 -0.470121 3.9292e-05
    outer loop
      vertex 21.8654 -10.7828 2
      vertex 21.8464 -10.8185 1.64674
      vertex 21.8521 -10.8078 1.63307
    endloop
  endfacet
  facet normal 0.882177 -0.470918 0
    outer loop
      vertex 21.8283 -10.8523 1.69
      vertex 21.8654 -10.7828 2
      vertex 21.8283 -10.8523 2
    endloop
  endfacet
  facet normal 0.881696 -0.471818 0.000259581
    outer loop
      vertex 21.8654 -10.7828 2
      vertex 21.8283 -10.8523 1.69
      vertex 21.8464 -10.8185 1.64674
    endloop
  endfacet
  facet normal -0.03272 -0.999465 0
    outer loop
      vertex -1.5945 -24.3274 0
      vertex 0 -24.3796 2
      vertex -1.5945 -24.3274 2
    endloop
  endfacet
  facet normal -0.03272 -0.999465 -0
    outer loop
      vertex 0 -24.3796 2
      vertex -1.5945 -24.3274 0
      vertex 0 -24.3796 0
    endloop
  endfacet
  facet normal -0.35227 -0.935898 0
    outer loop
      vertex -9.32968 -22.5238 0
      vertex -7.83658 -23.0858 2
      vertex -9.32968 -22.5238 2
    endloop
  endfacet
  facet normal -0.35227 -0.935898 -0
    outer loop
      vertex -7.83658 -23.0858 2
      vertex -9.32968 -22.5238 0
      vertex -7.83658 -23.0858 0
    endloop
  endfacet
  facet normal -0.528082 -0.849193 0
    outer loop
      vertex -13.5446 -20.2709 0
      vertex -12.1898 -21.1134 2
      vertex -13.5446 -20.2709 2
    endloop
  endfacet
  facet normal -0.528082 -0.849193 -0
    outer loop
      vertex -12.1898 -21.1134 2
      vertex -13.5446 -20.2709 0
      vertex -12.1898 -21.1134 0
    endloop
  endfacet
  facet normal -0.412707 -0.910864 0
    outer loop
      vertex -10.7828 -21.8654 0
      vertex -9.32968 -22.5238 2
      vertex -10.7828 -21.8654 2
    endloop
  endfacet
  facet normal -0.412707 -0.910864 -0
    outer loop
      vertex -9.32968 -22.5238 2
      vertex -10.7828 -21.8654 0
      vertex -9.32968 -22.5238 0
    endloop
  endfacet
  facet normal -0.81282 -0.582514 0
    outer loop
      vertex -20.1285 -13.7433 1.32384
      vertex -20.2709 -13.5446 2
      vertex -20.2709 -13.5446 1.60007
    endloop
  endfacet
  facet normal -0.812894 -0.582412 5.58931e-05
    outer loop
      vertex -19.3417 -14.8414 2
      vertex -20.1285 -13.7433 1.32384
      vertex -20.0401 -13.8667 1.14712
    endloop
  endfacet
  facet normal -0.812829 -0.582503 -0.000100762
    outer loop
      vertex -19.3417 -14.8414 2
      vertex -20.0401 -13.8667 1.14712
      vertex -19.9186 -14.0362 0.904386
    endloop
  endfacet
  facet normal -0.812818 -0.582518 -0.000117928
    outer loop
      vertex -19.3417 -14.8414 2
      vertex -19.9186 -14.0362 0.904386
      vertex -19.8396 -14.1464 0.742578
    endloop
  endfacet
  facet normal -0.812893 -0.582414 -3.03303e-05
    outer loop
      vertex -19.3417 -14.8414 2
      vertex -19.8396 -14.1464 0.742578
      vertex -19.6202 -14.4526 0.293156
    endloop
  endfacet
  facet normal -0.81305 -0.582194 -0.000263548
    outer loop
      vertex -19.3417 -14.8414 0
      vertex -19.6202 -14.4526 0.293156
      vertex -19.4799 -14.6484 0
    endloop
  endfacet
  facet normal -0.812956 -0.582326 0
    outer loop
      vertex -19.6202 -14.4526 0.293156
      vertex -19.3417 -14.8414 0
      vertex -19.3417 -14.8414 2
    endloop
  endfacet
  facet normal -0.812869 -0.582447 -2.99248e-05
    outer loop
      vertex -20.1285 -13.7433 1.32384
      vertex -19.3417 -14.8414 2
      vertex -20.2709 -13.5446 2
    endloop
  endfacet
  facet normal 0.986641 0.16291 0
    outer loop
      vertex 24.1711 3.18218 2
      vertex 23.9112 4.75623 0
      vertex 23.9112 4.75623 2
    endloop
  endfacet
  facet normal 0.986641 0.16291 0
    outer loop
      vertex 23.9112 4.75623 0
      vertex 24.1711 3.18218 2
      vertex 24.1711 3.18218 0
    endloop
  endfacet
  facet normal 0.881936 0.471369 0
    outer loop
      vertex 21.8654 10.7828 2
      vertex 21.1134 12.1898 0
      vertex 21.1134 12.1898 2
    endloop
  endfacet
  facet normal 0.881936 0.471369 0
    outer loop
      vertex 21.1134 12.1898 0
      vertex 21.8654 10.7828 2
      vertex 21.8654 10.7828 0
    endloop
  endfacet
  facet normal 0.772998 0.634408 0
    outer loop
      vertex 19.3417 14.8414 2
      vertex 18.3296 16.0746 0
      vertex 18.3296 16.0746 2
    endloop
  endfacet
  facet normal 0.772998 0.634408 0
    outer loop
      vertex 18.3296 16.0746 0
      vertex 19.3417 14.8414 2
      vertex 19.3417 14.8414 0
    endloop
  endfacet
  facet normal 0.729858 0.683599 0
    outer loop
      vertex 18.3296 16.0746 2
      vertex 17.239 17.239 0
      vertex 17.239 17.239 2
    endloop
  endfacet
  facet normal 0.729858 0.683599 0
    outer loop
      vertex 17.239 17.239 0
      vertex 18.3296 16.0746 2
      vertex 18.3296 16.0746 0
    endloop
  endfacet
  facet normal 0.634408 0.772998 -0
    outer loop
      vertex 16.0746 18.3296 0
      vertex 14.8414 19.3417 2
      vertex 16.0746 18.3296 2
    endloop
  endfacet
  facet normal 0.634408 0.772998 0
    outer loop
      vertex 14.8414 19.3417 2
      vertex 16.0746 18.3296 0
      vertex 14.8414 19.3417 0
    endloop
  endfacet
  facet normal 0.471369 0.881936 -0
    outer loop
      vertex 12.1898 21.1134 0
      vertex 10.7828 21.8654 2
      vertex 12.1898 21.1134 2
    endloop
  endfacet
  facet normal 0.471369 0.881936 0
    outer loop
      vertex 10.7828 21.8654 2
      vertex 12.1898 21.1134 0
      vertex 10.7828 21.8654 0
    endloop
  endfacet
  facet normal 0.290279 0.956942 -0
    outer loop
      vertex 7.83658 23.0858 0
      vertex 6.30991 23.5489 2
      vertex 7.83658 23.0858 2
    endloop
  endfacet
  facet normal 0.290279 0.956942 0
    outer loop
      vertex 6.30991 23.5489 2
      vertex 7.83658 23.0858 0
      vertex 6.30991 23.5489 0
    endloop
  endfacet
  facet normal -0.956942 0.290279 0
    outer loop
      vertex -23.5489 6.30991 0
      vertex -23.0858 7.83658 2
      vertex -23.0858 7.83658 0
    endloop
  endfacet
  facet normal -0.956942 0.290279 0
    outer loop
      vertex -23.0858 7.83658 2
      vertex -23.5489 6.30991 0
      vertex -23.5489 6.30991 2
    endloop
  endfacet
  facet normal -0.881936 0.471369 0
    outer loop
      vertex -21.8654 10.7828 0
      vertex -21.1134 12.1898 2
      vertex -21.1134 12.1898 0
    endloop
  endfacet
  facet normal -0.881936 0.471369 0
    outer loop
      vertex -21.1134 12.1898 2
      vertex -21.8654 10.7828 0
      vertex -21.8654 10.7828 2
    endloop
  endfacet
  facet normal -0.772998 0.634408 0
    outer loop
      vertex -19.3417 14.8414 0
      vertex -18.3296 16.0746 2
      vertex -18.3296 16.0746 0
    endloop
  endfacet
  facet normal -0.772998 0.634408 0
    outer loop
      vertex -18.3296 16.0746 2
      vertex -19.3417 14.8414 0
      vertex -19.3417 14.8414 2
    endloop
  endfacet
  facet normal -0.290279 0.956942 0
    outer loop
      vertex -6.30991 23.5489 0
      vertex -7.83658 23.0858 2
      vertex -6.30991 23.5489 2
    endloop
  endfacet
  facet normal -0.290279 0.956942 0
    outer loop
      vertex -7.83658 23.0858 2
      vertex -6.30991 23.5489 0
      vertex -7.83658 23.0858 0
    endloop
  endfacet
  facet normal -0.09777 0.995209 0
    outer loop
      vertex -1.83778 24.3035 1.32384
      vertex -1.5945 24.3274 2
      vertex -1.5945 24.3274 1.60007
    endloop
  endfacet
  facet normal -0.0979719 0.995189 7.33391e-05
    outer loop
      vertex -1.5945 24.3274 2
      vertex -1.83778 24.3035 1.32384
      vertex -3.18218 24.1711 2
    endloop
  endfacet
  facet normal -0.0980482 0.995182 -7.98036e-05
    outer loop
      vertex -1.98887 24.2886 1.14712
      vertex -3.18218 24.1711 2
      vertex -1.83778 24.3035 1.32384
    endloop
  endfacet
  facet normal -0.0979312 0.995193 8.5468e-05
    outer loop
      vertex -2.19639 24.2682 0.904386
      vertex -3.18218 24.1711 2
      vertex -1.98887 24.2886 1.14712
    endloop
  endfacet
  facet normal -0.0980446 0.995182 -1.75478e-05
    outer loop
      vertex -2.33136 24.2549 0.742579
      vertex -3.18218 24.1711 2
      vertex -2.19639 24.2682 0.904386
    endloop
  endfacet
  facet normal -0.0981305 0.995174 -7.62279e-05
    outer loop
      vertex -2.70624 24.2179 0.293156
      vertex -3.18218 24.1711 2
      vertex -2.33136 24.2549 0.742579
    endloop
  endfacet
  facet normal -0.0977432 0.995212 -0.000190968
    outer loop
      vertex -3.18218 24.1711 0
      vertex -2.70624 24.2179 0.293156
      vertex -2.94596 24.1943 0
    endloop
  endfacet
  facet normal -0.0978598 0.9952 0
    outer loop
      vertex -2.70624 24.2179 0.293156
      vertex -3.18218 24.1711 0
      vertex -3.18218 24.1711 2
    endloop
  endfacet
  facet normal -0.412707 0.910864 0
    outer loop
      vertex -9.32968 22.5238 0
      vertex -10.7828 21.8654 2
      vertex -9.32968 22.5238 2
    endloop
  endfacet
  facet normal -0.412707 0.910864 0
    outer loop
      vertex -10.7828 21.8654 2
      vertex -9.32968 22.5238 0
      vertex -10.7828 21.8654 0
    endloop
  endfacet
  facet normal -0.634408 0.772998 0
    outer loop
      vertex -14.8414 19.3417 0
      vertex -16.0746 18.3296 2
      vertex -14.8414 19.3417 2
    endloop
  endfacet
  facet normal -0.634408 0.772998 0
    outer loop
      vertex -16.0746 18.3296 2
      vertex -14.8414 19.3417 0
      vertex -16.0746 18.3296 0
    endloop
  endfacet
  facet normal -0.683599 0.729858 0
    outer loop
      vertex -16.0746 18.3296 0
      vertex -17.239 17.239 2
      vertex -16.0746 18.3296 2
    endloop
  endfacet
  facet normal -0.683599 0.729858 0
    outer loop
      vertex -17.239 17.239 2
      vertex -16.0746 18.3296 0
      vertex -17.239 17.239 0
    endloop
  endfacet
  facet normal 0.999465 -0.03272 0
    outer loop
      vertex 24.3274 -1.5945 2
      vertex 24.3796 0 0
      vertex 24.3796 0 2
    endloop
  endfacet
  facet normal 0.999465 -0.03272 0
    outer loop
      vertex 24.3796 0 0
      vertex 24.3274 -1.5945 2
      vertex 24.3274 -1.5945 0
    endloop
  endfacet
  facet normal 0.03272 -0.999465 0
    outer loop
      vertex 0 -24.3796 0
      vertex 1.5945 -24.3274 2
      vertex 0 -24.3796 2
    endloop
  endfacet
  facet normal 0.03272 -0.999465 0
    outer loop
      vertex 1.5945 -24.3274 2
      vertex 0 -24.3796 0
      vertex 1.5945 -24.3274 0
    endloop
  endfacet
  facet normal 0.0979719 -0.995189 0
    outer loop
      vertex 1.5945 -24.3274 0
      vertex 3.18218 -24.1711 2
      vertex 1.5945 -24.3274 2
    endloop
  endfacet
  facet normal 0.0979719 -0.995189 0
    outer loop
      vertex 3.18218 -24.1711 2
      vertex 1.5945 -24.3274 0
      vertex 3.18218 -24.1711 0
    endloop
  endfacet
  facet normal 0.16291 -0.986641 0
    outer loop
      vertex 3.18218 -24.1711 0
      vertex 4.75623 -23.9112 2
      vertex 3.18218 -24.1711 2
    endloop
  endfacet
  facet normal 0.16291 -0.986641 0
    outer loop
      vertex 4.75623 -23.9112 2
      vertex 3.18218 -24.1711 0
      vertex 4.75623 -23.9112 0
    endloop
  endfacet
  facet normal 0.35227 -0.935898 0
    outer loop
      vertex 7.83658 -23.0858 0
      vertex 9.32968 -22.5238 2
      vertex 7.83658 -23.0858 2
    endloop
  endfacet
  facet normal 0.35227 -0.935898 0
    outer loop
      vertex 9.32968 -22.5238 2
      vertex 7.83658 -23.0858 0
      vertex 9.32968 -22.5238 0
    endloop
  endfacet
  facet normal 0.683599 -0.729858 0
    outer loop
      vertex 16.0746 -18.3296 0
      vertex 17.239 -17.239 2
      vertex 16.0746 -18.3296 2
    endloop
  endfacet
  facet normal 0.683599 -0.729858 0
    outer loop
      vertex 17.239 -17.239 2
      vertex 16.0746 -18.3296 0
      vertex 17.239 -17.239 0
    endloop
  endfacet
  facet normal 0.634408 -0.772998 0
    outer loop
      vertex 14.8414 -19.3417 0
      vertex 16.0746 -18.3296 2
      vertex 14.8414 -19.3417 2
    endloop
  endfacet
  facet normal 0.634408 -0.772998 0
    outer loop
      vertex 16.0746 -18.3296 2
      vertex 14.8414 -19.3417 0
      vertex 16.0746 -18.3296 0
    endloop
  endfacet
  facet normal 0.729858 -0.683599 0
    outer loop
      vertex 17.239 -17.239 2
      vertex 18.3296 -16.0746 0
      vertex 18.3296 -16.0746 2
    endloop
  endfacet
  facet normal 0.729858 -0.683599 0
    outer loop
      vertex 18.3296 -16.0746 0
      vertex 17.239 -17.239 2
      vertex 17.239 -17.239 0
    endloop
  endfacet
  facet normal 0.528082 -0.849193 0
    outer loop
      vertex 12.1898 -21.1134 0
      vertex 13.5446 -20.2709 2
      vertex 12.1898 -21.1134 2
    endloop
  endfacet
  facet normal 0.528082 -0.849193 0
    outer loop
      vertex 13.5446 -20.2709 2
      vertex 12.1898 -21.1134 0
      vertex 13.5446 -20.2709 0
    endloop
  endfacet
  facet normal 0.582447 -0.812869 0
    outer loop
      vertex 13.5446 -20.2709 0
      vertex 14.8414 -19.3417 2
      vertex 13.5446 -20.2709 2
    endloop
  endfacet
  facet normal 0.582447 -0.812869 0
    outer loop
      vertex 14.8414 -19.3417 2
      vertex 13.5446 -20.2709 0
      vertex 14.8414 -19.3417 0
    endloop
  endfacet
  facet normal 0.910924 -0.412574 0
    outer loop
      vertex 22.3265 -9.7653 0.293158
      vertex 22.5238 -9.32968 0
      vertex 22.5238 -9.32968 2
    endloop
  endfacet
  facet normal 0.910964 -0.412485 0.000158597
    outer loop
      vertex 22.5238 -9.32968 0
      vertex 22.3265 -9.7653 0.293158
      vertex 22.4259 -9.54589 0
    endloop
  endfacet
  facet normal 0.910846 -0.412745 5.27814e-05
    outer loop
      vertex 22.5238 -9.32968 2
      vertex 22.171 -10.1084 0.74258
      vertex 22.3265 -9.7653 0.293158
    endloop
  endfacet
  facet normal 0.910874 -0.412684 7.25022e-06
    outer loop
      vertex 22.5238 -9.32968 2
      vertex 22.115 -10.232 0.904388
      vertex 22.171 -10.1084 0.74258
    endloop
  endfacet
  facet normal 0.910908 -0.412609 -6.73991e-05
    outer loop
      vertex 22.5238 -9.32968 2
      vertex 22.029 -10.4219 1.14712
      vertex 22.115 -10.232 0.904388
    endloop
  endfacet
  facet normal 0.910844 -0.41275 0.000150418
    outer loop
      vertex 22.5238 -9.32968 2
      vertex 21.9663 -10.5602 1.32384
      vertex 22.029 -10.4219 1.14712
    endloop
  endfacet
  facet normal 0.910864 -0.412707 5.55933e-05
    outer loop
      vertex 21.8654 -10.7828 2
      vertex 21.9663 -10.5602 1.32384
      vertex 22.5238 -9.32968 2
    endloop
  endfacet
  facet normal 0.9108 -0.412847 0
    outer loop
      vertex 21.9663 -10.5602 1.32384
      vertex 21.8654 -10.7828 2
      vertex 21.8654 -10.7828 1.60007
    endloop
  endfacet
  facet normal 0.81282 -0.582514 0
    outer loop
      vertex 20.2709 -13.5446 2
      vertex 20.1285 -13.7433 1.32384
      vertex 20.2709 -13.5446 1.60007
    endloop
  endfacet
  facet normal 0.812869 -0.582447 -2.99248e-05
    outer loop
      vertex 19.3417 -14.8414 2
      vertex 20.1285 -13.7433 1.32384
      vertex 20.2709 -13.5446 2
    endloop
  endfacet
  facet normal 0.812894 -0.582412 5.58931e-05
    outer loop
      vertex 20.1285 -13.7433 1.32384
      vertex 19.3417 -14.8414 2
      vertex 20.0401 -13.8667 1.14712
    endloop
  endfacet
  facet normal 0.812829 -0.582503 -0.000100762
    outer loop
      vertex 20.0401 -13.8667 1.14712
      vertex 19.3417 -14.8414 2
      vertex 19.9186 -14.0362 0.904386
    endloop
  endfacet
  facet normal 0.812818 -0.582518 -0.000117928
    outer loop
      vertex 19.9186 -14.0362 0.904386
      vertex 19.3417 -14.8414 2
      vertex 19.8396 -14.1464 0.742578
    endloop
  endfacet
  facet normal 0.812893 -0.582414 -3.03303e-05
    outer loop
      vertex 19.8396 -14.1464 0.742578
      vertex 19.3417 -14.8414 2
      vertex 19.6202 -14.4526 0.293156
    endloop
  endfacet
  facet normal 0.812956 -0.582326 0
    outer loop
      vertex 19.3417 -14.8414 0
      vertex 19.6202 -14.4526 0.293156
      vertex 19.3417 -14.8414 2
    endloop
  endfacet
  facet normal 0.81305 -0.582194 -0.000263548
    outer loop
      vertex 19.6202 -14.4526 0.293156
      vertex 19.3417 -14.8414 0
      vertex 19.4799 -14.6484 0
    endloop
  endfacet
  facet normal 0.849208 -0.528058 0
    outer loop
      vertex 20.2709 -13.5446 2
      vertex 20.3125 -13.4777 1.69
      vertex 20.3125 -13.4777 2
    endloop
  endfacet
  facet normal 0.849857 -0.527013 0.000312484
    outer loop
      vertex 20.3125 -13.4777 1.69
      vertex 20.2709 -13.5446 2
      vertex 20.2923 -13.5103 1.64674
    endloop
  endfacet
  facet normal 0.847219 -0.531243 -0.000257986
    outer loop
      vertex 20.2923 -13.5103 1.64674
      vertex 20.2709 -13.5446 2
      vertex 20.2859 -13.5205 1.63307
    endloop
  endfacet
  facet normal 0.849167 -0.528125 2.64125e-05
    outer loop
      vertex 20.2859 -13.5205 1.63307
      vertex 20.2709 -13.5446 2
      vertex 20.2734 -13.5406 1.60559
    endloop
  endfacet
  facet normal 0.847998 -0.529999 0
    outer loop
      vertex 20.2734 -13.5406 1.60559
      vertex 20.2709 -13.5446 2
      vertex 20.2709 -13.5446 1.60007
    endloop
  endfacet
  facet normal -0.0979719 -0.995189 0
    outer loop
      vertex -3.18218 -24.1711 0
      vertex -1.5945 -24.3274 2
      vertex -3.18218 -24.1711 2
    endloop
  endfacet
  facet normal -0.0979719 -0.995189 -0
    outer loop
      vertex -1.5945 -24.3274 2
      vertex -3.18218 -24.1711 0
      vertex -1.5945 -24.3274 0
    endloop
  endfacet
  facet normal -0.290279 -0.956942 0
    outer loop
      vertex -7.83658 -23.0858 0
      vertex -6.30991 -23.5489 2
      vertex -7.83658 -23.0858 2
    endloop
  endfacet
  facet normal -0.290279 -0.956942 -0
    outer loop
      vertex -6.30991 -23.5489 2
      vertex -7.83658 -23.0858 0
      vertex -6.30991 -23.5489 0
    endloop
  endfacet
  facet normal -0.471369 -0.881936 0
    outer loop
      vertex -12.1898 -21.1134 0
      vertex -10.7828 -21.8654 2
      vertex -12.1898 -21.1134 2
    endloop
  endfacet
  facet normal -0.471369 -0.881936 -0
    outer loop
      vertex -10.7828 -21.8654 2
      vertex -12.1898 -21.1134 0
      vertex -10.7828 -21.8654 0
    endloop
  endfacet
  facet normal -0.582447 -0.812869 0
    outer loop
      vertex -14.8414 -19.3417 0
      vertex -13.5446 -20.2709 2
      vertex -14.8414 -19.3417 2
    endloop
  endfacet
  facet normal -0.582447 -0.812869 -0
    outer loop
      vertex -13.5446 -20.2709 2
      vertex -14.8414 -19.3417 0
      vertex -13.5446 -20.2709 0
    endloop
  endfacet
  facet normal -0.973872 -0.227096 0
    outer loop
      vertex -23.5489 -6.30991 0
      vertex -23.9112 -4.75623 2
      vertex -23.9112 -4.75623 0
    endloop
  endfacet
  facet normal -0.973872 -0.227096 0
    outer loop
      vertex -23.9112 -4.75623 2
      vertex -23.5489 -6.30991 0
      vertex -23.5489 -6.30991 2
    endloop
  endfacet
  facet normal -0.986641 -0.16291 0
    outer loop
      vertex -23.9112 -4.75623 0
      vertex -24.1711 -3.18218 2
      vertex -24.1711 -3.18218 0
    endloop
  endfacet
  facet normal -0.986641 -0.16291 0
    outer loop
      vertex -24.1711 -3.18218 2
      vertex -23.9112 -4.75623 0
      vertex -23.9112 -4.75623 2
    endloop
  endfacet
  facet normal -0.999465 -0.03272 0
    outer loop
      vertex -24.3274 -1.5945 0
      vertex -24.3796 0 2
      vertex -24.3796 0 0
    endloop
  endfacet
  facet normal -0.999465 -0.03272 0
    outer loop
      vertex -24.3796 0 2
      vertex -24.3274 -1.5945 0
      vertex -24.3274 -1.5945 2
    endloop
  endfacet
  facet normal 0 0 -1
    outer loop
      vertex 2.99204 23.6803 0
      vertex 3.18218 24.1711 0
      vertex 2.99206 23.6796 0
    endloop
  endfacet
  facet normal 0 0 -1
    outer loop
      vertex 2.98565 23.8753 0
      vertex 3.18218 24.1711 0
      vertex 2.99204 23.6803 0
    endloop
  endfacet
  facet normal 0 0 -1
    outer loop
      vertex 2.96652 24.0695 0
      vertex 3.18218 24.1711 0
      vertex 2.98565 23.8753 0
    endloop
  endfacet
  facet normal 0 0 -1
    outer loop
      vertex 2.96646 24.0702 0
      vertex 3.18218 24.1711 0
      vertex 2.96652 24.0695 0
    endloop
  endfacet
  facet normal 0 0 -1
    outer loop
      vertex 2.96636 24.0708 0
      vertex 3.18218 24.1711 0
      vertex 2.96646 24.0702 0
    endloop
  endfacet
  facet normal -0 0 -1
    outer loop
      vertex 3.18218 24.1711 0
      vertex 2.96636 24.0708 0
      vertex 2.94596 24.1943 0
    endloop
  endfacet
  facet normal 0 0 -1
    outer loop
      vertex 17.3719 -11.7634 0
      vertex 17.5151 -11.8405 0
      vertex 17.5193 -11.9692 0
    endloop
  endfacet
  facet normal 0 0 -1
    outer loop
      vertex 17.5151 -11.8405 0
      vertex 17.3719 -11.7634 0
      vertex 17.5151 -11.8398 0
    endloop
  endfacet
  facet normal 0 0 -1
    outer loop
      vertex 19.3417 14.8414 0
      vertex 18.1899 13.9368 0
      vertex 18.1984 14.1984 0
    endloop
  endfacet
  facet normal 0 0 -1
    outer loop
      vertex 18.391 -9.72458 0
      vertex 18.1642 13.6763 0
      vertex 18.1899 13.9368 0
    endloop
  endfacet
  facet normal 0 0 -1
    outer loop
      vertex 15.7292 -10.5029 0
      vertex 18.2576 -9.86702 0
      vertex 18.1338 -10.0179 0
    endloop
  endfacet
  facet normal 0 0 -1
    outer loop
      vertex 15.7292 -10.5029 0
      vertex 18.1338 -10.0179 0
      vertex 18.1334 -10.0184 0
    endloop
  endfacet
  facet normal 0 0 -1
    outer loop
      vertex 15.9676 -10.611 0
      vertex 18.1334 -10.0184 0
      vertex 18.133 -10.0189 0
    endloop
  endfacet
  facet normal 0 0 -1
    outer loop
      vertex 18.391 -9.72458 0
      vertex 18.1216 13.4181 0
      vertex 18.1642 13.6763 0
    endloop
  endfacet
  facet normal 0 0 -1
    outer loop
      vertex 18.391 -9.72458 0
      vertex 18.0621 13.1632 0
      vertex 18.1216 13.4181 0
    endloop
  endfacet
  facet normal 0 0 -1
    outer loop
      vertex 15.9676 -10.611 0
      vertex 18.133 -10.0189 0
      vertex 18.0194 -10.1775 0
    endloop
  endfacet
  facet normal 0 0 -1
    outer loop
      vertex 18.391 -9.72458 0
      vertex 17.9862 12.9127 0
      vertex 18.0621 13.1632 0
    endloop
  endfacet
  facet normal 0 0 -1
    outer loop
      vertex 16.1984 -10.7343 0
      vertex 18.0194 -10.1775 0
      vertex 17.9163 -10.3432 0
    endloop
  endfacet
  facet normal 0 0 -1
    outer loop
      vertex 16.1984 -10.7343 0
      vertex 17.9163 -10.3432 0
      vertex 17.916 -10.3438 0
    endloop
  endfacet
  facet normal 0 0 -1
    outer loop
      vertex 16.1984 -10.7343 0
      vertex 17.916 -10.3438 0
      vertex 17.9157 -10.3443 0
    endloop
  endfacet
  facet normal 0 0 -1
    outer loop
      vertex 18.391 -9.72458 0
      vertex 17.894 12.6677 0
      vertex 17.9862 12.9127 0
    endloop
  endfacet
  facet normal 0 0 -1
    outer loop
      vertex 16.4207 -10.8726 0
      vertex 17.9157 -10.3443 0
      vertex 17.8237 -10.5165 0
    endloop
  endfacet
  facet normal 0 0 -1
    outer loop
      vertex 18.391 -9.72458 0
      vertex 17.7859 12.4293 0
      vertex 17.894 12.6677 0
    endloop
  endfacet
  facet normal 0 0 -1
    outer loop
      vertex 16.4207 -10.8726 0
      vertex 17.8237 -10.5165 0
      vertex 17.7431 -10.6942 0
    endloop
  endfacet
  facet normal 0 0 -1
    outer loop
      vertex 16.6335 -11.025 0
      vertex 17.7431 -10.6942 0
      vertex 17.7429 -10.6948 0
    endloop
  endfacet
  facet normal 0 0 -1
    outer loop
      vertex 16.6335 -11.025 0
      vertex 17.7429 -10.6948 0
      vertex 17.7426 -10.6954 0
    endloop
  endfacet
  facet normal 0 0 -1
    outer loop
      vertex 16.6335 -11.025 0
      vertex 17.7426 -10.6954 0
      vertex 17.6739 -10.8781 0
    endloop
  endfacet
  facet normal 0 0 -1
    outer loop
      vertex 18.391 -9.72458 0
      vertex 17.6625 12.1984 0
      vertex 17.7859 12.4293 0
    endloop
  endfacet
  facet normal 0 0 -1
    outer loop
      vertex 16.8358 -11.1911 0
      vertex 17.6739 -10.8781 0
      vertex 17.6172 -11.0648 0
    endloop
  endfacet
  facet normal 0 0 -1
    outer loop
      vertex 16.8358 -11.1911 0
      vertex 17.6172 -11.0648 0
      vertex 17.6171 -11.0654 0
    endloop
  endfacet
  facet normal 0 0 -1
    outer loop
      vertex 16.8358 -11.1911 0
      vertex 17.6171 -11.0654 0
      vertex 17.6169 -11.066 0
    endloop
  endfacet
  facet normal 0 0 -1
    outer loop
      vertex 17.0269 -11.37 0
      vertex 17.6169 -11.066 0
      vertex 17.5726 -11.2561 0
    endloop
  endfacet
  facet normal 0 0 -1
    outer loop
      vertex 17.0269 -11.37 0
      vertex 17.5726 -11.2561 0
      vertex 17.5725 -11.2567 0
    endloop
  endfacet
  facet normal 0 0 -1
    outer loop
      vertex 17.2058 -11.5611 0
      vertex 17.5725 -11.2567 0
      vertex 17.5407 -11.4493 0
    endloop
  endfacet
  facet normal 0 0 -1
    outer loop
      vertex 18.391 -9.72458 0
      vertex 17.5243 11.9762 0
      vertex 17.6625 12.1984 0
    endloop
  endfacet
  facet normal 0 0 -1
    outer loop
      vertex 17.2058 -11.5611 0
      vertex 17.5407 -11.4493 0
      vertex 17.5216 -11.6435 0
    endloop
  endfacet
  facet normal 0 0 -1
    outer loop
      vertex 17.3719 -11.7634 0
      vertex 17.5216 -11.6435 0
      vertex 17.5215 -11.6441 0
    endloop
  endfacet
  facet normal 0 0 -1
    outer loop
      vertex 17.3719 -11.7634 0
      vertex 17.5215 -11.6441 0
      vertex 17.5215 -11.6448 0
    endloop
  endfacet
  facet normal 0 0 -1
    outer loop
      vertex 17.3719 -11.7634 0
      vertex 17.5215 -11.6448 0
      vertex 17.5151 -11.8398 0
    endloop
  endfacet
  facet normal -0 0 -1
    outer loop
      vertex 17.5216 -11.6435 0
      vertex 17.3719 -11.7634 0
      vertex 17.2058 -11.5611 0
    endloop
  endfacet
  facet normal 0 0 -1
    outer loop
      vertex 18.391 -9.72458 0
      vertex 17.3719 11.7634 0
      vertex 17.5243 11.9762 0
    endloop
  endfacet
  facet normal 0 0 -1
    outer loop
      vertex 17.5725 -11.2567 0
      vertex 17.2058 -11.5611 0
      vertex 17.0269 -11.37 0
    endloop
  endfacet
  facet normal 0 0 -1
    outer loop
      vertex 18.391 -9.72458 0
      vertex 17.2058 11.5611 0
      vertex 17.3719 11.7634 0
    endloop
  endfacet
  facet normal 0 0 -1
    outer loop
      vertex 17.6169 -11.066 0
      vertex 17.0269 -11.37 0
      vertex 16.8358 -11.1911 0
    endloop
  endfacet
  facet normal 0 0 -1
    outer loop
      vertex 18.391 -9.72458 0
      vertex 17.0269 11.37 0
      vertex 17.2058 11.5611 0
    endloop
  endfacet
  facet normal 0 0 -1
    outer loop
      vertex 17.6739 -10.8781 0
      vertex 16.8358 -11.1911 0
      vertex 16.6335 -11.025 0
    endloop
  endfacet
  facet normal 0 0 -1
    outer loop
      vertex 18.391 -9.72458 0
      vertex 16.8358 11.1911 0
      vertex 17.0269 11.37 0
    endloop
  endfacet
  facet normal 0 0 -1
    outer loop
      vertex 17.7431 -10.6942 0
      vertex 16.6335 -11.025 0
      vertex 16.4207 -10.8726 0
    endloop
  endfacet
  facet normal 0 0 -1
    outer loop
      vertex 18.391 -9.72458 0
      vertex 16.6335 11.025 0
      vertex 16.8358 11.1911 0
    endloop
  endfacet
  facet normal 0 0 -1
    outer loop
      vertex 17.9157 -10.3443 0
      vertex 16.4207 -10.8726 0
      vertex 16.1984 -10.7343 0
    endloop
  endfacet
  facet normal 0 0 -1
    outer loop
      vertex 18.391 -9.72458 0
      vertex 16.4207 10.8726 0
      vertex 16.6335 11.025 0
    endloop
  endfacet
  facet normal 0 0 -1
    outer loop
      vertex 18.0194 -10.1775 0
      vertex 16.1984 -10.7343 0
      vertex 15.9676 -10.611 0
    endloop
  endfacet
  facet normal 0 0 -1
    outer loop
      vertex 18.391 -9.72458 0
      vertex 16.1984 10.7343 0
      vertex 16.4207 10.8726 0
    endloop
  endfacet
  facet normal 0 0 -1
    outer loop
      vertex 18.1334 -10.0184 0
      vertex 15.9676 -10.611 0
      vertex 15.7292 -10.5029 0
    endloop
  endfacet
  facet normal 0 0 -1
    outer loop
      vertex 18.391 -9.72458 0
      vertex 15.9676 10.611 0
      vertex 16.1984 10.7343 0
    endloop
  endfacet
  facet normal 0 0 -1
    outer loop
      vertex 18.2576 -9.86702 0
      vertex 15.7292 -10.5029 0
      vertex 15.4842 -10.4107 0
    endloop
  endfacet
  facet normal 0 0 -1
    outer loop
      vertex 18.391 -9.72458 0
      vertex 15.7292 10.5029 0
      vertex 15.9676 10.611 0
    endloop
  endfacet
  facet normal 0 0 -1
    outer loop
      vertex 18.391 -9.72458 0
      vertex 15.4842 -10.4107 0
      vertex 15.2337 -10.3347 0
    endloop
  endfacet
  facet normal 0 0 -1
    outer loop
      vertex 18.391 -9.72458 0
      vertex 15.4842 10.4107 0
      vertex 15.7292 10.5029 0
    endloop
  endfacet
  facet normal 0 0 -1
    outer loop
      vertex 18.391 -9.72458 0
      vertex 15.2337 -10.3347 0
      vertex 14.9788 -10.2753 0
    endloop
  endfacet
  facet normal 0 0 -1
    outer loop
      vertex 18.391 -9.72458 0
      vertex 15.2337 10.3347 0
      vertex 15.4842 10.4107 0
    endloop
  endfacet
  facet normal 0 0 -1
    outer loop
      vertex 18.391 -9.72458 0
      vertex 14.9788 -10.2753 0
      vertex 14.7206 -10.2327 0
    endloop
  endfacet
  facet normal 0 0 -1
    outer loop
      vertex 18.391 -9.72458 0
      vertex 14.9788 10.2753 0
      vertex 15.2337 10.3347 0
    endloop
  endfacet
  facet normal 0 0 -1
    outer loop
      vertex 18.391 -9.72458 0
      vertex 14.7206 -10.2327 0
      vertex 14.4601 -10.207 0
    endloop
  endfacet
  facet normal 0 0 -1
    outer loop
      vertex 18.391 -9.72458 0
      vertex 14.7206 10.2327 0
      vertex 14.9788 10.2753 0
    endloop
  endfacet
  facet normal -0 0 -1
    outer loop
      vertex 18.391 -9.72458 0
      vertex 14.4601 -10.207 0
      vertex 14.4601 10.207 0
    endloop
  endfacet
  facet normal 0 0 -1
    outer loop
      vertex 18.391 -9.72458 0
      vertex 14.4601 10.207 0
      vertex 14.7206 10.2327 0
    endloop
  endfacet
  facet normal 0 0 -1
    outer loop
      vertex 14.1984 -10.1984 0
      vertex 14.4601 10.207 0
      vertex 14.4601 -10.207 0
    endloop
  endfacet
  facet normal 0 0 -1
    outer loop
      vertex 14.1984 -10.1984 0
      vertex 14.1984 10.1984 0
      vertex 14.4601 10.207 0
    endloop
  endfacet
  facet normal 0 0 -1
    outer loop
      vertex 13.9368 -10.207 0
      vertex 14.1984 10.1984 0
      vertex 14.1984 -10.1984 0
    endloop
  endfacet
  facet normal 0 0 -1
    outer loop
      vertex 13.9368 -10.207 0
      vertex 13.9368 10.207 0
      vertex 14.1984 10.1984 0
    endloop
  endfacet
  facet normal 0 0 -1
    outer loop
      vertex 13.6763 -10.2327 0
      vertex 13.9368 10.207 0
      vertex 13.9368 -10.207 0
    endloop
  endfacet
  facet normal 0 0 -1
    outer loop
      vertex 13.6763 -10.2327 0
      vertex 13.6763 10.2327 0
      vertex 13.9368 10.207 0
    endloop
  endfacet
  facet normal 0 0 -1
    outer loop
      vertex 13.4181 -10.2753 0
      vertex 13.6763 10.2327 0
      vertex 13.6763 -10.2327 0
    endloop
  endfacet
  facet normal 0 0 -1
    outer loop
      vertex 13.4181 -10.2753 0
      vertex 13.4181 10.2753 0
      vertex 13.6763 10.2327 0
    endloop
  endfacet
  facet normal 0 0 -1
    outer loop
      vertex 13.1632 -10.3347 0
      vertex 13.4181 10.2753 0
      vertex 13.4181 -10.2753 0
    endloop
  endfacet
  facet normal 0 0 -1
    outer loop
      vertex 13.1632 -10.3347 0
      vertex 13.1632 10.3347 0
      vertex 13.4181 10.2753 0
    endloop
  endfacet
  facet normal 0 0 -1
    outer loop
      vertex 12.9127 -10.4107 0
      vertex 13.1632 10.3347 0
      vertex 13.1632 -10.3347 0
    endloop
  endfacet
  facet normal 0 0 -1
    outer loop
      vertex 12.9127 -10.4107 0
      vertex 12.9127 10.4107 0
      vertex 13.1632 10.3347 0
    endloop
  endfacet
  facet normal 0 0 -1
    outer loop
      vertex 12.6677 -10.5029 0
      vertex 12.9127 10.4107 0
      vertex 12.9127 -10.4107 0
    endloop
  endfacet
  facet normal 0 0 -1
    outer loop
      vertex 12.6677 -10.5029 0
      vertex 12.6677 10.5029 0
      vertex 12.9127 10.4107 0
    endloop
  endfacet
  facet normal 0 0 -1
    outer loop
      vertex 12.4293 -10.611 0
      vertex 12.6677 10.5029 0
      vertex 12.6677 -10.5029 0
    endloop
  endfacet
  facet normal 0 0 -1
    outer loop
      vertex 12.4293 -10.611 0
      vertex 12.4293 10.611 0
      vertex 12.6677 10.5029 0
    endloop
  endfacet
  facet normal 0 0 -1
    outer loop
      vertex 12.1984 -10.7343 0
      vertex 12.4293 10.611 0
      vertex 12.4293 -10.611 0
    endloop
  endfacet
  facet normal 0 0 -1
    outer loop
      vertex 12.1984 -10.7343 0
      vertex 12.1984 10.7343 0
      vertex 12.4293 10.611 0
    endloop
  endfacet
  facet normal 0 0 -1
    outer loop
      vertex 11.9762 -10.8726 0
      vertex 12.1984 10.7343 0
      vertex 12.1984 -10.7343 0
    endloop
  endfacet
  facet normal 0 0 -1
    outer loop
      vertex 11.9762 -10.8726 0
      vertex 11.9762 10.8726 0
      vertex 12.1984 10.7343 0
    endloop
  endfacet
  facet normal 0 0 -1
    outer loop
      vertex 11.7634 -11.025 0
      vertex 11.9762 10.8726 0
      vertex 11.9762 -10.8726 0
    endloop
  endfacet
  facet normal 0 0 -1
    outer loop
      vertex 11.7634 -11.025 0
      vertex 11.7634 11.025 0
      vertex 11.9762 10.8726 0
    endloop
  endfacet
  facet normal 0 0 -1
    outer loop
      vertex 11.5611 -11.1911 0
      vertex 11.7634 11.025 0
      vertex 11.7634 -11.025 0
    endloop
  endfacet
  facet normal 0 0 -1
    outer loop
      vertex 11.5611 -11.1911 0
      vertex 11.5611 11.1911 0
      vertex 11.7634 11.025 0
    endloop
  endfacet
  facet normal 0 0 -1
    outer loop
      vertex 11.37 -11.37 0
      vertex 11.5611 11.1911 0
      vertex 11.5611 -11.1911 0
    endloop
  endfacet
  facet normal 0 0 -1
    outer loop
      vertex 11.37 -11.37 0
      vertex 11.37 11.37 0
      vertex 11.5611 11.1911 0
    endloop
  endfacet
  facet normal 0 0 -1
    outer loop
      vertex -11.37 -11.37 0
      vertex 11.37 -11.37 0
      vertex 11.1911 -11.5611 0
    endloop
  endfacet
  facet normal 0 0 -1
    outer loop
      vertex 11.37 -11.37 0
      vertex -11.37 -11.37 0
      vertex 11.37 11.37 0
    endloop
  endfacet
  facet normal 0 0 -1
    outer loop
      vertex -11.1911 -11.5611 0
      vertex 11.1911 -11.5611 0
      vertex 11.025 -11.7634 0
    endloop
  endfacet
  facet normal 0 0 -1
    outer loop
      vertex -11.37 11.37 0
      vertex 11.37 11.37 0
      vertex -11.37 -11.37 0
    endloop
  endfacet
  facet normal 0 0 -1
    outer loop
      vertex -11.025 -11.7634 0
      vertex 11.025 -11.7634 0
      vertex 10.8726 -11.9762 0
    endloop
  endfacet
  facet normal 0 0 -1
    outer loop
      vertex 11.37 11.37 0
      vertex -11.37 11.37 0
      vertex 11.1911 11.5611 0
    endloop
  endfacet
  facet normal 0 0 -1
    outer loop
      vertex -10.8726 -11.9762 0
      vertex 10.8726 -11.9762 0
      vertex 10.7343 -12.1984 0
    endloop
  endfacet
  facet normal 0 -0 -1
    outer loop
      vertex -11.1911 11.5611 0
      vertex 11.1911 11.5611 0
      vertex -11.37 11.37 0
    endloop
  endfacet
  facet normal 0 0 -1
    outer loop
      vertex -10.7343 -12.1984 0
      vertex 10.7343 -12.1984 0
      vertex 10.611 -12.4293 0
    endloop
  endfacet
  facet normal 0 0 -1
    outer loop
      vertex 11.1911 11.5611 0
      vertex -11.1911 11.5611 0
      vertex 11.025 11.7634 0
    endloop
  endfacet
  facet normal 0 0 -1
    outer loop
      vertex -10.611 -12.4293 0
      vertex 10.611 -12.4293 0
      vertex 10.5029 -12.6677 0
    endloop
  endfacet
  facet normal 0 -0 -1
    outer loop
      vertex -11.025 11.7634 0
      vertex 11.025 11.7634 0
      vertex -11.1911 11.5611 0
    endloop
  endfacet
  facet normal 0 0 -1
    outer loop
      vertex -10.611 -12.4293 0
      vertex 10.5029 -12.6677 0
      vertex 10.4107 -12.9127 0
    endloop
  endfacet
  facet normal 0 0 -1
    outer loop
      vertex 11.025 11.7634 0
      vertex -11.025 11.7634 0
      vertex 10.8726 11.9762 0
    endloop
  endfacet
  facet normal 0 0 -1
    outer loop
      vertex -10.611 -12.4293 0
      vertex 10.4107 -12.9127 0
      vertex 10.3347 -13.1632 0
    endloop
  endfacet
  facet normal 0 -0 -1
    outer loop
      vertex -10.8726 11.9762 0
      vertex 10.8726 11.9762 0
      vertex -11.025 11.7634 0
    endloop
  endfacet
  facet normal 0 0 -1
    outer loop
      vertex -10.611 -12.4293 0
      vertex 10.3347 -13.1632 0
      vertex 10.2753 -13.4181 0
    endloop
  endfacet
  facet normal 0 0 -1
    outer loop
      vertex 10.8726 11.9762 0
      vertex -10.8726 11.9762 0
      vertex 10.7343 12.1984 0
    endloop
  endfacet
  facet normal 0 0 -1
    outer loop
      vertex -10.611 -12.4293 0
      vertex 10.2753 -13.4181 0
      vertex 10.2327 -13.6763 0
    endloop
  endfacet
  facet normal 0 0 -1
    outer loop
      vertex 11.1911 -11.5611 0
      vertex -11.1911 -11.5611 0
      vertex -11.37 -11.37 0
    endloop
  endfacet
  facet normal 0 0 -1
    outer loop
      vertex -10.611 -12.4293 0
      vertex 10.2327 -13.6763 0
      vertex 10.207 -13.9368 0
    endloop
  endfacet
  facet normal 0 -0 -1
    outer loop
      vertex -10.7343 12.1984 0
      vertex 10.7343 12.1984 0
      vertex -10.8726 11.9762 0
    endloop
  endfacet
  facet normal 0 0 -1
    outer loop
      vertex -10.611 -12.4293 0
      vertex 10.207 -13.9368 0
      vertex 10.1984 -14.1984 0
    endloop
  endfacet
  facet normal 0 0 -1
    outer loop
      vertex 10.611 12.4293 0
      vertex -10.611 12.4293 0
      vertex 10.5029 12.6677 0
    endloop
  endfacet
  facet normal 0 0 -1
    outer loop
      vertex 19.1838 -9.15632 0
      vertex 24.3796 0 0
      vertex 24.3274 -1.5945 0
    endloop
  endfacet
  facet normal 0 0 -1
    outer loop
      vertex 19.3622 -9.07552 0
      vertex 24.3274 -1.5945 0
      vertex 24.1711 -3.18218 0
    endloop
  endfacet
  facet normal 0 0 -1
    outer loop
      vertex 24.3796 0 0
      vertex 19.1838 -9.15632 0
      vertex 19.0117 -9.24832 0
    endloop
  endfacet
  facet normal 0 0 -1
    outer loop
      vertex 19.7328 -8.94971 0
      vertex 24.1711 -3.18218 0
      vertex 23.9112 -4.75623 0
    endloop
  endfacet
  facet normal 0 0 -1
    outer loop
      vertex 24.3274 -1.5945 0
      vertex 19.3616 -9.07578 0
      vertex 19.1838 -9.15632 0
    endloop
  endfacet
  facet normal 0 0 -1
    outer loop
      vertex 20.1166 -8.87336 0
      vertex 23.9112 -4.75623 0
      vertex 23.5489 -6.30991 0
    endloop
  endfacet
  facet normal 0 0 -1
    outer loop
      vertex 24.1711 -3.18218 0
      vertex 19.5454 -9.00655 0
      vertex 19.5448 -9.00677 0
    endloop
  endfacet
  facet normal 0 0 -1
    outer loop
      vertex 20.7035 -8.85423 0
      vertex 23.5489 -6.30991 0
      vertex 23.0858 -7.83658 0
    endloop
  endfacet
  facet normal 0 0 -1
    outer loop
      vertex 23.9112 -4.75623 0
      vertex 20.1166 -8.87336 0
      vertex 19.9241 -8.90515 0
    endloop
  endfacet
  facet normal 0 0 -1
    outer loop
      vertex 22.0026 -9.24832 0
      vertex 23.0858 -7.83658 0
      vertex 22.5238 -9.32968 0
    endloop
  endfacet
  facet normal 0 0 -1
    outer loop
      vertex 21.2822 -8.9499 0
      vertex 23.0858 -7.83658 0
      vertex 21.4689 -9.00655 0
    endloop
  endfacet
  facet normal 0 0 -1
    outer loop
      vertex 22.3291 -9.46646 0
      vertex 22.5238 -9.32968 0
      vertex 22.4259 -9.54589 0
    endloop
  endfacet
  facet normal 0 0 -1
    outer loop
      vertex 22.3286 -9.46606 0
      vertex 22.5238 -9.32968 0
      vertex 22.3291 -9.46646 0
    endloop
  endfacet
  facet normal 0 0 -1
    outer loop
      vertex 22.3281 -9.46569 0
      vertex 22.5238 -9.32968 0
      vertex 22.3286 -9.46606 0
    endloop
  endfacet
  facet normal 0 0 -1
    outer loop
      vertex 22.1695 -9.35201 0
      vertex 22.5238 -9.32968 0
      vertex 22.3281 -9.46569 0
    endloop
  endfacet
  facet normal 0 0 -1
    outer loop
      vertex 22.0037 -9.24895 0
      vertex 22.5238 -9.32968 0
      vertex 22.1695 -9.35201 0
    endloop
  endfacet
  facet normal 0 0 -1
    outer loop
      vertex 22.0032 -9.24862 0
      vertex 22.5238 -9.32968 0
      vertex 22.0037 -9.24895 0
    endloop
  endfacet
  facet normal 0 0 -1
    outer loop
      vertex 22.0026 -9.24832 0
      vertex 22.5238 -9.32968 0
      vertex 22.0032 -9.24862 0
    endloop
  endfacet
  facet normal 0 0 -1
    outer loop
      vertex 23.0858 -7.83658 0
      vertex 22.0026 -9.24832 0
      vertex 21.8305 -9.15632 0
    endloop
  endfacet
  facet normal 0 0 -1
    outer loop
      vertex 23.0858 -7.83658 0
      vertex 21.8305 -9.15632 0
      vertex 21.6528 -9.07578 0
    endloop
  endfacet
  facet normal 0 0 -1
    outer loop
      vertex 23.0858 -7.83658 0
      vertex 21.6528 -9.07578 0
      vertex 21.6522 -9.07552 0
    endloop
  endfacet
  facet normal 0 0 -1
    outer loop
      vertex 23.0858 -7.83658 0
      vertex 21.6522 -9.07552 0
      vertex 21.6516 -9.07529 0
    endloop
  endfacet
  facet normal 0 0 -1
    outer loop
      vertex 23.0858 -7.83658 0
      vertex 21.6516 -9.07529 0
      vertex 21.4689 -9.00655 0
    endloop
  endfacet
  facet normal 0 0 -1
    outer loop
      vertex 21.2816 -8.94971 0
      vertex 23.0858 -7.83658 0
      vertex 21.2822 -8.9499 0
    endloop
  endfacet
  facet normal 0 0 -1
    outer loop
      vertex 21.281 -8.94957 0
      vertex 23.0858 -7.83658 0
      vertex 21.2816 -8.94971 0
    endloop
  endfacet
  facet normal 0 0 -1
    outer loop
      vertex 21.0909 -8.90525 0
      vertex 23.0858 -7.83658 0
      vertex 21.281 -8.94957 0
    endloop
  endfacet
  facet normal 0 0 -1
    outer loop
      vertex 21.0903 -8.90515 0
      vertex 23.0858 -7.83658 0
      vertex 21.0909 -8.90525 0
    endloop
  endfacet
  facet normal 0 0 -1
    outer loop
      vertex 20.8977 -8.87336 0
      vertex 23.0858 -7.83658 0
      vertex 21.0903 -8.90515 0
    endloop
  endfacet
  facet normal 0 0 -1
    outer loop
      vertex 20.7035 -8.85423 0
      vertex 23.0858 -7.83658 0
      vertex 20.8977 -8.87336 0
    endloop
  endfacet
  facet normal 0 0 -1
    outer loop
      vertex 23.5489 -6.30991 0
      vertex 20.7035 -8.85423 0
      vertex 20.7029 -8.85417 0
    endloop
  endfacet
  facet normal 0 0 -1
    outer loop
      vertex 23.5489 -6.30991 0
      vertex 20.7029 -8.85417 0
      vertex 20.7022 -8.85415 0
    endloop
  endfacet
  facet normal 0 0 -1
    outer loop
      vertex 23.5489 -6.30991 0
      vertex 20.7022 -8.85415 0
      vertex 20.5072 -8.84776 0
    endloop
  endfacet
  facet normal 0 0 -1
    outer loop
      vertex 23.5489 -6.30991 0
      vertex 20.5072 -8.84776 0
      vertex 20.5065 -8.84778 0
    endloop
  endfacet
  facet normal 0 0 -1
    outer loop
      vertex 23.5489 -6.30991 0
      vertex 20.5065 -8.84778 0
      vertex 20.3115 -8.85417 0
    endloop
  endfacet
  facet normal 0 0 -1
    outer loop
      vertex 23.5489 -6.30991 0
      vertex 20.3115 -8.85417 0
      vertex 20.1173 -8.8733 0
    endloop
  endfacet
  facet normal 0 0 -1
    outer loop
      vertex 23.5489 -6.30991 0
      vertex 20.1173 -8.8733 0
      vertex 20.1166 -8.87336 0
    endloop
  endfacet
  facet normal 0 0 -1
    outer loop
      vertex 23.9112 -4.75623 0
      vertex 19.9241 -8.90515 0
      vertex 19.9234 -8.90525 0
    endloop
  endfacet
  facet normal 0 0 -1
    outer loop
      vertex 23.9112 -4.75623 0
      vertex 19.9234 -8.90525 0
      vertex 19.9228 -8.9054 0
    endloop
  endfacet
  facet normal 0 0 -1
    outer loop
      vertex 23.9112 -4.75623 0
      vertex 19.9228 -8.9054 0
      vertex 19.7328 -8.94971 0
    endloop
  endfacet
  facet normal 0 0 -1
    outer loop
      vertex 24.1711 -3.18218 0
      vertex 19.7328 -8.94971 0
      vertex 19.546 -9.00636 0
    endloop
  endfacet
  facet normal 0 0 -1
    outer loop
      vertex 24.1711 -3.18218 0
      vertex 19.546 -9.00636 0
      vertex 19.5454 -9.00655 0
    endloop
  endfacet
  facet normal 0 0 -1
    outer loop
      vertex 24.1711 -3.18218 0
      vertex 19.5448 -9.00677 0
      vertex 19.3622 -9.07552 0
    endloop
  endfacet
  facet normal 0 0 -1
    outer loop
      vertex 24.3274 -1.5945 0
      vertex 19.3622 -9.07552 0
      vertex 19.3616 -9.07578 0
    endloop
  endfacet
  facet normal 0 0 -1
    outer loop
      vertex 24.3796 0 0
      vertex 19.0117 -9.24832 0
      vertex 19.0111 -9.24862 0
    endloop
  endfacet
  facet normal -0 0 -1
    outer loop
      vertex 24.3796 0 0
      vertex 19.0111 -9.24862 0
      vertex 24.3274 1.5945 0
    endloop
  endfacet
  facet normal 0 0 -1
    outer loop
      vertex 18.8454 -9.35168 0
      vertex 24.3274 1.5945 0
      vertex 19.0111 -9.24862 0
    endloop
  endfacet
  facet normal 0 0 -1
    outer loop
      vertex 18.8449 -9.35201 0
      vertex 24.3274 1.5945 0
      vertex 18.8454 -9.35168 0
    endloop
  endfacet
  facet normal -0 0 -1
    outer loop
      vertex 24.3274 1.5945 0
      vertex 18.8449 -9.35201 0
      vertex 24.1711 3.18218 0
    endloop
  endfacet
  facet normal 0 0 -1
    outer loop
      vertex 18.8444 -9.35238 0
      vertex 24.1711 3.18218 0
      vertex 18.8449 -9.35201 0
    endloop
  endfacet
  facet normal 0 0 -1
    outer loop
      vertex 18.6857 -9.46606 0
      vertex 24.1711 3.18218 0
      vertex 18.8444 -9.35238 0
    endloop
  endfacet
  facet normal 0 0 -1
    outer loop
      vertex 18.1899 13.9368 0
      vertex 20.2709 13.5446 0
      vertex 21.1134 12.1898 0
    endloop
  endfacet
  facet normal -0 0 -1
    outer loop
      vertex 24.1711 3.18218 0
      vertex 18.6857 -9.46606 0
      vertex 23.9112 4.75623 0
    endloop
  endfacet
  facet normal 0 0 -1
    outer loop
      vertex 18.1899 13.9368 0
      vertex 23.9112 4.75623 0
      vertex 18.6857 -9.46606 0
    endloop
  endfacet
  facet normal 0 0 -1
    outer loop
      vertex 18.1899 13.9368 0
      vertex 21.1134 12.1898 0
      vertex 21.8654 10.7828 0
    endloop
  endfacet
  facet normal 0 0 -1
    outer loop
      vertex 23.9112 4.75623 0
      vertex 18.1899 13.9368 0
      vertex 23.5489 6.30991 0
    endloop
  endfacet
  facet normal 0 0 -1
    outer loop
      vertex 18.1899 13.9368 0
      vertex 21.8654 10.7828 0
      vertex 22.5238 9.32968 0
    endloop
  endfacet
  facet normal 0 0 -1
    outer loop
      vertex 18.1899 13.9368 0
      vertex 23.0858 7.83658 0
      vertex 23.5489 6.30991 0
    endloop
  endfacet
  facet normal 0 0 -1
    outer loop
      vertex 18.1899 13.9368 0
      vertex 22.5238 9.32968 0
      vertex 23.0858 7.83658 0
    endloop
  endfacet
  facet normal 0 0 -1
    outer loop
      vertex 18.1899 13.9368 0
      vertex 18.6857 -9.46606 0
      vertex 18.5349 -9.58987 0
    endloop
  endfacet
  facet normal 0 0 -1
    outer loop
      vertex 18.1899 13.9368 0
      vertex 18.5349 -9.58987 0
      vertex 18.5344 -9.59027 0
    endloop
  endfacet
  facet normal 0 0 -1
    outer loop
      vertex 18.1899 13.9368 0
      vertex 18.5344 -9.59027 0
      vertex 18.3919 -9.72368 0
    endloop
  endfacet
  facet normal 0 0 -1
    outer loop
      vertex 18.1899 13.9368 0
      vertex 18.3919 -9.72368 0
      vertex 18.3915 -9.72411 0
    endloop
  endfacet
  facet normal 0 0 -1
    outer loop
      vertex 18.1899 13.9368 0
      vertex 18.3915 -9.72411 0
      vertex 18.391 -9.72458 0
    endloop
  endfacet
  facet normal 0 0 -1
    outer loop
      vertex 18.1899 13.9368 0
      vertex 19.3417 14.8414 0
      vertex 20.2709 13.5446 0
    endloop
  endfacet
  facet normal 0 0 -1
    outer loop
      vertex 15.4842 -10.4107 0
      vertex 18.391 -9.72458 0
      vertex 18.2576 -9.86702 0
    endloop
  endfacet
  facet normal 0 0 -1
    outer loop
      vertex 18.1899 14.4601 0
      vertex 19.3417 14.8414 0
      vertex 18.1984 14.1984 0
    endloop
  endfacet
  facet normal 0 0 -1
    outer loop
      vertex 18.1642 14.7206 0
      vertex 19.3417 14.8414 0
      vertex 18.1899 14.4601 0
    endloop
  endfacet
  facet normal 0 0 -1
    outer loop
      vertex 18.1216 14.9788 0
      vertex 19.3417 14.8414 0
      vertex 18.1642 14.7206 0
    endloop
  endfacet
  facet normal 0 0 -1
    outer loop
      vertex 18.0621 15.2337 0
      vertex 19.3417 14.8414 0
      vertex 18.1216 14.9788 0
    endloop
  endfacet
  facet normal 0 0 -1
    outer loop
      vertex 19.3417 14.8414 0
      vertex 18.0621 15.2337 0
      vertex 18.3296 16.0746 0
    endloop
  endfacet
  facet normal 0 0 -1
    outer loop
      vertex 17.9862 15.4842 0
      vertex 18.3296 16.0746 0
      vertex 18.0621 15.2337 0
    endloop
  endfacet
  facet normal 0 0 -1
    outer loop
      vertex 17.894 15.7292 0
      vertex 18.3296 16.0746 0
      vertex 17.9862 15.4842 0
    endloop
  endfacet
  facet normal 0 0 -1
    outer loop
      vertex 17.7859 15.9676 0
      vertex 18.3296 16.0746 0
      vertex 17.894 15.7292 0
    endloop
  endfacet
  facet normal 0 0 -1
    outer loop
      vertex 17.6625 16.1984 0
      vertex 18.3296 16.0746 0
      vertex 17.7859 15.9676 0
    endloop
  endfacet
  facet normal 0 0 -1
    outer loop
      vertex 17.5243 16.4207 0
      vertex 18.3296 16.0746 0
      vertex 17.6625 16.1984 0
    endloop
  endfacet
  facet normal 0 0 -1
    outer loop
      vertex 17.3719 16.6335 0
      vertex 18.3296 16.0746 0
      vertex 17.5243 16.4207 0
    endloop
  endfacet
  facet normal 0 0 -1
    outer loop
      vertex 17.3719 16.6335 0
      vertex 17.239 17.239 0
      vertex 18.3296 16.0746 0
    endloop
  endfacet
  facet normal 0 0 -1
    outer loop
      vertex 17.2058 16.8358 0
      vertex 17.239 17.239 0
      vertex 17.3719 16.6335 0
    endloop
  endfacet
  facet normal 0 0 -1
    outer loop
      vertex 17.0269 17.0269 0
      vertex 17.239 17.239 0
      vertex 17.2058 16.8358 0
    endloop
  endfacet
  facet normal 0 0 -1
    outer loop
      vertex 16.8358 17.2058 0
      vertex 17.239 17.239 0
      vertex 17.0269 17.0269 0
    endloop
  endfacet
  facet normal 0 0 -1
    outer loop
      vertex 16.6335 17.3719 0
      vertex 17.239 17.239 0
      vertex 16.8358 17.2058 0
    endloop
  endfacet
  facet normal 0 0 -1
    outer loop
      vertex 16.4207 17.5243 0
      vertex 17.239 17.239 0
      vertex 16.6335 17.3719 0
    endloop
  endfacet
  facet normal 0 0 -1
    outer loop
      vertex 16.0746 18.3296 0
      vertex 16.4207 17.5243 0
      vertex 16.1984 17.6625 0
    endloop
  endfacet
  facet normal 0 0 -1
    outer loop
      vertex 16.4207 17.5243 0
      vertex 16.0746 18.3296 0
      vertex 17.239 17.239 0
    endloop
  endfacet
  facet normal 0 0 -1
    outer loop
      vertex 15.9676 17.7859 0
      vertex 16.0746 18.3296 0
      vertex 16.1984 17.6625 0
    endloop
  endfacet
  facet normal 0 0 -1
    outer loop
      vertex 15.7292 17.894 0
      vertex 16.0746 18.3296 0
      vertex 15.9676 17.7859 0
    endloop
  endfacet
  facet normal 0 0 -1
    outer loop
      vertex 15.4842 17.9862 0
      vertex 16.0746 18.3296 0
      vertex 15.7292 17.894 0
    endloop
  endfacet
  facet normal 0 0 -1
    outer loop
      vertex 15.2337 18.0621 0
      vertex 16.0746 18.3296 0
      vertex 15.4842 17.9862 0
    endloop
  endfacet
  facet normal 0 0 -1
    outer loop
      vertex 14.8414 19.3417 0
      vertex 15.2337 18.0621 0
      vertex 14.9788 18.1216 0
    endloop
  endfacet
  facet normal 0 0 -1
    outer loop
      vertex 15.2337 18.0621 0
      vertex 14.8414 19.3417 0
      vertex 16.0746 18.3296 0
    endloop
  endfacet
  facet normal 0 0 -1
    outer loop
      vertex 14.7206 18.1642 0
      vertex 14.8414 19.3417 0
      vertex 14.9788 18.1216 0
    endloop
  endfacet
  facet normal 0 0 -1
    outer loop
      vertex 14.4601 18.1899 0
      vertex 14.8414 19.3417 0
      vertex 14.7206 18.1642 0
    endloop
  endfacet
  facet normal 0 0 -1
    outer loop
      vertex 14.1984 18.1984 0
      vertex 14.8414 19.3417 0
      vertex 14.4601 18.1899 0
    endloop
  endfacet
  facet normal 0 0 -1
    outer loop
      vertex 13.9368 18.1899 0
      vertex 14.8414 19.3417 0
      vertex 14.1984 18.1984 0
    endloop
  endfacet
  facet normal 0 0 -1
    outer loop
      vertex 13.5446 20.2709 0
      vertex 13.9368 18.1899 0
      vertex 13.6763 18.1642 0
    endloop
  endfacet
  facet normal 0 0 -1
    outer loop
      vertex 13.9368 18.1899 0
      vertex 13.5446 20.2709 0
      vertex 14.8414 19.3417 0
    endloop
  endfacet
  facet normal 0 0 -1
    outer loop
      vertex 13.4181 18.1216 0
      vertex 13.5446 20.2709 0
      vertex 13.6763 18.1642 0
    endloop
  endfacet
  facet normal 0 0 -1
    outer loop
      vertex 13.1632 18.0621 0
      vertex 13.5446 20.2709 0
      vertex 13.4181 18.1216 0
    endloop
  endfacet
  facet normal 0 0 -1
    outer loop
      vertex 12.9127 17.9862 0
      vertex 13.5446 20.2709 0
      vertex 13.1632 18.0621 0
    endloop
  endfacet
  facet normal 0 0 -1
    outer loop
      vertex 12.6677 17.894 0
      vertex 13.5446 20.2709 0
      vertex 12.9127 17.9862 0
    endloop
  endfacet
  facet normal 0 0 -1
    outer loop
      vertex 12.1898 21.1134 0
      vertex 12.6677 17.894 0
      vertex 12.4293 17.7859 0
    endloop
  endfacet
  facet normal 0 0 -1
    outer loop
      vertex 12.1898 21.1134 0
      vertex 12.4293 17.7859 0
      vertex 12.1984 17.6625 0
    endloop
  endfacet
  facet normal 0 0 -1
    outer loop
      vertex 12.6677 17.894 0
      vertex 12.1898 21.1134 0
      vertex 13.5446 20.2709 0
    endloop
  endfacet
  facet normal 0 0 -1
    outer loop
      vertex 11.9762 17.5243 0
      vertex 12.1898 21.1134 0
      vertex 12.1984 17.6625 0
    endloop
  endfacet
  facet normal 0 0 -1
    outer loop
      vertex 11.7634 17.3719 0
      vertex 12.1898 21.1134 0
      vertex 11.9762 17.5243 0
    endloop
  endfacet
  facet normal 0 0 -1
    outer loop
      vertex 10.7828 21.8654 0
      vertex 11.7634 17.3719 0
      vertex 11.5611 17.2058 0
    endloop
  endfacet
  facet normal 0 0 -1
    outer loop
      vertex 10.7828 21.8654 0
      vertex 11.5611 17.2058 0
      vertex 11.37 17.0269 0
    endloop
  endfacet
  facet normal 0 0 -1
    outer loop
      vertex 10.7828 21.8654 0
      vertex 11.37 17.0269 0
      vertex 11.1911 16.8358 0
    endloop
  endfacet
  facet normal 0 0 -1
    outer loop
      vertex 9.32968 22.5238 0
      vertex 11.1911 16.8358 0
      vertex 11.025 16.6335 0
    endloop
  endfacet
  facet normal 0 0 -1
    outer loop
      vertex 9.32968 22.5238 0
      vertex 11.025 16.6335 0
      vertex 10.8726 16.4207 0
    endloop
  endfacet
  facet normal 0 0 -1
    outer loop
      vertex 11.7634 17.3719 0
      vertex 10.7828 21.8654 0
      vertex 12.1898 21.1134 0
    endloop
  endfacet
  facet normal 0 0 -1
    outer loop
      vertex 9.32968 22.5238 0
      vertex 10.8726 16.4207 0
      vertex 10.7343 16.1984 0
    endloop
  endfacet
  facet normal 0 0 -1
    outer loop
      vertex 7.83658 23.0858 0
      vertex 10.7343 16.1984 0
      vertex 10.611 15.9676 0
    endloop
  endfacet
  facet normal 0 0 -1
    outer loop
      vertex 2.1157 21.5639 0
      vertex 10.611 15.9676 0
      vertex 10.5029 15.7292 0
    endloop
  endfacet
  facet normal 0 0 -1
    outer loop
      vertex 1.9728 21.4301 0
      vertex 10.5029 15.7292 0
      vertex 10.4107 15.4842 0
    endloop
  endfacet
  facet normal 0 0 -1
    outer loop
      vertex 1.82145 21.3059 0
      vertex 10.4107 15.4842 0
      vertex 10.3347 15.2337 0
    endloop
  endfacet
  facet normal 0 0 -1
    outer loop
      vertex 1.6623 21.1918 0
      vertex 10.3347 15.2337 0
      vertex 10.2753 14.9788 0
    endloop
  endfacet
  facet normal 0 0 -1
    outer loop
      vertex 1.49603 21.0884 0
      vertex 10.2753 14.9788 0
      vertex 10.2327 14.7206 0
    endloop
  endfacet
  facet normal 0 0 -1
    outer loop
      vertex 1.32335 20.9961 0
      vertex 10.2327 14.7206 0
      vertex 10.207 14.4601 0
    endloop
  endfacet
  facet normal 0 0 -1
    outer loop
      vertex 11.1911 16.8358 0
      vertex 9.32968 22.5238 0
      vertex 10.7828 21.8654 0
    endloop
  endfacet
  facet normal 0 0 -1
    outer loop
      vertex 1.14501 20.9153 0
      vertex 10.207 14.4601 0
      vertex 10.1984 14.1984 0
    endloop
  endfacet
  facet normal 0 0 -1
    outer loop
      vertex 10.611 -12.4293 0
      vertex -10.611 -12.4293 0
      vertex -10.7343 -12.1984 0
    endloop
  endfacet
  facet normal 0 0 -1
    outer loop
      vertex -10.3347 -13.1632 0
      vertex 9.32968 -22.5238 0
      vertex 7.83658 -23.0858 0
    endloop
  endfacet
  facet normal 0 0 -1
    outer loop
      vertex 10.207 14.4601 0
      vertex 1.14501 20.9153 0
      vertex 1.32277 20.9959 0
    endloop
  endfacet
  facet normal 0 0 -1
    outer loop
      vertex -10.3347 -13.1632 0
      vertex 7.83658 -23.0858 0
      vertex 6.30991 -23.5489 0
    endloop
  endfacet
  facet normal 0 0 -1
    outer loop
      vertex 10.2327 14.7206 0
      vertex 1.32391 20.9964 0
      vertex 1.49603 21.0884 0
    endloop
  endfacet
  facet normal 0 0 -1
    outer loop
      vertex -10.2753 -13.4181 0
      vertex 6.30991 -23.5489 0
      vertex 4.75623 -23.9112 0
    endloop
  endfacet
  facet normal 0 0 -1
    outer loop
      vertex 10.4107 15.4842 0
      vertex 1.82145 21.3059 0
      vertex 1.97231 21.4297 0
    endloop
  endfacet
  facet normal 0 0 -1
    outer loop
      vertex -10.2327 -13.6763 0
      vertex 4.75623 -23.9112 0
      vertex 3.18218 -24.1711 0
    endloop
  endfacet
  facet normal 0 0 -1
    outer loop
      vertex 10.611 15.9676 0
      vertex 2.24955 21.7068 0
      vertex 7.83658 23.0858 0
    endloop
  endfacet
  facet normal 0 -0 -1
    outer loop
      vertex 2.96636 23.2885 0
      vertex 4.75623 23.9112 0
      vertex 2.93457 23.0959 0
    endloop
  endfacet
  facet normal 0 0 -1
    outer loop
      vertex 3.18218 24.1711 0
      vertex 2.99204 23.679 0
      vertex 2.99206 23.6796 0
    endloop
  endfacet
  facet normal -0 0 -1
    outer loop
      vertex 4.75623 23.9112 0
      vertex 2.99204 23.679 0
      vertex 3.18218 24.1711 0
    endloop
  endfacet
  facet normal 0 -0 -1
    outer loop
      vertex 2.99204 23.679 0
      vertex 4.75623 23.9112 0
      vertex 2.98565 23.4839 0
    endloop
  endfacet
  facet normal 0 -0 -1
    outer loop
      vertex 2.98565 23.4839 0
      vertex 4.75623 23.9112 0
      vertex 2.96652 23.2897 0
    endloop
  endfacet
  facet normal 0 -0 -1
    outer loop
      vertex 2.96652 23.2897 0
      vertex 4.75623 23.9112 0
      vertex 2.96646 23.2891 0
    endloop
  endfacet
  facet normal 0 -0 -1
    outer loop
      vertex 2.96646 23.2891 0
      vertex 4.75623 23.9112 0
      vertex 2.96636 23.2885 0
    endloop
  endfacet
  facet normal 0 0 -1
    outer loop
      vertex 4.75623 23.9112 0
      vertex 2.89025 22.9059 0
      vertex 2.93457 23.0959 0
    endloop
  endfacet
  facet normal 0 0 -1
    outer loop
      vertex 4.75623 23.9112 0
      vertex 2.89011 22.9052 0
      vertex 2.89025 22.9059 0
    endloop
  endfacet
  facet normal 0 0 -1
    outer loop
      vertex 4.75623 23.9112 0
      vertex 2.88992 22.9046 0
      vertex 2.89011 22.9052 0
    endloop
  endfacet
  facet normal 0 0 -1
    outer loop
      vertex 4.75623 23.9112 0
      vertex 2.83327 22.7179 0
      vertex 2.88992 22.9046 0
    endloop
  endfacet
  facet normal 0 0 -1
    outer loop
      vertex 4.75623 23.9112 0
      vertex 2.83305 22.7173 0
      vertex 2.83327 22.7179 0
    endloop
  endfacet
  facet normal 0 0 -1
    outer loop
      vertex 4.75623 23.9112 0
      vertex 2.7643 22.5346 0
      vertex 2.83305 22.7173 0
    endloop
  endfacet
  facet normal 0 0 -1
    outer loop
      vertex 4.75623 23.9112 0
      vertex 2.68376 22.3569 0
      vertex 2.7643 22.5346 0
    endloop
  endfacet
  facet normal -0 0 -1
    outer loop
      vertex 6.30991 23.5489 0
      vertex 2.68376 22.3569 0
      vertex 4.75623 23.9112 0
    endloop
  endfacet
  facet normal 0 -0 -1
    outer loop
      vertex 2.68376 22.3569 0
      vertex 6.30991 23.5489 0
      vertex 2.6835 22.3563 0
    endloop
  endfacet
  facet normal 0 -0 -1
    outer loop
      vertex 2.6835 22.3563 0
      vertex 6.30991 23.5489 0
      vertex 2.6832 22.3557 0
    endloop
  endfacet
  facet normal 0 -0 -1
    outer loop
      vertex 2.6832 22.3557 0
      vertex 6.30991 23.5489 0
      vertex 2.5912 22.1836 0
    endloop
  endfacet
  facet normal 0 -0 -1
    outer loop
      vertex 2.5912 22.1836 0
      vertex 6.30991 23.5489 0
      vertex 2.59086 22.1831 0
    endloop
  endfacet
  facet normal 0 -0 -1
    outer loop
      vertex 2.59086 22.1831 0
      vertex 6.30991 23.5489 0
      vertex 2.48781 22.0173 0
    endloop
  endfacet
  facet normal 0 -0 -1
    outer loop
      vertex 2.48781 22.0173 0
      vertex 6.30991 23.5489 0
      vertex 2.37413 21.8587 0
    endloop
  endfacet
  facet normal 0 -0 -1
    outer loop
      vertex 2.37413 21.8587 0
      vertex 6.30991 23.5489 0
      vertex 2.37376 21.8582 0
    endloop
  endfacet
  facet normal -0 0 -1
    outer loop
      vertex 7.83658 23.0858 0
      vertex 2.37376 21.8582 0
      vertex 6.30991 23.5489 0
    endloop
  endfacet
  facet normal 0 -0 -1
    outer loop
      vertex 2.37376 21.8582 0
      vertex 7.83658 23.0858 0
      vertex 2.24995 21.7073 0
    endloop
  endfacet
  facet normal 0 -0 -1
    outer loop
      vertex 2.24995 21.7073 0
      vertex 7.83658 23.0858 0
      vertex 2.24955 21.7068 0
    endloop
  endfacet
  facet normal 0 0 -1
    outer loop
      vertex 10.611 15.9676 0
      vertex 2.24911 21.7064 0
      vertex 2.24955 21.7068 0
    endloop
  endfacet
  facet normal 0 0 -1
    outer loop
      vertex 10.7343 16.1984 0
      vertex 7.83658 23.0858 0
      vertex 9.32968 22.5238 0
    endloop
  endfacet
  facet normal 0 0 -1
    outer loop
      vertex 10.611 15.9676 0
      vertex 2.1157 21.5639 0
      vertex 2.24911 21.7064 0
    endloop
  endfacet
  facet normal 0 0 -1
    outer loop
      vertex 10.5029 15.7292 0
      vertex 1.97326 21.4305 0
      vertex 2.1157 21.5639 0
    endloop
  endfacet
  facet normal 0 0 -1
    outer loop
      vertex 10.5029 15.7292 0
      vertex 1.9728 21.4301 0
      vertex 1.97326 21.4305 0
    endloop
  endfacet
  facet normal 0 0 -1
    outer loop
      vertex 10.4107 15.4842 0
      vertex 1.97231 21.4297 0
      vertex 1.9728 21.4301 0
    endloop
  endfacet
  facet normal 0 0 -1
    outer loop
      vertex -10.207 -13.9368 0
      vertex 3.18218 -24.1711 0
      vertex 1.5945 -24.3274 0
    endloop
  endfacet
  facet normal 0 0 -1
    outer loop
      vertex 10.3347 15.2337 0
      vertex 1.82093 21.3055 0
      vertex 1.82145 21.3059 0
    endloop
  endfacet
  facet normal 0 0 -1
    outer loop
      vertex 10.3347 15.2337 0
      vertex 1.6623 21.1918 0
      vertex 1.82093 21.3055 0
    endloop
  endfacet
  facet normal 0 0 -1
    outer loop
      vertex 10.2753 14.9788 0
      vertex 1.49657 21.0888 0
      vertex 1.6623 21.1918 0
    endloop
  endfacet
  facet normal 0 0 -1
    outer loop
      vertex 10.2753 14.9788 0
      vertex 1.49603 21.0884 0
      vertex 1.49657 21.0888 0
    endloop
  endfacet
  facet normal 0 0 -1
    outer loop
      vertex 10.7343 -12.1984 0
      vertex -10.7343 -12.1984 0
      vertex -10.8726 -11.9762 0
    endloop
  endfacet
  facet normal 0 0 -1
    outer loop
      vertex 10.2327 14.7206 0
      vertex 1.32335 20.9961 0
      vertex 1.32391 20.9964 0
    endloop
  endfacet
  facet normal 0 0 -1
    outer loop
      vertex 10.207 14.4601 0
      vertex 1.32277 20.9959 0
      vertex 1.32335 20.9961 0
    endloop
  endfacet
  facet normal 0 0 -1
    outer loop
      vertex 10.8726 -11.9762 0
      vertex -10.8726 -11.9762 0
      vertex -11.025 -11.7634 0
    endloop
  endfacet
  facet normal 0 0 -1
    outer loop
      vertex 10.1984 14.1984 0
      vertex 0.96236 20.8466 0
      vertex 1.14501 20.9153 0
    endloop
  endfacet
  facet normal 0 0 -1
    outer loop
      vertex 10.1984 14.1984 0
      vertex 0.961766 20.8464 0
      vertex 0.96236 20.8466 0
    endloop
  endfacet
  facet normal 0 0 -1
    outer loop
      vertex 11.025 -11.7634 0
      vertex -11.025 -11.7634 0
      vertex -11.1911 -11.5611 0
    endloop
  endfacet
  facet normal 0 0 -1
    outer loop
      vertex 10.1984 14.1984 0
      vertex 0.775009 20.7897 0
      vertex 0.961766 20.8464 0
    endloop
  endfacet
  facet normal 0 -0 -1
    outer loop
      vertex 0 20.6876 0
      vertex 10.3347 13.1632 0
      vertex -10.4107 12.9127 0
    endloop
  endfacet
  facet normal 0 0 -1
    outer loop
      vertex 10.1984 14.1984 0
      vertex 0.774401 20.7895 0
      vertex 0.775009 20.7897 0
    endloop
  endfacet
  facet normal -0 -0 -1
    outer loop
      vertex 0.000634794 20.6876 0
      vertex 10.3347 13.1632 0
      vertex 0 20.6876 0
    endloop
  endfacet
  facet normal 0 0 -1
    outer loop
      vertex 10.207 13.9368 0
      vertex 0.774401 20.7895 0
      vertex 10.1984 14.1984 0
    endloop
  endfacet
  facet normal 0 -0 -1
    outer loop
      vertex 0.774401 20.7895 0
      vertex 10.207 13.9368 0
      vertex 0.773783 20.7894 0
    endloop
  endfacet
  facet normal 0 0 -1
    outer loop
      vertex -10.207 -13.9368 0
      vertex 1.5945 -24.3274 0
      vertex 0 -24.3796 0
    endloop
  endfacet
  facet normal 0 0 -1
    outer loop
      vertex 9.32968 -22.5238 0
      vertex -10.5029 -12.6677 0
      vertex -10.611 -12.4293 0
    endloop
  endfacet
  facet normal 0 -0 -1
    outer loop
      vertex 0.19569 20.694 0
      vertex 10.3347 13.1632 0
      vertex 0.000634794 20.6876 0
    endloop
  endfacet
  facet normal 0 -0 -1
    outer loop
      vertex 0.773783 20.7894 0
      vertex 10.207 13.9368 0
      vertex 0.583722 20.7451 0
    endloop
  endfacet
  facet normal 0 0 -1
    outer loop
      vertex 10.2327 13.6763 0
      vertex 0.583722 20.7451 0
      vertex 10.207 13.9368 0
    endloop
  endfacet
  facet normal 0 0 -1
    outer loop
      vertex 10.3347 13.1632 0
      vertex 0.19569 20.694 0
      vertex 10.2753 13.4181 0
    endloop
  endfacet
  facet normal 0 -0 -1
    outer loop
      vertex 0.583722 20.7451 0
      vertex 10.2327 13.6763 0
      vertex 0.391168 20.7133 0
    endloop
  endfacet
  facet normal 0 -0 -1
    outer loop
      vertex 0.391168 20.7133 0
      vertex 10.2327 13.6763 0
      vertex 0.390541 20.7132 0
    endloop
  endfacet
  facet normal 0 -0 -1
    outer loop
      vertex 0.389909 20.7131 0
      vertex 10.2753 13.4181 0
      vertex 0.19569 20.694 0
    endloop
  endfacet
  facet normal 0 0 -1
    outer loop
      vertex 10.2753 13.4181 0
      vertex 0.390541 20.7132 0
      vertex 10.2327 13.6763 0
    endloop
  endfacet
  facet normal 0 -0 -1
    outer loop
      vertex 0.390541 20.7132 0
      vertex 10.2753 13.4181 0
      vertex 0.389909 20.7131 0
    endloop
  endfacet
  facet normal 0 -0 -1
    outer loop
      vertex -10.3347 13.1632 0
      vertex 0 20.6876 0
      vertex -10.4107 12.9127 0
    endloop
  endfacet
  facet normal 0 -0 -1
    outer loop
      vertex -10.2753 13.4181 0
      vertex -0.19569 20.694 0
      vertex -10.3347 13.1632 0
    endloop
  endfacet
  facet normal -0 0 -1
    outer loop
      vertex -0.19569 20.694 0
      vertex -10.2753 13.4181 0
      vertex -0.389909 20.7131 0
    endloop
  endfacet
  facet normal -0 0 -1
    outer loop
      vertex -0.389909 20.7131 0
      vertex -10.2753 13.4181 0
      vertex -0.390541 20.7132 0
    endloop
  endfacet
  facet normal 0 -0 -1
    outer loop
      vertex -10.2327 13.6763 0
      vertex -0.390541 20.7132 0
      vertex -10.2753 13.4181 0
    endloop
  endfacet
  facet normal -0 0 -1
    outer loop
      vertex -0.390541 20.7132 0
      vertex -10.2327 13.6763 0
      vertex -0.391168 20.7133 0
    endloop
  endfacet
  facet normal -0 0 -1
    outer loop
      vertex -0.391168 20.7133 0
      vertex -10.2327 13.6763 0
      vertex -0.583722 20.7451 0
    endloop
  endfacet
  facet normal 0 -0 -1
    outer loop
      vertex -10.207 13.9368 0
      vertex -0.583722 20.7451 0
      vertex -10.2327 13.6763 0
    endloop
  endfacet
  facet normal 0 0 -1
    outer loop
      vertex -10.1984 -14.1984 0
      vertex 0 -24.3796 0
      vertex -1.5945 -24.3274 0
    endloop
  endfacet
  facet normal -0 0 -1
    outer loop
      vertex -0.583722 20.7451 0
      vertex -10.207 13.9368 0
      vertex -0.773783 20.7894 0
    endloop
  endfacet
  facet normal -0 0 -1
    outer loop
      vertex -0.773783 20.7894 0
      vertex -10.207 13.9368 0
      vertex -0.774401 20.7895 0
    endloop
  endfacet
  facet normal -0 0 -1
    outer loop
      vertex -0.774401 20.7895 0
      vertex -10.207 13.9368 0
      vertex -0.775009 20.7897 0
    endloop
  endfacet
  facet normal -0 0 -1
    outer loop
      vertex -0.775009 20.7897 0
      vertex -10.207 13.9368 0
      vertex -0.961766 20.8464 0
    endloop
  endfacet
  facet normal 0 -0 -1
    outer loop
      vertex -10.1984 14.1984 0
      vertex -0.961766 20.8464 0
      vertex -10.207 13.9368 0
    endloop
  endfacet
  facet normal -0 0 -1
    outer loop
      vertex -0.961766 20.8464 0
      vertex -10.1984 14.1984 0
      vertex -0.96236 20.8466 0
    endloop
  endfacet
  facet normal -0 0 -1
    outer loop
      vertex -0.96236 20.8466 0
      vertex -10.1984 14.1984 0
      vertex -1.14501 20.9153 0
    endloop
  endfacet
  facet normal 0 0 -1
    outer loop
      vertex -10.207 14.4601 0
      vertex -1.14501 20.9153 0
      vertex -10.1984 14.1984 0
    endloop
  endfacet
  facet normal -0 0 -1
    outer loop
      vertex -1.14501 20.9153 0
      vertex -10.207 14.4601 0
      vertex -1.32277 20.9959 0
    endloop
  endfacet
  facet normal -0 0 -1
    outer loop
      vertex -1.32335 20.9961 0
      vertex -10.2327 14.7206 0
      vertex -1.32391 20.9964 0
    endloop
  endfacet
  facet normal -0 0 -1
    outer loop
      vertex -1.32391 20.9964 0
      vertex -10.2327 14.7206 0
      vertex -1.49603 21.0884 0
    endloop
  endfacet
  facet normal 0 0 -1
    outer loop
      vertex -10.2753 14.9788 0
      vertex -1.49603 21.0884 0
      vertex -10.2327 14.7206 0
    endloop
  endfacet
  facet normal -0 0 -1
    outer loop
      vertex -1.49603 21.0884 0
      vertex -10.2753 14.9788 0
      vertex -1.49657 21.0888 0
    endloop
  endfacet
  facet normal -0 0 -1
    outer loop
      vertex -1.49657 21.0888 0
      vertex -10.2753 14.9788 0
      vertex -1.6623 21.1918 0
    endloop
  endfacet
  facet normal 0 0 -1
    outer loop
      vertex -10.3347 15.2337 0
      vertex -1.6623 21.1918 0
      vertex -10.2753 14.9788 0
    endloop
  endfacet
  facet normal -0 0 -1
    outer loop
      vertex -1.6623 21.1918 0
      vertex -10.3347 15.2337 0
      vertex -1.82093 21.3055 0
    endloop
  endfacet
  facet normal -0 0 -1
    outer loop
      vertex -1.82093 21.3055 0
      vertex -10.3347 15.2337 0
      vertex -1.82145 21.3059 0
    endloop
  endfacet
  facet normal 0 0 -1
    outer loop
      vertex -10.4107 15.4842 0
      vertex -1.82145 21.3059 0
      vertex -10.3347 15.2337 0
    endloop
  endfacet
  facet normal -0 0 -1
    outer loop
      vertex -1.82145 21.3059 0
      vertex -10.4107 15.4842 0
      vertex -1.97231 21.4297 0
    endloop
  endfacet
  facet normal -0 0 -1
    outer loop
      vertex -1.97231 21.4297 0
      vertex -10.4107 15.4842 0
      vertex -1.9728 21.4301 0
    endloop
  endfacet
  facet normal 0 0 -1
    outer loop
      vertex -10.5029 15.7292 0
      vertex -1.9728 21.4301 0
      vertex -10.4107 15.4842 0
    endloop
  endfacet
  facet normal 0 0 -1
    outer loop
      vertex -10.611 15.9676 0
      vertex -2.1157 21.5639 0
      vertex -10.5029 15.7292 0
    endloop
  endfacet
  facet normal -0 0 -1
    outer loop
      vertex -2.1157 21.5639 0
      vertex -10.611 15.9676 0
      vertex -2.24911 21.7064 0
    endloop
  endfacet
  facet normal -0 0 -1
    outer loop
      vertex -2.24911 21.7064 0
      vertex -10.611 15.9676 0
      vertex -2.24955 21.7068 0
    endloop
  endfacet
  facet normal 0 -0 -1
    outer loop
      vertex -7.83658 23.0858 0
      vertex -2.24955 21.7068 0
      vertex -10.611 15.9676 0
    endloop
  endfacet
  facet normal 0 0 -1
    outer loop
      vertex -2.24995 21.7073 0
      vertex -7.83658 23.0858 0
      vertex -2.37376 21.8582 0
    endloop
  endfacet
  facet normal 0 -0 -1
    outer loop
      vertex -6.30991 23.5489 0
      vertex -2.37376 21.8582 0
      vertex -7.83658 23.0858 0
    endloop
  endfacet
  facet normal 0 0 -1
    outer loop
      vertex -2.37376 21.8582 0
      vertex -6.30991 23.5489 0
      vertex -2.37413 21.8587 0
    endloop
  endfacet
  facet normal 0 0 -1
    outer loop
      vertex -2.37413 21.8587 0
      vertex -6.30991 23.5489 0
      vertex -2.48781 22.0173 0
    endloop
  endfacet
  facet normal 0 0 -1
    outer loop
      vertex -2.48781 22.0173 0
      vertex -6.30991 23.5489 0
      vertex -2.59086 22.1831 0
    endloop
  endfacet
  facet normal 0 0 -1
    outer loop
      vertex -2.59086 22.1831 0
      vertex -6.30991 23.5489 0
      vertex -2.5912 22.1836 0
    endloop
  endfacet
  facet normal 0 0 -1
    outer loop
      vertex -10.2327 -14.7206 0
      vertex -1.5945 -24.3274 0
      vertex -3.18218 -24.1711 0
    endloop
  endfacet
  facet normal 0 0 -1
    outer loop
      vertex -3.18218 24.1711 0
      vertex -2.96636 24.0708 0
      vertex -2.96646 24.0702 0
    endloop
  endfacet
  facet normal 0 0 -1
    outer loop
      vertex -3.18218 24.1711 0
      vertex -2.96652 24.0695 0
      vertex -2.98565 23.8753 0
    endloop
  endfacet
  facet normal 0 0 -1
    outer loop
      vertex -2.96636 24.0708 0
      vertex -3.18218 24.1711 0
      vertex -2.94596 24.1943 0
    endloop
  endfacet
  facet normal 0 0 -1
    outer loop
      vertex -2.96652 24.0695 0
      vertex -3.18218 24.1711 0
      vertex -2.96646 24.0702 0
    endloop
  endfacet
  facet normal 0 0 -1
    outer loop
      vertex -2.99204 23.6803 0
      vertex -3.18218 24.1711 0
      vertex -2.98565 23.8753 0
    endloop
  endfacet
  facet normal 0 0 -1
    outer loop
      vertex -2.99206 23.6796 0
      vertex -3.18218 24.1711 0
      vertex -2.99204 23.6803 0
    endloop
  endfacet
  facet normal 0 0 -1
    outer loop
      vertex -2.24955 21.7068 0
      vertex -7.83658 23.0858 0
      vertex -2.24995 21.7073 0
    endloop
  endfacet
  facet normal 0 0 -1
    outer loop
      vertex -10.2753 -14.9788 0
      vertex -3.18218 -24.1711 0
      vertex -4.75623 -23.9112 0
    endloop
  endfacet
  facet normal 0 0 -1
    outer loop
      vertex 9.32968 -22.5238 0
      vertex -10.4107 -12.9127 0
      vertex -10.5029 -12.6677 0
    endloop
  endfacet
  facet normal 0 0 -1
    outer loop
      vertex -10.3347 -15.2337 0
      vertex -4.75623 -23.9112 0
      vertex -6.30991 -23.5489 0
    endloop
  endfacet
  facet normal 0 0 -1
    outer loop
      vertex 9.32968 -22.5238 0
      vertex -10.3347 -13.1632 0
      vertex -10.4107 -12.9127 0
    endloop
  endfacet
  facet normal 0 0 -1
    outer loop
      vertex -10.5029 -15.7292 0
      vertex -6.30991 -23.5489 0
      vertex -7.83658 -23.0858 0
    endloop
  endfacet
  facet normal 0 0 -1
    outer loop
      vertex 6.30991 -23.5489 0
      vertex -10.2753 -13.4181 0
      vertex -10.3347 -13.1632 0
    endloop
  endfacet
  facet normal 0 0 -1
    outer loop
      vertex -10.7343 -16.1984 0
      vertex -7.83658 -23.0858 0
      vertex -9.32968 -22.5238 0
    endloop
  endfacet
  facet normal 0 0 -1
    outer loop
      vertex 3.18218 -24.1711 0
      vertex -10.207 -13.9368 0
      vertex -10.2327 -13.6763 0
    endloop
  endfacet
  facet normal 0 0 -1
    outer loop
      vertex 0 -24.3796 0
      vertex -10.1984 -14.1984 0
      vertex -10.207 -13.9368 0
    endloop
  endfacet
  facet normal 0 0 -1
    outer loop
      vertex -1.5945 -24.3274 0
      vertex -10.207 -14.4601 0
      vertex -10.1984 -14.1984 0
    endloop
  endfacet
  facet normal 0 0 -1
    outer loop
      vertex -1.5945 -24.3274 0
      vertex -10.2327 -14.7206 0
      vertex -10.207 -14.4601 0
    endloop
  endfacet
  facet normal 0 0 -1
    outer loop
      vertex -3.18218 -24.1711 0
      vertex -10.2753 -14.9788 0
      vertex -10.2327 -14.7206 0
    endloop
  endfacet
  facet normal 0 0 -1
    outer loop
      vertex -4.75623 -23.9112 0
      vertex -10.3347 -15.2337 0
      vertex -10.2753 -14.9788 0
    endloop
  endfacet
  facet normal 0 0 -1
    outer loop
      vertex -6.30991 -23.5489 0
      vertex -10.4107 -15.4842 0
      vertex -10.3347 -15.2337 0
    endloop
  endfacet
  facet normal 0 0 -1
    outer loop
      vertex -6.30991 -23.5489 0
      vertex -10.5029 -15.7292 0
      vertex -10.4107 -15.4842 0
    endloop
  endfacet
  facet normal 0 0 -1
    outer loop
      vertex -7.83658 -23.0858 0
      vertex -10.611 -15.9676 0
      vertex -10.5029 -15.7292 0
    endloop
  endfacet
  facet normal 0 0 -1
    outer loop
      vertex -7.83658 -23.0858 0
      vertex -10.7343 -16.1984 0
      vertex -10.611 -15.9676 0
    endloop
  endfacet
  facet normal 0 0 -1
    outer loop
      vertex -11.1911 -16.8358 0
      vertex -9.32968 -22.5238 0
      vertex -10.7828 -21.8654 0
    endloop
  endfacet
  facet normal 0 0 -1
    outer loop
      vertex -9.32968 -22.5238 0
      vertex -10.8726 -16.4207 0
      vertex -10.7343 -16.1984 0
    endloop
  endfacet
  facet normal 0 0 -1
    outer loop
      vertex -9.32968 -22.5238 0
      vertex -11.025 -16.6335 0
      vertex -10.8726 -16.4207 0
    endloop
  endfacet
  facet normal 0 0 -1
    outer loop
      vertex -9.32968 -22.5238 0
      vertex -11.1911 -16.8358 0
      vertex -11.025 -16.6335 0
    endloop
  endfacet
  facet normal 0 0 -1
    outer loop
      vertex -10.7828 -21.8654 0
      vertex -11.37 -17.0269 0
      vertex -11.1911 -16.8358 0
    endloop
  endfacet
  facet normal 0 0 -1
    outer loop
      vertex -10.7828 -21.8654 0
      vertex -11.5611 -17.2058 0
      vertex -11.37 -17.0269 0
    endloop
  endfacet
  facet normal 0 0 -1
    outer loop
      vertex -10.7828 -21.8654 0
      vertex -11.7634 -17.3719 0
      vertex -11.5611 -17.2058 0
    endloop
  endfacet
  facet normal 0 0 -1
    outer loop
      vertex -12.1898 -21.1134 0
      vertex -11.7634 -17.3719 0
      vertex -10.7828 -21.8654 0
    endloop
  endfacet
  facet normal 0 0 -1
    outer loop
      vertex -11.7634 -17.3719 0
      vertex -12.1898 -21.1134 0
      vertex -11.9762 -17.5243 0
    endloop
  endfacet
  facet normal 0 0 -1
    outer loop
      vertex -12.1898 -21.1134 0
      vertex -12.1984 -17.6625 0
      vertex -11.9762 -17.5243 0
    endloop
  endfacet
  facet normal 0 0 -1
    outer loop
      vertex -12.1898 -21.1134 0
      vertex -12.4293 -17.7859 0
      vertex -12.1984 -17.6625 0
    endloop
  endfacet
  facet normal 0 0 -1
    outer loop
      vertex -12.1898 -21.1134 0
      vertex -12.6677 -17.894 0
      vertex -12.4293 -17.7859 0
    endloop
  endfacet
  facet normal 0 0 -1
    outer loop
      vertex -13.5446 -20.2709 0
      vertex -12.6677 -17.894 0
      vertex -12.1898 -21.1134 0
    endloop
  endfacet
  facet normal 0 0 -1
    outer loop
      vertex -12.6677 -17.894 0
      vertex -13.5446 -20.2709 0
      vertex -12.9127 -17.9862 0
    endloop
  endfacet
  facet normal 0 0 -1
    outer loop
      vertex -12.9127 -17.9862 0
      vertex -13.5446 -20.2709 0
      vertex -13.1632 -18.0621 0
    endloop
  endfacet
  facet normal 0 0 -1
    outer loop
      vertex -13.1632 -18.0621 0
      vertex -13.5446 -20.2709 0
      vertex -13.4181 -18.1216 0
    endloop
  endfacet
  facet normal 0 0 -1
    outer loop
      vertex -13.5446 -20.2709 0
      vertex -13.6763 -18.1642 0
      vertex -13.4181 -18.1216 0
    endloop
  endfacet
  facet normal 0 0 -1
    outer loop
      vertex -13.5446 -20.2709 0
      vertex -13.9368 -18.1899 0
      vertex -13.6763 -18.1642 0
    endloop
  endfacet
  facet normal 0 0 -1
    outer loop
      vertex -14.8414 -19.3417 0
      vertex -13.9368 -18.1899 0
      vertex -13.5446 -20.2709 0
    endloop
  endfacet
  facet normal 0 0 -1
    outer loop
      vertex -13.9368 -18.1899 0
      vertex -14.8414 -19.3417 0
      vertex -14.1984 -18.1984 0
    endloop
  endfacet
  facet normal -0 0 -1
    outer loop
      vertex -14.1984 -18.1984 0
      vertex -14.8414 -19.3417 0
      vertex -14.4601 -18.1899 0
    endloop
  endfacet
  facet normal -0 0 -1
    outer loop
      vertex -14.4601 -18.1899 0
      vertex -14.8414 -19.3417 0
      vertex -14.7206 -18.1642 0
    endloop
  endfacet
  facet normal 0 0 -1
    outer loop
      vertex -14.8414 -19.3417 0
      vertex -14.9788 -18.1216 0
      vertex -14.7206 -18.1642 0
    endloop
  endfacet
  facet normal 0 0 -1
    outer loop
      vertex -14.8414 -19.3417 0
      vertex -15.2337 -18.0621 0
      vertex -14.9788 -18.1216 0
    endloop
  endfacet
  facet normal 0 0 -1
    outer loop
      vertex -16.0746 -18.3296 0
      vertex -15.2337 -18.0621 0
      vertex -14.8414 -19.3417 0
    endloop
  endfacet
  facet normal -0 0 -1
    outer loop
      vertex -15.2337 -18.0621 0
      vertex -16.0746 -18.3296 0
      vertex -15.4842 -17.9862 0
    endloop
  endfacet
  facet normal -0 0 -1
    outer loop
      vertex -15.4842 -17.9862 0
      vertex -16.0746 -18.3296 0
      vertex -15.7292 -17.894 0
    endloop
  endfacet
  facet normal -0 0 -1
    outer loop
      vertex -15.7292 -17.894 0
      vertex -16.0746 -18.3296 0
      vertex -15.9676 -17.7859 0
    endloop
  endfacet
  facet normal 0 0 -1
    outer loop
      vertex -16.0746 -18.3296 0
      vertex -16.1984 -17.6625 0
      vertex -15.9676 -17.7859 0
    endloop
  endfacet
  facet normal 0 0 -1
    outer loop
      vertex -16.0746 -18.3296 0
      vertex -16.4207 -17.5243 0
      vertex -16.1984 -17.6625 0
    endloop
  endfacet
  facet normal 0 0 -1
    outer loop
      vertex -16.0746 -18.3296 0
      vertex -16.6335 -17.3719 0
      vertex -16.4207 -17.5243 0
    endloop
  endfacet
  facet normal 0 0 -1
    outer loop
      vertex -17.239 -17.239 0
      vertex -16.6335 -17.3719 0
      vertex -16.0746 -18.3296 0
    endloop
  endfacet
  facet normal 0 0 -1
    outer loop
      vertex -16.6335 -17.3719 0
      vertex -17.239 -17.239 0
      vertex -16.8358 -17.2058 0
    endloop
  endfacet
  facet normal -0 0 -1
    outer loop
      vertex -16.8358 -17.2058 0
      vertex -17.239 -17.239 0
      vertex -17.0269 -17.0269 0
    endloop
  endfacet
  facet normal -0 0 -1
    outer loop
      vertex -17.0269 -17.0269 0
      vertex -17.239 -17.239 0
      vertex -17.2058 -16.8358 0
    endloop
  endfacet
  facet normal 0 0 -1
    outer loop
      vertex -17.239 -17.239 0
      vertex -17.3719 -16.6335 0
      vertex -17.2058 -16.8358 0
    endloop
  endfacet
  facet normal 0 0 -1
    outer loop
      vertex -17.239 -17.239 0
      vertex -17.5243 -16.4207 0
      vertex -17.3719 -16.6335 0
    endloop
  endfacet
  facet normal 0 0 -1
    outer loop
      vertex -18.3296 -16.0746 0
      vertex -17.5243 -16.4207 0
      vertex -17.239 -17.239 0
    endloop
  endfacet
  facet normal 0 0 -1
    outer loop
      vertex -17.5243 -16.4207 0
      vertex -18.3296 -16.0746 0
      vertex -17.6625 -16.1984 0
    endloop
  endfacet
  facet normal 0 0 -1
    outer loop
      vertex -17.6625 -16.1984 0
      vertex -18.3296 -16.0746 0
      vertex -17.7859 -15.9676 0
    endloop
  endfacet
  facet normal 0 0 -1
    outer loop
      vertex -18.5344 -14.0894 0
      vertex -18.1984 -14.1984 0
      vertex -18.1899 -14.4601 0
    endloop
  endfacet
  facet normal 0 0 -1
    outer loop
      vertex -18.8449 -14.3276 0
      vertex -18.1899 -14.4601 0
      vertex -18.1642 -14.7206 0
    endloop
  endfacet
  facet normal 0 0 -1
    outer loop
      vertex -18.1984 -14.1984 0
      vertex -18.2576 -13.8126 0
      vertex -18.2572 -13.8121 0
    endloop
  endfacet
  facet normal -0 0 -1
    outer loop
      vertex -17.7859 -15.9676 0
      vertex -18.3296 -16.0746 0
      vertex -17.894 -15.7292 0
    endloop
  endfacet
  facet normal 0 0 -1
    outer loop
      vertex -18.3296 -16.0746 0
      vertex -17.9862 -15.4842 0
      vertex -17.894 -15.7292 0
    endloop
  endfacet
  facet normal 0 0 -1
    outer loop
      vertex -18.3296 -16.0746 0
      vertex -18.0621 -15.2337 0
      vertex -17.9862 -15.4842 0
    endloop
  endfacet
  facet normal 0 0 -1
    outer loop
      vertex -19.3417 -14.8414 0
      vertex -18.0621 -15.2337 0
      vertex -18.3296 -16.0746 0
    endloop
  endfacet
  facet normal 0 0 -1
    outer loop
      vertex -18.0621 -15.2337 0
      vertex -19.3417 -14.8414 0
      vertex -18.1216 -14.9788 0
    endloop
  endfacet
  facet normal 0 -0 -1
    outer loop
      vertex -19.0117 -14.4313 0
      vertex -18.1216 -14.9788 0
      vertex -19.3417 -14.8414 0
    endloop
  endfacet
  facet normal 0 0 -1
    outer loop
      vertex -18.1984 -14.1984 0
      vertex -18.391 -13.9551 0
      vertex -18.2576 -13.8126 0
    endloop
  endfacet
  facet normal 0 0 -1
    outer loop
      vertex -18.1984 -14.1984 0
      vertex -18.3915 -13.9555 0
      vertex -18.391 -13.9551 0
    endloop
  endfacet
  facet normal 0 0 -1
    outer loop
      vertex -18.1984 -14.1984 0
      vertex -18.3919 -13.956 0
      vertex -18.3915 -13.9555 0
    endloop
  endfacet
  facet normal 0 0 -1
    outer loop
      vertex -18.1984 -14.1984 0
      vertex -18.5344 -14.0894 0
      vertex -18.3919 -13.956 0
    endloop
  endfacet
  facet normal 0 0 -1
    outer loop
      vertex -18.1899 -14.4601 0
      vertex -18.6852 -14.2132 0
      vertex -18.5344 -14.0894 0
    endloop
  endfacet
  facet normal 0 0 -1
    outer loop
      vertex -18.1899 -14.4601 0
      vertex -18.6857 -14.2136 0
      vertex -18.6852 -14.2132 0
    endloop
  endfacet
  facet normal 0 0 -1
    outer loop
      vertex -18.1899 -14.4601 0
      vertex -18.6862 -14.2139 0
      vertex -18.6857 -14.2136 0
    endloop
  endfacet
  facet normal 0 0 -1
    outer loop
      vertex -18.1899 -14.4601 0
      vertex -18.8449 -14.3276 0
      vertex -18.6862 -14.2139 0
    endloop
  endfacet
  facet normal 0 0 -1
    outer loop
      vertex -18.1642 -14.7206 0
      vertex -19.0106 -14.4307 0
      vertex -18.8449 -14.3276 0
    endloop
  endfacet
  facet normal 0 -0 -1
    outer loop
      vertex -19.0111 -14.431 0
      vertex -18.1216 -14.9788 0
      vertex -19.0117 -14.4313 0
    endloop
  endfacet
  facet normal 0 0 -1
    outer loop
      vertex -18.1642 -14.7206 0
      vertex -19.0111 -14.431 0
      vertex -19.0106 -14.4307 0
    endloop
  endfacet
  facet normal 0 0 -1
    outer loop
      vertex -18.1216 -14.9788 0
      vertex -19.0111 -14.431 0
      vertex -18.1642 -14.7206 0
    endloop
  endfacet
  facet normal 0 0 -1
    outer loop
      vertex -19.0117 -14.4313 0
      vertex -19.3417 -14.8414 0
      vertex -19.1838 -14.5233 0
    endloop
  endfacet
  facet normal 0 0 -1
    outer loop
      vertex -19.3417 -14.8414 0
      vertex -19.3616 -14.6039 0
      vertex -19.1838 -14.5233 0
    endloop
  endfacet
  facet normal 0 0 -1
    outer loop
      vertex -19.3417 -14.8414 0
      vertex -19.3622 -14.6041 0
      vertex -19.3616 -14.6039 0
    endloop
  endfacet
  facet normal 0 0 -1
    outer loop
      vertex -19.3417 -14.8414 0
      vertex -19.3627 -14.6043 0
      vertex -19.3622 -14.6041 0
    endloop
  endfacet
  facet normal 0 -0 -1
    outer loop
      vertex -19.3627 -14.6043 0
      vertex -19.3417 -14.8414 0
      vertex -19.4799 -14.6484 0
    endloop
  endfacet
  facet normal 0 0 -1
    outer loop
      vertex -2.96646 23.2891 0
      vertex -4.75623 23.9112 0
      vertex -2.96652 23.2897 0
    endloop
  endfacet
  facet normal 0 0 -1
    outer loop
      vertex -2.99204 23.679 0
      vertex -3.18218 24.1711 0
      vertex -2.99206 23.6796 0
    endloop
  endfacet
  facet normal 0 0 -1
    outer loop
      vertex -2.5912 22.1836 0
      vertex -6.30991 23.5489 0
      vertex -2.6832 22.3557 0
    endloop
  endfacet
  facet normal 0 0 -1
    outer loop
      vertex -2.93457 23.0959 0
      vertex -4.75623 23.9112 0
      vertex -2.96636 23.2885 0
    endloop
  endfacet
  facet normal 0 0 -1
    outer loop
      vertex -2.89011 22.9052 0
      vertex -4.75623 23.9112 0
      vertex -2.89025 22.9059 0
    endloop
  endfacet
  facet normal 0 0 -1
    outer loop
      vertex -2.89025 22.9059 0
      vertex -4.75623 23.9112 0
      vertex -2.93457 23.0959 0
    endloop
  endfacet
  facet normal 0 0 -1
    outer loop
      vertex -2.83305 22.7173 0
      vertex -4.75623 23.9112 0
      vertex -2.83327 22.7179 0
    endloop
  endfacet
  facet normal 0 0 -1
    outer loop
      vertex -2.83327 22.7179 0
      vertex -4.75623 23.9112 0
      vertex -2.88992 22.9046 0
    endloop
  endfacet
  facet normal 0 0 -1
    outer loop
      vertex -2.68376 22.3569 0
      vertex -6.30991 23.5489 0
      vertex -2.7643 22.5346 0
    endloop
  endfacet
  facet normal 0 0 -1
    outer loop
      vertex -2.7643 22.5346 0
      vertex -4.75623 23.9112 0
      vertex -2.83305 22.7173 0
    endloop
  endfacet
  facet normal 0 0 -1
    outer loop
      vertex -2.6832 22.3557 0
      vertex -6.30991 23.5489 0
      vertex -2.6835 22.3563 0
    endloop
  endfacet
  facet normal 0 0 -1
    outer loop
      vertex -2.6835 22.3563 0
      vertex -6.30991 23.5489 0
      vertex -2.68376 22.3569 0
    endloop
  endfacet
  facet normal -0 0 -1
    outer loop
      vertex -1.9728 21.4301 0
      vertex -10.5029 15.7292 0
      vertex -1.97326 21.4305 0
    endloop
  endfacet
  facet normal -0 0 -1
    outer loop
      vertex -1.97326 21.4305 0
      vertex -10.5029 15.7292 0
      vertex -2.1157 21.5639 0
    endloop
  endfacet
  facet normal -0 0 -1
    outer loop
      vertex -1.32277 20.9959 0
      vertex -10.207 14.4601 0
      vertex -1.32335 20.9961 0
    endloop
  endfacet
  facet normal 0 0 -1
    outer loop
      vertex -10.2327 14.7206 0
      vertex -1.32335 20.9961 0
      vertex -10.207 14.4601 0
    endloop
  endfacet
  facet normal -0 0 -1
    outer loop
      vertex 0 20.6876 0
      vertex -10.3347 13.1632 0
      vertex -0.000634794 20.6876 0
    endloop
  endfacet
  facet normal -0 0 -1
    outer loop
      vertex -0.000634794 20.6876 0
      vertex -10.3347 13.1632 0
      vertex -0.19569 20.694 0
    endloop
  endfacet
  facet normal 0 -0 -1
    outer loop
      vertex -10.5029 12.6677 0
      vertex 10.5029 12.6677 0
      vertex -10.611 12.4293 0
    endloop
  endfacet
  facet normal 0 0 -1
    outer loop
      vertex 10.4107 12.9127 0
      vertex -10.4107 12.9127 0
      vertex 10.3347 13.1632 0
    endloop
  endfacet
  facet normal 0 0 -1
    outer loop
      vertex 10.5029 12.6677 0
      vertex -10.5029 12.6677 0
      vertex 10.4107 12.9127 0
    endloop
  endfacet
  facet normal 0 -0 -1
    outer loop
      vertex -10.4107 12.9127 0
      vertex 10.4107 12.9127 0
      vertex -10.5029 12.6677 0
    endloop
  endfacet
  facet normal 0 0 -1
    outer loop
      vertex 10.7343 12.1984 0
      vertex -10.7343 12.1984 0
      vertex 10.611 12.4293 0
    endloop
  endfacet
  facet normal 0 -0 -1
    outer loop
      vertex -10.611 12.4293 0
      vertex 10.611 12.4293 0
      vertex -10.7343 12.1984 0
    endloop
  endfacet
  facet normal 0 0 -1
    outer loop
      vertex -11.5611 -11.1911 0
      vertex -11.37 11.37 0
      vertex -11.37 -11.37 0
    endloop
  endfacet
  facet normal 0 0 -1
    outer loop
      vertex -11.5611 -11.1911 0
      vertex -11.5611 11.1911 0
      vertex -11.37 11.37 0
    endloop
  endfacet
  facet normal 0 0 -1
    outer loop
      vertex -11.7634 -11.025 0
      vertex -11.5611 11.1911 0
      vertex -11.5611 -11.1911 0
    endloop
  endfacet
  facet normal 0 0 -1
    outer loop
      vertex -11.7634 -11.025 0
      vertex -11.7634 11.025 0
      vertex -11.5611 11.1911 0
    endloop
  endfacet
  facet normal 0 0 -1
    outer loop
      vertex -11.9762 -10.8726 0
      vertex -11.7634 11.025 0
      vertex -11.7634 -11.025 0
    endloop
  endfacet
  facet normal 0 0 -1
    outer loop
      vertex -11.9762 -10.8726 0
      vertex -11.9762 10.8726 0
      vertex -11.7634 11.025 0
    endloop
  endfacet
  facet normal 0 0 -1
    outer loop
      vertex -12.1984 -10.7343 0
      vertex -11.9762 10.8726 0
      vertex -11.9762 -10.8726 0
    endloop
  endfacet
  facet normal 0 0 -1
    outer loop
      vertex -12.1984 -10.7343 0
      vertex -12.1984 10.7343 0
      vertex -11.9762 10.8726 0
    endloop
  endfacet
  facet normal 0 0 -1
    outer loop
      vertex -12.4293 -10.611 0
      vertex -12.1984 10.7343 0
      vertex -12.1984 -10.7343 0
    endloop
  endfacet
  facet normal 0 0 -1
    outer loop
      vertex -12.4293 -10.611 0
      vertex -12.4293 10.611 0
      vertex -12.1984 10.7343 0
    endloop
  endfacet
  facet normal 0 0 -1
    outer loop
      vertex -12.6677 -10.5029 0
      vertex -12.4293 10.611 0
      vertex -12.4293 -10.611 0
    endloop
  endfacet
  facet normal 0 0 -1
    outer loop
      vertex -12.6677 -10.5029 0
      vertex -12.6677 10.5029 0
      vertex -12.4293 10.611 0
    endloop
  endfacet
  facet normal 0 0 -1
    outer loop
      vertex -12.9127 -10.4107 0
      vertex -12.6677 10.5029 0
      vertex -12.6677 -10.5029 0
    endloop
  endfacet
  facet normal 0 0 -1
    outer loop
      vertex -12.9127 -10.4107 0
      vertex -12.9127 10.4107 0
      vertex -12.6677 10.5029 0
    endloop
  endfacet
  facet normal 0 0 -1
    outer loop
      vertex -13.1632 -10.3347 0
      vertex -12.9127 10.4107 0
      vertex -12.9127 -10.4107 0
    endloop
  endfacet
  facet normal 0 0 -1
    outer loop
      vertex -13.1632 -10.3347 0
      vertex -13.1632 10.3347 0
      vertex -12.9127 10.4107 0
    endloop
  endfacet
  facet normal 0 0 -1
    outer loop
      vertex -13.4181 -10.2753 0
      vertex -13.1632 10.3347 0
      vertex -13.1632 -10.3347 0
    endloop
  endfacet
  facet normal 0 0 -1
    outer loop
      vertex -13.4181 -10.2753 0
      vertex -13.4181 10.2753 0
      vertex -13.1632 10.3347 0
    endloop
  endfacet
  facet normal 0 0 -1
    outer loop
      vertex -13.6763 -10.2327 0
      vertex -13.4181 10.2753 0
      vertex -13.4181 -10.2753 0
    endloop
  endfacet
  facet normal 0 0 -1
    outer loop
      vertex -13.6763 -10.2327 0
      vertex -13.6763 10.2327 0
      vertex -13.4181 10.2753 0
    endloop
  endfacet
  facet normal 0 0 -1
    outer loop
      vertex -13.9368 -10.207 0
      vertex -13.6763 10.2327 0
      vertex -13.6763 -10.2327 0
    endloop
  endfacet
  facet normal 0 0 -1
    outer loop
      vertex -13.9368 -10.207 0
      vertex -13.9368 10.207 0
      vertex -13.6763 10.2327 0
    endloop
  endfacet
  facet normal 0 0 -1
    outer loop
      vertex -14.1984 -10.1984 0
      vertex -13.9368 10.207 0
      vertex -13.9368 -10.207 0
    endloop
  endfacet
  facet normal 0 0 -1
    outer loop
      vertex -14.1984 -10.1984 0
      vertex -14.1984 10.1984 0
      vertex -13.9368 10.207 0
    endloop
  endfacet
  facet normal 0 0 -1
    outer loop
      vertex -24.3796 0 0
      vertex -14.1984 -10.1984 0
      vertex -14.4601 -10.207 0
    endloop
  endfacet
  facet normal 0 0 -1
    outer loop
      vertex -14.1984 -10.1984 0
      vertex -24.3796 0 0
      vertex -14.1984 10.1984 0
    endloop
  endfacet
  facet normal 0 0 -1
    outer loop
      vertex -19.0111 -9.24862 0
      vertex -14.4601 -10.207 0
      vertex -14.7206 -10.2327 0
    endloop
  endfacet
  facet normal -0 0 -1
    outer loop
      vertex -14.1984 10.1984 0
      vertex -24.3796 0 0
      vertex -14.4601 10.207 0
    endloop
  endfacet
  facet normal 0 0 -1
    outer loop
      vertex -18.8449 -9.35201 0
      vertex -14.7206 -10.2327 0
      vertex -14.9788 -10.2753 0
    endloop
  endfacet
  facet normal 0 -0 -1
    outer loop
      vertex -24.3274 1.5945 0
      vertex -14.4601 10.207 0
      vertex -24.3796 0 0
    endloop
  endfacet
  facet normal 0 0 -1
    outer loop
      vertex -18.6857 -9.46606 0
      vertex -14.9788 -10.2753 0
      vertex -15.2337 -10.3347 0
    endloop
  endfacet
  facet normal -0 0 -1
    outer loop
      vertex -14.4601 10.207 0
      vertex -24.3274 1.5945 0
      vertex -14.7206 10.2327 0
    endloop
  endfacet
  facet normal 0 0 -1
    outer loop
      vertex -18.5344 -9.59027 0
      vertex -15.2337 -10.3347 0
      vertex -15.4842 -10.4107 0
    endloop
  endfacet
  facet normal 0 -0 -1
    outer loop
      vertex -24.1711 3.18218 0
      vertex -14.7206 10.2327 0
      vertex -24.3274 1.5945 0
    endloop
  endfacet
  facet normal 0 0 -1
    outer loop
      vertex -18.2576 -9.86702 0
      vertex -15.4842 -10.4107 0
      vertex -15.7292 -10.5029 0
    endloop
  endfacet
  facet normal 0 0 -1
    outer loop
      vertex -14.4601 -10.207 0
      vertex -19.0111 -9.24862 0
      vertex -19.0117 -9.24832 0
    endloop
  endfacet
  facet normal 0 0 -1
    outer loop
      vertex -18.1338 -10.0179 0
      vertex -15.7292 -10.5029 0
      vertex -15.9676 -10.611 0
    endloop
  endfacet
  facet normal 0 0 -1
    outer loop
      vertex -14.7206 -10.2327 0
      vertex -18.8449 -9.35201 0
      vertex -18.8454 -9.35168 0
    endloop
  endfacet
  facet normal 0 0 -1
    outer loop
      vertex -18.0194 -10.1775 0
      vertex -15.9676 -10.611 0
      vertex -16.1984 -10.7343 0
    endloop
  endfacet
  facet normal 0 0 -1
    outer loop
      vertex -14.7206 -10.2327 0
      vertex -18.8454 -9.35168 0
      vertex -19.0111 -9.24862 0
    endloop
  endfacet
  facet normal 0 0 -1
    outer loop
      vertex -17.9157 -10.3443 0
      vertex -16.1984 -10.7343 0
      vertex -16.4207 -10.8726 0
    endloop
  endfacet
  facet normal 0 0 -1
    outer loop
      vertex -14.9788 -10.2753 0
      vertex -18.6857 -9.46606 0
      vertex -18.8444 -9.35238 0
    endloop
  endfacet
  facet normal 0 0 -1
    outer loop
      vertex -17.7431 -10.6942 0
      vertex -16.4207 -10.8726 0
      vertex -16.6335 -11.025 0
    endloop
  endfacet
  facet normal 0 0 -1
    outer loop
      vertex -15.2337 -10.3347 0
      vertex -18.5344 -9.59027 0
      vertex -18.5349 -9.58987 0
    endloop
  endfacet
  facet normal 0 0 -1
    outer loop
      vertex -17.6739 -10.8781 0
      vertex -16.6335 -11.025 0
      vertex -16.8358 -11.1911 0
    endloop
  endfacet
  facet normal 0 0 -1
    outer loop
      vertex -15.4842 -10.4107 0
      vertex -18.2576 -9.86702 0
      vertex -18.391 -9.72458 0
    endloop
  endfacet
  facet normal 0 0 -1
    outer loop
      vertex -17.6169 -11.066 0
      vertex -16.8358 -11.1911 0
      vertex -17.0269 -11.37 0
    endloop
  endfacet
  facet normal 0 0 -1
    outer loop
      vertex -15.9676 -10.611 0
      vertex -18.1334 -10.0184 0
      vertex -18.1338 -10.0179 0
    endloop
  endfacet
  facet normal 0 0 -1
    outer loop
      vertex -17.5725 -11.2567 0
      vertex -17.0269 -11.37 0
      vertex -17.2058 -11.5611 0
    endloop
  endfacet
  facet normal 0 0 -1
    outer loop
      vertex -16.1984 -10.7343 0
      vertex -17.9157 -10.3443 0
      vertex -17.916 -10.3438 0
    endloop
  endfacet
  facet normal 0 0 -1
    outer loop
      vertex -17.5216 -11.6435 0
      vertex -17.2058 -11.5611 0
      vertex -17.3719 -11.7634 0
    endloop
  endfacet
  facet normal 0 0 -1
    outer loop
      vertex -16.6335 -11.025 0
      vertex -17.6739 -10.8781 0
      vertex -17.7426 -10.6954 0
    endloop
  endfacet
  facet normal 0 0 -1
    outer loop
      vertex -17.5215 -11.6448 0
      vertex -17.3719 -11.7634 0
      vertex -17.5151 -11.8398 0
    endloop
  endfacet
  facet normal 0 0 -1
    outer loop
      vertex -17.3719 -11.7634 0
      vertex -17.5151 -11.8405 0
      vertex -17.5151 -11.8398 0
    endloop
  endfacet
  facet normal 0 -0 -1
    outer loop
      vertex -17.5151 -11.8405 0
      vertex -17.3719 -11.7634 0
      vertex -17.5193 -11.9692 0
    endloop
  endfacet
  facet normal 0 0 -1
    outer loop
      vertex 4.75623 -23.9112 0
      vertex -10.2327 -13.6763 0
      vertex -10.2753 -13.4181 0
    endloop
  endfacet
  facet normal 0 0 -1
    outer loop
      vertex -2.96652 23.2897 0
      vertex -4.75623 23.9112 0
      vertex -2.98565 23.4839 0
    endloop
  endfacet
  facet normal 0 -0 -1
    outer loop
      vertex -3.18218 24.1711 0
      vertex -2.99204 23.679 0
      vertex -4.75623 23.9112 0
    endloop
  endfacet
  facet normal 0 0 -1
    outer loop
      vertex -2.98565 23.4839 0
      vertex -4.75623 23.9112 0
      vertex -2.99204 23.679 0
    endloop
  endfacet
  facet normal 0 0 -1
    outer loop
      vertex -2.96636 23.2885 0
      vertex -4.75623 23.9112 0
      vertex -2.96646 23.2891 0
    endloop
  endfacet
  facet normal 0 0 -1
    outer loop
      vertex -2.88992 22.9046 0
      vertex -4.75623 23.9112 0
      vertex -2.89011 22.9052 0
    endloop
  endfacet
  facet normal 0 -0 -1
    outer loop
      vertex -4.75623 23.9112 0
      vertex -2.7643 22.5346 0
      vertex -6.30991 23.5489 0
    endloop
  endfacet
  facet normal 0 0 -1
    outer loop
      vertex -10.7343 16.1984 0
      vertex -7.83658 23.0858 0
      vertex -10.611 15.9676 0
    endloop
  endfacet
  facet normal 0 0 -1
    outer loop
      vertex -7.83658 23.0858 0
      vertex -10.7343 16.1984 0
      vertex -9.32968 22.5238 0
    endloop
  endfacet
  facet normal 0 0 -1
    outer loop
      vertex -10.8726 16.4207 0
      vertex -9.32968 22.5238 0
      vertex -10.7343 16.1984 0
    endloop
  endfacet
  facet normal 0 0 -1
    outer loop
      vertex -11.025 16.6335 0
      vertex -9.32968 22.5238 0
      vertex -10.8726 16.4207 0
    endloop
  endfacet
  facet normal 0 0 -1
    outer loop
      vertex -11.1911 16.8358 0
      vertex -9.32968 22.5238 0
      vertex -11.025 16.6335 0
    endloop
  endfacet
  facet normal 0 0 -1
    outer loop
      vertex -9.32968 22.5238 0
      vertex -11.1911 16.8358 0
      vertex -10.7828 21.8654 0
    endloop
  endfacet
  facet normal 0 0 -1
    outer loop
      vertex -11.37 17.0269 0
      vertex -10.7828 21.8654 0
      vertex -11.1911 16.8358 0
    endloop
  endfacet
  facet normal 0 0 -1
    outer loop
      vertex -11.5611 17.2058 0
      vertex -10.7828 21.8654 0
      vertex -11.37 17.0269 0
    endloop
  endfacet
  facet normal 0 0 -1
    outer loop
      vertex -11.7634 17.3719 0
      vertex -10.7828 21.8654 0
      vertex -11.5611 17.2058 0
    endloop
  endfacet
  facet normal 0 0 -1
    outer loop
      vertex -12.1898 21.1134 0
      vertex -11.7634 17.3719 0
      vertex -11.9762 17.5243 0
    endloop
  endfacet
  facet normal 0 0 -1
    outer loop
      vertex -11.7634 17.3719 0
      vertex -12.1898 21.1134 0
      vertex -10.7828 21.8654 0
    endloop
  endfacet
  facet normal 0 0 -1
    outer loop
      vertex -12.1984 17.6625 0
      vertex -12.1898 21.1134 0
      vertex -11.9762 17.5243 0
    endloop
  endfacet
  facet normal 0 0 -1
    outer loop
      vertex -12.4293 17.7859 0
      vertex -12.1898 21.1134 0
      vertex -12.1984 17.6625 0
    endloop
  endfacet
  facet normal 0 0 -1
    outer loop
      vertex -12.6677 17.894 0
      vertex -12.1898 21.1134 0
      vertex -12.4293 17.7859 0
    endloop
  endfacet
  facet normal 0 0 -1
    outer loop
      vertex -13.5446 20.2709 0
      vertex -12.6677 17.894 0
      vertex -12.9127 17.9862 0
    endloop
  endfacet
  facet normal 0 0 -1
    outer loop
      vertex -13.5446 20.2709 0
      vertex -12.9127 17.9862 0
      vertex -13.1632 18.0621 0
    endloop
  endfacet
  facet normal 0 0 -1
    outer loop
      vertex -13.5446 20.2709 0
      vertex -13.1632 18.0621 0
      vertex -13.4181 18.1216 0
    endloop
  endfacet
  facet normal 0 0 -1
    outer loop
      vertex -12.6677 17.894 0
      vertex -13.5446 20.2709 0
      vertex -12.1898 21.1134 0
    endloop
  endfacet
  facet normal 0 0 -1
    outer loop
      vertex -13.6763 18.1642 0
      vertex -13.5446 20.2709 0
      vertex -13.4181 18.1216 0
    endloop
  endfacet
  facet normal 0 0 -1
    outer loop
      vertex -13.9368 18.1899 0
      vertex -13.5446 20.2709 0
      vertex -13.6763 18.1642 0
    endloop
  endfacet
  facet normal 0 0 -1
    outer loop
      vertex -14.8414 19.3417 0
      vertex -13.9368 18.1899 0
      vertex -14.1984 18.1984 0
    endloop
  endfacet
  facet normal 0 0 -1
    outer loop
      vertex -14.8414 19.3417 0
      vertex -14.1984 18.1984 0
      vertex -14.4601 18.1899 0
    endloop
  endfacet
  facet normal 0 0 -1
    outer loop
      vertex -14.8414 19.3417 0
      vertex -14.4601 18.1899 0
      vertex -14.7206 18.1642 0
    endloop
  endfacet
  facet normal 0 0 -1
    outer loop
      vertex -13.9368 18.1899 0
      vertex -14.8414 19.3417 0
      vertex -13.5446 20.2709 0
    endloop
  endfacet
  facet normal 0 0 -1
    outer loop
      vertex -14.9788 18.1216 0
      vertex -14.8414 19.3417 0
      vertex -14.7206 18.1642 0
    endloop
  endfacet
  facet normal 0 0 -1
    outer loop
      vertex -15.2337 18.0621 0
      vertex -14.8414 19.3417 0
      vertex -14.9788 18.1216 0
    endloop
  endfacet
  facet normal 0 0 -1
    outer loop
      vertex -16.0746 18.3296 0
      vertex -15.2337 18.0621 0
      vertex -15.4842 17.9862 0
    endloop
  endfacet
  facet normal 0 0 -1
    outer loop
      vertex -16.0746 18.3296 0
      vertex -15.4842 17.9862 0
      vertex -15.7292 17.894 0
    endloop
  endfacet
  facet normal 0 0 -1
    outer loop
      vertex -16.0746 18.3296 0
      vertex -15.7292 17.894 0
      vertex -15.9676 17.7859 0
    endloop
  endfacet
  facet normal 0 0 -1
    outer loop
      vertex -15.2337 18.0621 0
      vertex -16.0746 18.3296 0
      vertex -14.8414 19.3417 0
    endloop
  endfacet
  facet normal 0 0 -1
    outer loop
      vertex -16.1984 17.6625 0
      vertex -16.0746 18.3296 0
      vertex -15.9676 17.7859 0
    endloop
  endfacet
  facet normal 0 0 -1
    outer loop
      vertex -16.4207 17.5243 0
      vertex -16.0746 18.3296 0
      vertex -16.1984 17.6625 0
    endloop
  endfacet
  facet normal 0 0 -1
    outer loop
      vertex -16.6335 17.3719 0
      vertex -16.0746 18.3296 0
      vertex -16.4207 17.5243 0
    endloop
  endfacet
  facet normal 0 0 -1
    outer loop
      vertex -17.239 17.239 0
      vertex -16.6335 17.3719 0
      vertex -16.8358 17.2058 0
    endloop
  endfacet
  facet normal 0 0 -1
    outer loop
      vertex -17.239 17.239 0
      vertex -16.8358 17.2058 0
      vertex -17.0269 17.0269 0
    endloop
  endfacet
  facet normal 0 0 -1
    outer loop
      vertex -17.239 17.239 0
      vertex -17.0269 17.0269 0
      vertex -17.2058 16.8358 0
    endloop
  endfacet
  facet normal -0 0 -1
    outer loop
      vertex -16.6335 17.3719 0
      vertex -17.239 17.239 0
      vertex -16.0746 18.3296 0
    endloop
  endfacet
  facet normal 0 0 -1
    outer loop
      vertex -17.3719 16.6335 0
      vertex -17.239 17.239 0
      vertex -17.2058 16.8358 0
    endloop
  endfacet
  facet normal 0 0 -1
    outer loop
      vertex -17.5243 16.4207 0
      vertex -17.239 17.239 0
      vertex -17.3719 16.6335 0
    endloop
  endfacet
  facet normal 0 0 -1
    outer loop
      vertex -18.3296 16.0746 0
      vertex -17.5243 16.4207 0
      vertex -17.6625 16.1984 0
    endloop
  endfacet
  facet normal 0 0 -1
    outer loop
      vertex -18.3296 16.0746 0
      vertex -17.6625 16.1984 0
      vertex -17.7859 15.9676 0
    endloop
  endfacet
  facet normal 0 0 -1
    outer loop
      vertex -18.3296 16.0746 0
      vertex -17.7859 15.9676 0
      vertex -17.894 15.7292 0
    endloop
  endfacet
  facet normal -0 0 -1
    outer loop
      vertex -17.5243 16.4207 0
      vertex -18.3296 16.0746 0
      vertex -17.239 17.239 0
    endloop
  endfacet
  facet normal 0 0 -1
    outer loop
      vertex -17.9862 15.4842 0
      vertex -18.3296 16.0746 0
      vertex -17.894 15.7292 0
    endloop
  endfacet
  facet normal 0 0 -1
    outer loop
      vertex -18.0621 15.2337 0
      vertex -18.3296 16.0746 0
      vertex -17.9862 15.4842 0
    endloop
  endfacet
  facet normal 0 0 -1
    outer loop
      vertex -18.1216 14.9788 0
      vertex -18.3296 16.0746 0
      vertex -18.0621 15.2337 0
    endloop
  endfacet
  facet normal 0 0 -1
    outer loop
      vertex -18.1642 14.7206 0
      vertex -18.3296 16.0746 0
      vertex -18.1216 14.9788 0
    endloop
  endfacet
  facet normal 0 0 -1
    outer loop
      vertex -18.1899 14.4601 0
      vertex -18.3296 16.0746 0
      vertex -18.1642 14.7206 0
    endloop
  endfacet
  facet normal 0 0 -1
    outer loop
      vertex -18.1984 14.1984 0
      vertex -18.3296 16.0746 0
      vertex -18.1899 14.4601 0
    endloop
  endfacet
  facet normal 0 0 -1
    outer loop
      vertex -18.1899 13.9368 0
      vertex -18.3296 16.0746 0
      vertex -18.1984 14.1984 0
    endloop
  endfacet
  facet normal -0 0 -1
    outer loop
      vertex -17.0269 11.37 0
      vertex -21.8654 10.7828 0
      vertex -17.2058 11.5611 0
    endloop
  endfacet
  facet normal -0 0 -1
    outer loop
      vertex -17.2058 11.5611 0
      vertex -21.8654 10.7828 0
      vertex -17.3719 11.7634 0
    endloop
  endfacet
  facet normal 0 0 -1
    outer loop
      vertex -17.3719 11.7634 0
      vertex -21.1134 12.1898 0
      vertex -17.5243 11.9762 0
    endloop
  endfacet
  facet normal 0 0 -1
    outer loop
      vertex -17.5243 11.9762 0
      vertex -21.1134 12.1898 0
      vertex -17.6625 12.1984 0
    endloop
  endfacet
  facet normal -0 0 -1
    outer loop
      vertex -17.6625 12.1984 0
      vertex -21.1134 12.1898 0
      vertex -17.7859 12.4293 0
    endloop
  endfacet
  facet normal -0 0 -1
    outer loop
      vertex -17.7859 12.4293 0
      vertex -21.1134 12.1898 0
      vertex -17.894 12.6677 0
    endloop
  endfacet
  facet normal -0 0 -1
    outer loop
      vertex -16.8358 11.1911 0
      vertex -21.8654 10.7828 0
      vertex -17.0269 11.37 0
    endloop
  endfacet
  facet normal 0 -0 -1
    outer loop
      vertex -21.8654 10.7828 0
      vertex -16.8358 11.1911 0
      vertex -22.5238 9.32968 0
    endloop
  endfacet
  facet normal -0 0 -1
    outer loop
      vertex -15.7292 10.5029 0
      vertex -23.0858 7.83658 0
      vertex -15.9676 10.611 0
    endloop
  endfacet
  facet normal 0 -0 -1
    outer loop
      vertex -23.0858 7.83658 0
      vertex -15.7292 10.5029 0
      vertex -23.5489 6.30991 0
    endloop
  endfacet
  facet normal 0 0 -1
    outer loop
      vertex -14.4601 -10.207 0
      vertex -19.0117 -9.24832 0
      vertex -19.1838 -9.15632 0
    endloop
  endfacet
  facet normal 0 0 -1
    outer loop
      vertex -14.4601 -10.207 0
      vertex -19.1838 -9.15632 0
      vertex -24.3274 -1.5945 0
    endloop
  endfacet
  facet normal 0 0 -1
    outer loop
      vertex -18.1899 13.9368 0
      vertex -19.3417 14.8414 0
      vertex -18.3296 16.0746 0
    endloop
  endfacet
  facet normal 0 0 -1
    outer loop
      vertex -24.3274 -1.5945 0
      vertex -19.1838 -9.15632 0
      vertex -19.3616 -9.07578 0
    endloop
  endfacet
  facet normal 0 0 -1
    outer loop
      vertex -24.3274 -1.5945 0
      vertex -19.3616 -9.07578 0
      vertex -19.3622 -9.07552 0
    endloop
  endfacet
  facet normal 0 0 -1
    outer loop
      vertex -24.1711 -3.18218 0
      vertex -19.3622 -9.07552 0
      vertex -19.5448 -9.00677 0
    endloop
  endfacet
  facet normal 0 0 -1
    outer loop
      vertex -24.1711 -3.18218 0
      vertex -19.5448 -9.00677 0
      vertex -19.5454 -9.00655 0
    endloop
  endfacet
  facet normal 0 0 -1
    outer loop
      vertex -24.1711 -3.18218 0
      vertex -19.5454 -9.00655 0
      vertex -19.546 -9.00636 0
    endloop
  endfacet
  facet normal 0 0 -1
    outer loop
      vertex -24.1711 -3.18218 0
      vertex -19.546 -9.00636 0
      vertex -19.7328 -8.94971 0
    endloop
  endfacet
  facet normal 0 0 -1
    outer loop
      vertex -23.9112 -4.75623 0
      vertex -19.7328 -8.94971 0
      vertex -19.9228 -8.9054 0
    endloop
  endfacet
  facet normal 0 0 -1
    outer loop
      vertex -23.9112 -4.75623 0
      vertex -19.9228 -8.9054 0
      vertex -19.9234 -8.90525 0
    endloop
  endfacet
  facet normal 0 0 -1
    outer loop
      vertex -23.9112 -4.75623 0
      vertex -19.9234 -8.90525 0
      vertex -19.9241 -8.90515 0
    endloop
  endfacet
  facet normal 0 0 -1
    outer loop
      vertex -23.9112 -4.75623 0
      vertex -19.9241 -8.90515 0
      vertex -20.1166 -8.87336 0
    endloop
  endfacet
  facet normal 0 0 -1
    outer loop
      vertex -23.5489 -6.30991 0
      vertex -20.1166 -8.87336 0
      vertex -20.1173 -8.8733 0
    endloop
  endfacet
  facet normal -0 0 -1
    outer loop
      vertex -18.1899 13.9368 0
      vertex -20.2709 13.5446 0
      vertex -19.3417 14.8414 0
    endloop
  endfacet
  facet normal 0 0 -1
    outer loop
      vertex -23.5489 -6.30991 0
      vertex -20.1173 -8.8733 0
      vertex -20.3115 -8.85417 0
    endloop
  endfacet
  facet normal 0 0 -1
    outer loop
      vertex -23.5489 -6.30991 0
      vertex -20.3115 -8.85417 0
      vertex -20.5065 -8.84778 0
    endloop
  endfacet
  facet normal 0 0 -1
    outer loop
      vertex -23.5489 -6.30991 0
      vertex -20.5065 -8.84778 0
      vertex -20.5072 -8.84776 0
    endloop
  endfacet
  facet normal 0 0 -1
    outer loop
      vertex -23.5489 -6.30991 0
      vertex -20.5072 -8.84776 0
      vertex -20.7022 -8.85415 0
    endloop
  endfacet
  facet normal 0 0 -1
    outer loop
      vertex -23.5489 -6.30991 0
      vertex -20.7022 -8.85415 0
      vertex -20.7029 -8.85417 0
    endloop
  endfacet
  facet normal 0 0 -1
    outer loop
      vertex -23.5489 -6.30991 0
      vertex -20.7029 -8.85417 0
      vertex -20.7035 -8.85423 0
    endloop
  endfacet
  facet normal 0 0 -1
    outer loop
      vertex -23.5489 -6.30991 0
      vertex -20.7035 -8.85423 0
      vertex -20.8977 -8.87336 0
    endloop
  endfacet
  facet normal 0 0 -1
    outer loop
      vertex -23.0858 -7.83658 0
      vertex -20.8977 -8.87336 0
      vertex -21.0903 -8.90515 0
    endloop
  endfacet
  facet normal 0 0 -1
    outer loop
      vertex -23.0858 -7.83658 0
      vertex -21.0903 -8.90515 0
      vertex -21.0909 -8.90525 0
    endloop
  endfacet
  facet normal -0 0 -1
    outer loop
      vertex -18.1642 13.6763 0
      vertex -20.2709 13.5446 0
      vertex -18.1899 13.9368 0
    endloop
  endfacet
  facet normal 0 0 -1
    outer loop
      vertex -23.0858 -7.83658 0
      vertex -21.0909 -8.90525 0
      vertex -21.281 -8.94957 0
    endloop
  endfacet
  facet normal 0 0 -1
    outer loop
      vertex -23.0858 -7.83658 0
      vertex -21.281 -8.94957 0
      vertex -21.2816 -8.94971 0
    endloop
  endfacet
  facet normal 0 0 -1
    outer loop
      vertex -23.0858 -7.83658 0
      vertex -21.2816 -8.94971 0
      vertex -21.2822 -8.9499 0
    endloop
  endfacet
  facet normal 0 0 -1
    outer loop
      vertex -23.0858 -7.83658 0
      vertex -21.2822 -8.9499 0
      vertex -21.4689 -9.00655 0
    endloop
  endfacet
  facet normal 0 0 -1
    outer loop
      vertex -23.0858 -7.83658 0
      vertex -21.4689 -9.00655 0
      vertex -21.6516 -9.07529 0
    endloop
  endfacet
  facet normal 0 0 -1
    outer loop
      vertex -23.0858 -7.83658 0
      vertex -21.6516 -9.07529 0
      vertex -21.6522 -9.07552 0
    endloop
  endfacet
  facet normal 0 0 -1
    outer loop
      vertex -23.0858 -7.83658 0
      vertex -21.6522 -9.07552 0
      vertex -21.6528 -9.07578 0
    endloop
  endfacet
  facet normal 0 0 -1
    outer loop
      vertex -23.0858 -7.83658 0
      vertex -21.6528 -9.07578 0
      vertex -21.8305 -9.15632 0
    endloop
  endfacet
  facet normal 0 0 -1
    outer loop
      vertex -18.1216 13.4181 0
      vertex -20.2709 13.5446 0
      vertex -18.1642 13.6763 0
    endloop
  endfacet
  facet normal 0 0 -1
    outer loop
      vertex -23.0858 -7.83658 0
      vertex -21.8305 -9.15632 0
      vertex -22.0026 -9.24832 0
    endloop
  endfacet
  facet normal 0 0 -1
    outer loop
      vertex -22.5238 -9.32968 0
      vertex -22.0026 -9.24832 0
      vertex -22.0032 -9.24862 0
    endloop
  endfacet
  facet normal 0 0 -1
    outer loop
      vertex -22.5238 -9.32968 0
      vertex -22.0032 -9.24862 0
      vertex -22.0037 -9.24895 0
    endloop
  endfacet
  facet normal 0 0 -1
    outer loop
      vertex -22.5238 -9.32968 0
      vertex -22.0037 -9.24895 0
      vertex -22.1695 -9.35201 0
    endloop
  endfacet
  facet normal 0 0 -1
    outer loop
      vertex -22.5238 -9.32968 0
      vertex -22.1695 -9.35201 0
      vertex -22.3281 -9.46569 0
    endloop
  endfacet
  facet normal 0 0 -1
    outer loop
      vertex -22.5238 -9.32968 0
      vertex -22.3281 -9.46569 0
      vertex -22.3286 -9.46606 0
    endloop
  endfacet
  facet normal 0 0 -1
    outer loop
      vertex -22.5238 -9.32968 0
      vertex -22.3286 -9.46606 0
      vertex -22.3291 -9.46646 0
    endloop
  endfacet
  facet normal 0 0 -1
    outer loop
      vertex -22.5238 -9.32968 0
      vertex -22.3291 -9.46646 0
      vertex -22.4259 -9.54589 0
    endloop
  endfacet
  facet normal -0 0 -1
    outer loop
      vertex -22.0026 -9.24832 0
      vertex -22.5238 -9.32968 0
      vertex -23.0858 -7.83658 0
    endloop
  endfacet
  facet normal 0 0 -1
    outer loop
      vertex -18.0621 13.1632 0
      vertex -20.2709 13.5446 0
      vertex -18.1216 13.4181 0
    endloop
  endfacet
  facet normal 0 0 -1
    outer loop
      vertex -20.8977 -8.87336 0
      vertex -23.0858 -7.83658 0
      vertex -23.5489 -6.30991 0
    endloop
  endfacet
  facet normal 0 0 -1
    outer loop
      vertex -17.9862 12.9127 0
      vertex -20.2709 13.5446 0
      vertex -18.0621 13.1632 0
    endloop
  endfacet
  facet normal 0 0 -1
    outer loop
      vertex -20.1166 -8.87336 0
      vertex -23.5489 -6.30991 0
      vertex -23.9112 -4.75623 0
    endloop
  endfacet
  facet normal 0 0 -1
    outer loop
      vertex -17.894 12.6677 0
      vertex -20.2709 13.5446 0
      vertex -17.9862 12.9127 0
    endloop
  endfacet
  facet normal 0 0 -1
    outer loop
      vertex -19.7328 -8.94971 0
      vertex -23.9112 -4.75623 0
      vertex -24.1711 -3.18218 0
    endloop
  endfacet
  facet normal 0 -0 -1
    outer loop
      vertex -20.2709 13.5446 0
      vertex -17.894 12.6677 0
      vertex -21.1134 12.1898 0
    endloop
  endfacet
  facet normal 0 0 -1
    outer loop
      vertex -19.3622 -9.07552 0
      vertex -24.1711 -3.18218 0
      vertex -24.3274 -1.5945 0
    endloop
  endfacet
  facet normal 0 -0 -1
    outer loop
      vertex -21.1134 12.1898 0
      vertex -17.3719 11.7634 0
      vertex -21.8654 10.7828 0
    endloop
  endfacet
  facet normal 0 0 -1
    outer loop
      vertex -14.4601 -10.207 0
      vertex -24.3274 -1.5945 0
      vertex -24.3796 0 0
    endloop
  endfacet
  facet normal -0 0 -1
    outer loop
      vertex -16.6335 11.025 0
      vertex -22.5238 9.32968 0
      vertex -16.8358 11.1911 0
    endloop
  endfacet
  facet normal -0 0 -1
    outer loop
      vertex -15.4842 10.4107 0
      vertex -23.5489 6.30991 0
      vertex -15.7292 10.5029 0
    endloop
  endfacet
  facet normal 0 0 -1
    outer loop
      vertex -17.5215 -11.6441 0
      vertex -17.3719 -11.7634 0
      vertex -17.5215 -11.6448 0
    endloop
  endfacet
  facet normal 0 0 -1
    outer loop
      vertex -17.5216 -11.6435 0
      vertex -17.3719 -11.7634 0
      vertex -17.5215 -11.6441 0
    endloop
  endfacet
  facet normal -0 0 -1
    outer loop
      vertex -17.2058 -11.5611 0
      vertex -17.5216 -11.6435 0
      vertex -17.5407 -11.4493 0
    endloop
  endfacet
  facet normal 0 0 -1
    outer loop
      vertex -17.2058 -11.5611 0
      vertex -17.5407 -11.4493 0
      vertex -17.5725 -11.2567 0
    endloop
  endfacet
  facet normal 0 0 -1
    outer loop
      vertex -17.0269 -11.37 0
      vertex -17.5725 -11.2567 0
      vertex -17.5726 -11.2561 0
    endloop
  endfacet
  facet normal 0 0 -1
    outer loop
      vertex -17.0269 -11.37 0
      vertex -17.5726 -11.2561 0
      vertex -17.6169 -11.066 0
    endloop
  endfacet
  facet normal 0 0 -1
    outer loop
      vertex -16.8358 -11.1911 0
      vertex -17.6169 -11.066 0
      vertex -17.6171 -11.0654 0
    endloop
  endfacet
  facet normal 0 0 -1
    outer loop
      vertex -16.8358 -11.1911 0
      vertex -17.6171 -11.0654 0
      vertex -17.6172 -11.0648 0
    endloop
  endfacet
  facet normal 0 0 -1
    outer loop
      vertex -16.8358 -11.1911 0
      vertex -17.6172 -11.0648 0
      vertex -17.6739 -10.8781 0
    endloop
  endfacet
  facet normal 0 0 -1
    outer loop
      vertex -16.6335 -11.025 0
      vertex -17.7426 -10.6954 0
      vertex -17.7429 -10.6948 0
    endloop
  endfacet
  facet normal 0 0 -1
    outer loop
      vertex -16.6335 -11.025 0
      vertex -17.7429 -10.6948 0
      vertex -17.7431 -10.6942 0
    endloop
  endfacet
  facet normal 0 0 -1
    outer loop
      vertex -16.4207 -10.8726 0
      vertex -17.7431 -10.6942 0
      vertex -17.8237 -10.5165 0
    endloop
  endfacet
  facet normal 0 0 -1
    outer loop
      vertex -16.4207 -10.8726 0
      vertex -17.8237 -10.5165 0
      vertex -17.9157 -10.3443 0
    endloop
  endfacet
  facet normal 0 0 -1
    outer loop
      vertex -16.1984 -10.7343 0
      vertex -17.916 -10.3438 0
      vertex -17.9163 -10.3432 0
    endloop
  endfacet
  facet normal 0 0 -1
    outer loop
      vertex -16.1984 -10.7343 0
      vertex -17.9163 -10.3432 0
      vertex -18.0194 -10.1775 0
    endloop
  endfacet
  facet normal 0 0 -1
    outer loop
      vertex -15.9676 -10.611 0
      vertex -18.0194 -10.1775 0
      vertex -18.133 -10.0189 0
    endloop
  endfacet
  facet normal 0 0 -1
    outer loop
      vertex -15.9676 -10.611 0
      vertex -18.133 -10.0189 0
      vertex -18.1334 -10.0184 0
    endloop
  endfacet
  facet normal 0 0 -1
    outer loop
      vertex -15.7292 -10.5029 0
      vertex -18.1338 -10.0179 0
      vertex -18.2576 -9.86702 0
    endloop
  endfacet
  facet normal 0 0 -1
    outer loop
      vertex -15.4842 -10.4107 0
      vertex -18.391 -9.72458 0
      vertex -18.3915 -9.72411 0
    endloop
  endfacet
  facet normal 0 0 -1
    outer loop
      vertex -15.4842 -10.4107 0
      vertex -18.3915 -9.72411 0
      vertex -18.3919 -9.72368 0
    endloop
  endfacet
  facet normal 0 0 -1
    outer loop
      vertex -15.4842 -10.4107 0
      vertex -18.3919 -9.72368 0
      vertex -18.5344 -9.59027 0
    endloop
  endfacet
  facet normal 0 0 -1
    outer loop
      vertex -15.2337 -10.3347 0
      vertex -18.5349 -9.58987 0
      vertex -18.6857 -9.46606 0
    endloop
  endfacet
  facet normal 0 0 -1
    outer loop
      vertex -14.9788 -10.2753 0
      vertex -18.8444 -9.35238 0
      vertex -18.8449 -9.35201 0
    endloop
  endfacet
  facet normal -0 0 -1
    outer loop
      vertex -14.7206 10.2327 0
      vertex -24.1711 3.18218 0
      vertex -14.9788 10.2753 0
    endloop
  endfacet
  facet normal 0 -0 -1
    outer loop
      vertex -23.9112 4.75623 0
      vertex -14.9788 10.2753 0
      vertex -24.1711 3.18218 0
    endloop
  endfacet
  facet normal -0 0 -1
    outer loop
      vertex -14.9788 10.2753 0
      vertex -23.9112 4.75623 0
      vertex -15.2337 10.3347 0
    endloop
  endfacet
  facet normal -0 0 -1
    outer loop
      vertex -15.2337 10.3347 0
      vertex -23.9112 4.75623 0
      vertex -15.4842 10.4107 0
    endloop
  endfacet
  facet normal 0 -0 -1
    outer loop
      vertex -23.5489 6.30991 0
      vertex -15.4842 10.4107 0
      vertex -23.9112 4.75623 0
    endloop
  endfacet
  facet normal -0 0 -1
    outer loop
      vertex -15.9676 10.611 0
      vertex -23.0858 7.83658 0
      vertex -16.1984 10.7343 0
    endloop
  endfacet
  facet normal -0 0 -1
    outer loop
      vertex -16.1984 10.7343 0
      vertex -23.0858 7.83658 0
      vertex -16.4207 10.8726 0
    endloop
  endfacet
  facet normal 0 -0 -1
    outer loop
      vertex -22.5238 9.32968 0
      vertex -16.4207 10.8726 0
      vertex -23.0858 7.83658 0
    endloop
  endfacet
  facet normal -0 0 -1
    outer loop
      vertex -16.4207 10.8726 0
      vertex -22.5238 9.32968 0
      vertex -16.6335 11.025 0
    endloop
  endfacet
  facet normal 0 0 -1
    outer loop
      vertex -18.1899 -13.9368 0
      vertex -18.2572 -13.8121 0
      vertex -18.1667 -13.7019 0
    endloop
  endfacet
  facet normal 0 0 -1
    outer loop
      vertex -18.2572 -13.8121 0
      vertex -18.1899 -13.9368 0
      vertex -18.1984 -14.1984 0
    endloop
  endfacet
  facet normal 0 0 -1
    outer loop
      vertex 19.3417 -14.8414 0
      vertex 19.3627 -14.6043 0
      vertex 19.4799 -14.6484 0
    endloop
  endfacet
  facet normal -0 0 -1
    outer loop
      vertex 19.3627 -14.6043 0
      vertex 19.3417 -14.8414 0
      vertex 19.3622 -14.6041 0
    endloop
  endfacet
  facet normal 0 0 -1
    outer loop
      vertex 19.3417 -14.8414 0
      vertex 19.3616 -14.6039 0
      vertex 19.3622 -14.6041 0
    endloop
  endfacet
  facet normal 0 0 -1
    outer loop
      vertex 19.3417 -14.8414 0
      vertex 19.1838 -14.5233 0
      vertex 19.3616 -14.6039 0
    endloop
  endfacet
  facet normal 0 0 -1
    outer loop
      vertex 19.3417 -14.8414 0
      vertex 19.0117 -14.4313 0
      vertex 19.1838 -14.5233 0
    endloop
  endfacet
  facet normal 0 0 -1
    outer loop
      vertex 18.1216 -14.9788 0
      vertex 19.0117 -14.4313 0
      vertex 19.3417 -14.8414 0
    endloop
  endfacet
  facet normal -0 0 -1
    outer loop
      vertex 19.0117 -14.4313 0
      vertex 18.1216 -14.9788 0
      vertex 19.0111 -14.431 0
    endloop
  endfacet
  facet normal 0 -0 -1
    outer loop
      vertex 18.1642 -14.7206 0
      vertex 19.0111 -14.431 0
      vertex 18.1216 -14.9788 0
    endloop
  endfacet
  facet normal -0 0 -1
    outer loop
      vertex 19.0106 -14.4307 0
      vertex 18.1642 -14.7206 0
      vertex 18.8449 -14.3276 0
    endloop
  endfacet
  facet normal 0 -0 -1
    outer loop
      vertex 18.1899 -14.4601 0
      vertex 18.8449 -14.3276 0
      vertex 18.1642 -14.7206 0
    endloop
  endfacet
  facet normal -0 0 -1
    outer loop
      vertex 18.8449 -14.3276 0
      vertex 18.1899 -14.4601 0
      vertex 18.6862 -14.2139 0
    endloop
  endfacet
  facet normal -0 0 -1
    outer loop
      vertex 18.6862 -14.2139 0
      vertex 18.1899 -14.4601 0
      vertex 18.6857 -14.2136 0
    endloop
  endfacet
  facet normal 0 0 -1
    outer loop
      vertex 18.0621 -15.2337 0
      vertex 19.3417 -14.8414 0
      vertex 18.3296 -16.0746 0
    endloop
  endfacet
  facet normal -0 0 -1
    outer loop
      vertex 19.0111 -14.431 0
      vertex 18.1642 -14.7206 0
      vertex 19.0106 -14.4307 0
    endloop
  endfacet
  facet normal -0 0 -1
    outer loop
      vertex 18.6852 -14.2132 0
      vertex 18.1899 -14.4601 0
      vertex 18.5344 -14.0894 0
    endloop
  endfacet
  facet normal 0 -0 -1
    outer loop
      vertex 18.1984 -14.1984 0
      vertex 18.5344 -14.0894 0
      vertex 18.1899 -14.4601 0
    endloop
  endfacet
  facet normal -0 0 -1
    outer loop
      vertex 18.5344 -14.0894 0
      vertex 18.1984 -14.1984 0
      vertex 18.3919 -13.956 0
    endloop
  endfacet
  facet normal 0 0 -1
    outer loop
      vertex 18.1899 -13.9368 0
      vertex 18.3915 -13.9555 0
      vertex 18.1984 -14.1984 0
    endloop
  endfacet
  facet normal 0 0 -1
    outer loop
      vertex 18.3915 -13.9555 0
      vertex 18.1899 -13.9368 0
      vertex 18.391 -13.9551 0
    endloop
  endfacet
  facet normal 0 0 -1
    outer loop
      vertex 18.391 -13.9551 0
      vertex 18.1899 -13.9368 0
      vertex 18.2576 -13.8126 0
    endloop
  endfacet
  facet normal -0 0 -1
    outer loop
      vertex 18.3919 -13.956 0
      vertex 18.1984 -14.1984 0
      vertex 18.3915 -13.9555 0
    endloop
  endfacet
  facet normal -0 0 -1
    outer loop
      vertex 18.6857 -14.2136 0
      vertex 18.1899 -14.4601 0
      vertex 18.6852 -14.2132 0
    endloop
  endfacet
  facet normal 0 0 -1
    outer loop
      vertex 19.3417 -14.8414 0
      vertex 18.0621 -15.2337 0
      vertex 18.1216 -14.9788 0
    endloop
  endfacet
  facet normal 0 0 -1
    outer loop
      vertex 18.3296 -16.0746 0
      vertex 17.9862 -15.4842 0
      vertex 18.0621 -15.2337 0
    endloop
  endfacet
  facet normal 0 0 -1
    outer loop
      vertex 18.3296 -16.0746 0
      vertex 17.894 -15.7292 0
      vertex 17.9862 -15.4842 0
    endloop
  endfacet
  facet normal 0 0 -1
    outer loop
      vertex 18.3296 -16.0746 0
      vertex 17.7859 -15.9676 0
      vertex 17.894 -15.7292 0
    endloop
  endfacet
  facet normal -0 0 -1
    outer loop
      vertex 18.3296 -16.0746 0
      vertex 17.6625 -16.1984 0
      vertex 17.7859 -15.9676 0
    endloop
  endfacet
  facet normal 0 0 -1
    outer loop
      vertex 18.3296 -16.0746 0
      vertex 17.5243 -16.4207 0
      vertex 17.6625 -16.1984 0
    endloop
  endfacet
  facet normal 0 0 -1
    outer loop
      vertex 18.3296 -16.0746 0
      vertex 17.3719 -16.6335 0
      vertex 17.5243 -16.4207 0
    endloop
  endfacet
  facet normal 0 0 -1
    outer loop
      vertex 17.239 -17.239 0
      vertex 17.3719 -16.6335 0
      vertex 18.3296 -16.0746 0
    endloop
  endfacet
  facet normal 0 0 -1
    outer loop
      vertex 17.239 -17.239 0
      vertex 17.2058 -16.8358 0
      vertex 17.3719 -16.6335 0
    endloop
  endfacet
  facet normal 0 0 -1
    outer loop
      vertex 17.239 -17.239 0
      vertex 17.0269 -17.0269 0
      vertex 17.2058 -16.8358 0
    endloop
  endfacet
  facet normal 0 0 -1
    outer loop
      vertex 17.239 -17.239 0
      vertex 16.8358 -17.2058 0
      vertex 17.0269 -17.0269 0
    endloop
  endfacet
  facet normal -0 0 -1
    outer loop
      vertex 17.239 -17.239 0
      vertex 16.6335 -17.3719 0
      vertex 16.8358 -17.2058 0
    endloop
  endfacet
  facet normal 0 0 -1
    outer loop
      vertex 17.239 -17.239 0
      vertex 16.4207 -17.5243 0
      vertex 16.6335 -17.3719 0
    endloop
  endfacet
  facet normal 0 0 -1
    outer loop
      vertex 16.0746 -18.3296 0
      vertex 16.4207 -17.5243 0
      vertex 17.239 -17.239 0
    endloop
  endfacet
  facet normal 0 0 -1
    outer loop
      vertex 16.4207 -17.5243 0
      vertex 16.0746 -18.3296 0
      vertex 16.1984 -17.6625 0
    endloop
  endfacet
  facet normal 0 0 -1
    outer loop
      vertex 16.0746 -18.3296 0
      vertex 15.9676 -17.7859 0
      vertex 16.1984 -17.6625 0
    endloop
  endfacet
  facet normal 0 0 -1
    outer loop
      vertex 16.0746 -18.3296 0
      vertex 15.7292 -17.894 0
      vertex 15.9676 -17.7859 0
    endloop
  endfacet
  facet normal 0 0 -1
    outer loop
      vertex 16.0746 -18.3296 0
      vertex 15.4842 -17.9862 0
      vertex 15.7292 -17.894 0
    endloop
  endfacet
  facet normal 0 0 -1
    outer loop
      vertex 16.0746 -18.3296 0
      vertex 15.2337 -18.0621 0
      vertex 15.4842 -17.9862 0
    endloop
  endfacet
  facet normal 0 0 -1
    outer loop
      vertex 14.8414 -19.3417 0
      vertex 15.2337 -18.0621 0
      vertex 16.0746 -18.3296 0
    endloop
  endfacet
  facet normal 0 0 -1
    outer loop
      vertex 15.2337 -18.0621 0
      vertex 14.8414 -19.3417 0
      vertex 14.9788 -18.1216 0
    endloop
  endfacet
  facet normal 0 0 -1
    outer loop
      vertex 14.8414 -19.3417 0
      vertex 14.7206 -18.1642 0
      vertex 14.9788 -18.1216 0
    endloop
  endfacet
  facet normal 0 0 -1
    outer loop
      vertex 14.8414 -19.3417 0
      vertex 14.4601 -18.1899 0
      vertex 14.7206 -18.1642 0
    endloop
  endfacet
  facet normal 0 0 -1
    outer loop
      vertex 14.8414 -19.3417 0
      vertex 14.1984 -18.1984 0
      vertex 14.4601 -18.1899 0
    endloop
  endfacet
  facet normal 0 0 -1
    outer loop
      vertex 14.8414 -19.3417 0
      vertex 13.9368 -18.1899 0
      vertex 14.1984 -18.1984 0
    endloop
  endfacet
  facet normal 0 0 -1
    outer loop
      vertex 13.5446 -20.2709 0
      vertex 13.9368 -18.1899 0
      vertex 14.8414 -19.3417 0
    endloop
  endfacet
  facet normal -0 0 -1
    outer loop
      vertex 13.9368 -18.1899 0
      vertex 13.5446 -20.2709 0
      vertex 13.6763 -18.1642 0
    endloop
  endfacet
  facet normal 0 0 -1
    outer loop
      vertex 13.5446 -20.2709 0
      vertex 13.4181 -18.1216 0
      vertex 13.6763 -18.1642 0
    endloop
  endfacet
  facet normal 0 0 -1
    outer loop
      vertex 13.5446 -20.2709 0
      vertex 13.1632 -18.0621 0
      vertex 13.4181 -18.1216 0
    endloop
  endfacet
  facet normal 0 0 -1
    outer loop
      vertex 13.5446 -20.2709 0
      vertex 12.9127 -17.9862 0
      vertex 13.1632 -18.0621 0
    endloop
  endfacet
  facet normal 0 0 -1
    outer loop
      vertex 13.5446 -20.2709 0
      vertex 12.6677 -17.894 0
      vertex 12.9127 -17.9862 0
    endloop
  endfacet
  facet normal 0 0 -1
    outer loop
      vertex 12.1898 -21.1134 0
      vertex 12.6677 -17.894 0
      vertex 13.5446 -20.2709 0
    endloop
  endfacet
  facet normal -0 0 -1
    outer loop
      vertex 12.6677 -17.894 0
      vertex 12.1898 -21.1134 0
      vertex 12.4293 -17.7859 0
    endloop
  endfacet
  facet normal -0 0 -1
    outer loop
      vertex 12.4293 -17.7859 0
      vertex 12.1898 -21.1134 0
      vertex 12.1984 -17.6625 0
    endloop
  endfacet
  facet normal 0 0 -1
    outer loop
      vertex 12.1898 -21.1134 0
      vertex 11.9762 -17.5243 0
      vertex 12.1984 -17.6625 0
    endloop
  endfacet
  facet normal 0 0 -1
    outer loop
      vertex 12.1898 -21.1134 0
      vertex 11.7634 -17.3719 0
      vertex 11.9762 -17.5243 0
    endloop
  endfacet
  facet normal 0 0 -1
    outer loop
      vertex 10.7828 -21.8654 0
      vertex 11.7634 -17.3719 0
      vertex 12.1898 -21.1134 0
    endloop
  endfacet
  facet normal -0 0 -1
    outer loop
      vertex 11.7634 -17.3719 0
      vertex 10.7828 -21.8654 0
      vertex 11.5611 -17.2058 0
    endloop
  endfacet
  facet normal -0 0 -1
    outer loop
      vertex 11.5611 -17.2058 0
      vertex 10.7828 -21.8654 0
      vertex 11.37 -17.0269 0
    endloop
  endfacet
  facet normal -0 0 -1
    outer loop
      vertex 11.37 -17.0269 0
      vertex 10.7828 -21.8654 0
      vertex 11.1911 -16.8358 0
    endloop
  endfacet
  facet normal 0 0 -1
    outer loop
      vertex 9.32968 -22.5238 0
      vertex 11.1911 -16.8358 0
      vertex 10.7828 -21.8654 0
    endloop
  endfacet
  facet normal -0 0 -1
    outer loop
      vertex 11.1911 -16.8358 0
      vertex 9.32968 -22.5238 0
      vertex 11.025 -16.6335 0
    endloop
  endfacet
  facet normal -0 0 -1
    outer loop
      vertex 11.025 -16.6335 0
      vertex 9.32968 -22.5238 0
      vertex 10.8726 -16.4207 0
    endloop
  endfacet
  facet normal -0 0 -1
    outer loop
      vertex 10.8726 -16.4207 0
      vertex 9.32968 -22.5238 0
      vertex 10.7343 -16.1984 0
    endloop
  endfacet
  facet normal -0 0 -1
    outer loop
      vertex 10.7343 -16.1984 0
      vertex 9.32968 -22.5238 0
      vertex 10.611 -15.9676 0
    endloop
  endfacet
  facet normal -0 0 -1
    outer loop
      vertex 10.611 -15.9676 0
      vertex 9.32968 -22.5238 0
      vertex 10.5029 -15.7292 0
    endloop
  endfacet
  facet normal -0 0 -1
    outer loop
      vertex 10.5029 -15.7292 0
      vertex 9.32968 -22.5238 0
      vertex 10.4107 -15.4842 0
    endloop
  endfacet
  facet normal -0 0 -1
    outer loop
      vertex 10.4107 -15.4842 0
      vertex 9.32968 -22.5238 0
      vertex 10.3347 -15.2337 0
    endloop
  endfacet
  facet normal -0 0 -1
    outer loop
      vertex 10.3347 -15.2337 0
      vertex 9.32968 -22.5238 0
      vertex 10.2753 -14.9788 0
    endloop
  endfacet
  facet normal 0 0 -1
    outer loop
      vertex -10.611 -12.4293 0
      vertex 10.2753 -14.9788 0
      vertex 9.32968 -22.5238 0
    endloop
  endfacet
  facet normal 0 0 -1
    outer loop
      vertex 10.207 -14.4601 0
      vertex -10.611 -12.4293 0
      vertex 10.1984 -14.1984 0
    endloop
  endfacet
  facet normal 0 0 -1
    outer loop
      vertex 10.2327 -14.7206 0
      vertex -10.611 -12.4293 0
      vertex 10.207 -14.4601 0
    endloop
  endfacet
  facet normal 0 0 -1
    outer loop
      vertex 10.2753 -14.9788 0
      vertex -10.611 -12.4293 0
      vertex 10.2327 -14.7206 0
    endloop
  endfacet
  facet normal -0 0 -1
    outer loop
      vertex 18.2576 -13.8126 0
      vertex 18.1899 -13.9368 0
      vertex 18.2572 -13.8121 0
    endloop
  endfacet
  facet normal -0 0 -1
    outer loop
      vertex 18.2572 -13.8121 0
      vertex 18.1899 -13.9368 0
      vertex 18.1667 -13.7019 0
    endloop
  endfacet
  facet normal -0.849857 -0.527013 0.000312484
    outer loop
      vertex -20.2709 -13.5446 2
      vertex -20.3125 -13.4777 1.69
      vertex -20.2923 -13.5103 1.64674
    endloop
  endfacet
  facet normal -0.847219 -0.531243 -0.000257986
    outer loop
      vertex -20.2709 -13.5446 2
      vertex -20.2923 -13.5103 1.64674
      vertex -20.2859 -13.5205 1.63307
    endloop
  endfacet
  facet normal -0.849167 -0.528125 2.64125e-05
    outer loop
      vertex -20.2709 -13.5446 2
      vertex -20.2859 -13.5205 1.63307
      vertex -20.2734 -13.5406 1.60559
    endloop
  endfacet
  facet normal -0.847998 -0.529999 -0
    outer loop
      vertex -20.2709 -13.5446 2
      vertex -20.2734 -13.5406 1.60559
      vertex -20.2709 -13.5446 1.60007
    endloop
  endfacet
  facet normal -0.849208 -0.528058 0
    outer loop
      vertex -20.3125 -13.4777 1.69
      vertex -20.2709 -13.5446 2
      vertex -20.3125 -13.4777 2
    endloop
  endfacet
  facet normal -0.910964 -0.412485 0.000158597
    outer loop
      vertex -22.3265 -9.7653 0.293158
      vertex -22.5238 -9.32968 0
      vertex -22.4259 -9.54589 0
    endloop
  endfacet
  facet normal -0.910924 -0.412574 0
    outer loop
      vertex -22.5238 -9.32968 0
      vertex -22.3265 -9.7653 0.293158
      vertex -22.5238 -9.32968 2
    endloop
  endfacet
  facet normal -0.910846 -0.412745 5.27814e-05
    outer loop
      vertex -22.171 -10.1084 0.74258
      vertex -22.5238 -9.32968 2
      vertex -22.3265 -9.7653 0.293158
    endloop
  endfacet
  facet normal -0.910874 -0.412684 7.25022e-06
    outer loop
      vertex -22.115 -10.232 0.904388
      vertex -22.5238 -9.32968 2
      vertex -22.171 -10.1084 0.74258
    endloop
  endfacet
  facet normal -0.910908 -0.412609 -6.73991e-05
    outer loop
      vertex -22.029 -10.4219 1.14712
      vertex -22.5238 -9.32968 2
      vertex -22.115 -10.232 0.904388
    endloop
  endfacet
  facet normal -0.910844 -0.41275 0.000150418
    outer loop
      vertex -21.9663 -10.5602 1.32384
      vertex -22.5238 -9.32968 2
      vertex -22.029 -10.4219 1.14712
    endloop
  endfacet
  facet normal -0.9108 -0.412847 -0
    outer loop
      vertex -21.8654 -10.7828 2
      vertex -21.9663 -10.5602 1.32384
      vertex -21.8654 -10.7828 1.60007
    endloop
  endfacet
  facet normal -0.910864 -0.412707 5.55933e-05
    outer loop
      vertex -21.9663 -10.5602 1.32384
      vertex -21.8654 -10.7828 2
      vertex -22.5238 -9.32968 2
    endloop
  endfacet
  facet normal -0.772998 -0.634408 0
    outer loop
      vertex -18.3296 -16.0746 0
      vertex -19.3417 -14.8414 2
      vertex -19.3417 -14.8414 0
    endloop
  endfacet
  facet normal -0.772998 -0.634408 0
    outer loop
      vertex -19.3417 -14.8414 2
      vertex -18.3296 -16.0746 0
      vertex -18.3296 -16.0746 2
    endloop
  endfacet
  facet normal -0.729858 -0.683599 0
    outer loop
      vertex -17.239 -17.239 0
      vertex -18.3296 -16.0746 2
      vertex -18.3296 -16.0746 0
    endloop
  endfacet
  facet normal -0.729858 -0.683599 0
    outer loop
      vertex -18.3296 -16.0746 2
      vertex -17.239 -17.239 0
      vertex -17.239 -17.239 2
    endloop
  endfacet
  facet normal 0.0979719 0.995189 7.33391e-05
    outer loop
      vertex 1.83778 24.3035 1.32384
      vertex 1.5945 24.3274 2
      vertex 3.18218 24.1711 2
    endloop
  endfacet
  facet normal 0.09777 0.995209 0
    outer loop
      vertex 1.5945 24.3274 2
      vertex 1.83778 24.3035 1.32384
      vertex 1.5945 24.3274 1.60007
    endloop
  endfacet
  facet normal 0.0980482 0.995182 -7.98036e-05
    outer loop
      vertex 3.18218 24.1711 2
      vertex 1.98887 24.2886 1.14712
      vertex 1.83778 24.3035 1.32384
    endloop
  endfacet
  facet normal 0.0979312 0.995193 8.5468e-05
    outer loop
      vertex 3.18218 24.1711 2
      vertex 2.19639 24.2682 0.904386
      vertex 1.98887 24.2886 1.14712
    endloop
  endfacet
  facet normal 0.0980446 0.995182 -1.75478e-05
    outer loop
      vertex 3.18218 24.1711 2
      vertex 2.33136 24.2549 0.742579
      vertex 2.19639 24.2682 0.904386
    endloop
  endfacet
  facet normal 0.0981305 0.995174 -7.62279e-05
    outer loop
      vertex 3.18218 24.1711 2
      vertex 2.70624 24.2179 0.293156
      vertex 2.33136 24.2549 0.742579
    endloop
  endfacet
  facet normal 0.0978598 0.9952 -0
    outer loop
      vertex 3.18218 24.1711 0
      vertex 2.70624 24.2179 0.293156
      vertex 3.18218 24.1711 2
    endloop
  endfacet
  facet normal 0.0977432 0.995212 -0.000190968
    outer loop
      vertex 2.70624 24.2179 0.293156
      vertex 3.18218 24.1711 0
      vertex 2.94596 24.1943 0
    endloop
  endfacet
  facet normal -0 0 1
    outer loop
      vertex -1.5945 24.3274 2
      vertex -1.5244 24.3111 2
      vertex -1.51581 24.33 2
    endloop
  endfacet
  facet normal 0 0 1
    outer loop
      vertex -1.5945 24.3274 2
      vertex -1.56243 24.21 2
      vertex -1.5244 24.3111 2
    endloop
  endfacet
  facet normal 0 0 1
    outer loop
      vertex -1.5945 24.3274 2
      vertex -1.59378 24.1067 2
      vertex -1.56243 24.21 2
    endloop
  endfacet
  facet normal 0 0 1
    outer loop
      vertex -1.5945 24.3274 2
      vertex -1.6183 24.0015 2
      vertex -1.59378 24.1067 2
    endloop
  endfacet
  facet normal -0 0 1
    outer loop
      vertex -3.18218 24.1711 2
      vertex -1.6183 24.0015 2
      vertex -1.5945 24.3274 2
    endloop
  endfacet
  facet normal 0 0 1
    outer loop
      vertex -1.6183 24.0015 2
      vertex -3.18218 24.1711 2
      vertex -1.63588 23.895 2
    endloop
  endfacet
  facet normal 0 0 1
    outer loop
      vertex -1.64647 23.7876 2
      vertex -3.18218 24.1711 2
      vertex -1.65 23.6796 2
    endloop
  endfacet
  facet normal 0 0 1
    outer loop
      vertex -1.63588 23.895 2
      vertex -3.18218 24.1711 2
      vertex -1.64647 23.7876 2
    endloop
  endfacet
  facet normal 0 0 1
    outer loop
      vertex 19.4192 -10.5993 2
      vertex 24.3796 0 2
      vertex 24.3274 1.5945 2
    endloop
  endfacet
  facet normal 0 0 1
    outer loop
      vertex 19.4192 -10.5993 2
      vertex 24.3274 1.5945 2
      vertex 24.1711 3.18218 2
    endloop
  endfacet
  facet normal 0 -0 1
    outer loop
      vertex 19.5027 -10.5308 2
      vertex 24.3796 0 2
      vertex 19.4192 -10.5993 2
    endloop
  endfacet
  facet normal 0 0 1
    outer loop
      vertex 19.3404 -10.6731 2
      vertex 24.1711 3.18218 2
      vertex 23.9112 4.75623 2
    endloop
  endfacet
  facet normal 0 0 1
    outer loop
      vertex 24.3274 -1.5945 2
      vertex 19.5027 -10.5308 2
      vertex 24.1711 -3.18218 2
    endloop
  endfacet
  facet normal 0 0 1
    outer loop
      vertex 19.3404 -10.6731 2
      vertex 23.9112 4.75623 2
      vertex 23.5489 6.30991 2
    endloop
  endfacet
  facet normal 0 -0 1
    outer loop
      vertex 19.5905 -10.4679 2
      vertex 24.1711 -3.18218 2
      vertex 19.5027 -10.5308 2
    endloop
  endfacet
  facet normal 0 0 1
    outer loop
      vertex 19.2666 -10.7519 2
      vertex 23.5489 6.30991 2
      vertex 23.0858 7.83658 2
    endloop
  endfacet
  facet normal 0 0 1
    outer loop
      vertex 24.1711 -3.18218 2
      vertex 19.6822 -10.4109 2
      vertex 23.9112 -4.75623 2
    endloop
  endfacet
  facet normal 0 0 1
    outer loop
      vertex 19.2666 -10.7519 2
      vertex 23.0858 7.83658 2
      vertex 22.5238 9.32968 2
    endloop
  endfacet
  facet normal 0 -0 1
    outer loop
      vertex 19.8757 -10.3154 2
      vertex 23.5489 -6.30991 2
      vertex 19.7774 -10.36 2
    endloop
  endfacet
  facet normal 0 0 1
    outer loop
      vertex 19.2666 -10.7519 2
      vertex 22.5238 9.32968 2
      vertex 21.8654 10.7828 2
    endloop
  endfacet
  facet normal 0 -0 1
    outer loop
      vertex 20.1853 -10.2215 2
      vertex 23.0858 -7.83658 2
      vertex 20.0801 -10.246 2
    endloop
  endfacet
  facet normal 0 -0 1
    outer loop
      vertex 21.5951 -10.5993 2
      vertex 22.5238 -9.32968 2
      vertex 21.5116 -10.5308 2
    endloop
  endfacet
  facet normal 0 0 1
    outer loop
      vertex 21.8654 -10.7828 2
      vertex 21.8162 -10.8354 2
      vertex 21.8283 -10.8523 2
    endloop
  endfacet
  facet normal 0 0 1
    outer loop
      vertex 21.8654 -10.7828 2
      vertex 21.7477 -10.7519 2
      vertex 21.8162 -10.8354 2
    endloop
  endfacet
  facet normal 0 0 1
    outer loop
      vertex 21.8654 -10.7828 2
      vertex 21.6739 -10.6731 2
      vertex 21.7477 -10.7519 2
    endloop
  endfacet
  facet normal 0 0 1
    outer loop
      vertex 21.8654 -10.7828 2
      vertex 21.5951 -10.5993 2
      vertex 21.6739 -10.6731 2
    endloop
  endfacet
  facet normal 0 0 1
    outer loop
      vertex 22.5238 -9.32968 2
      vertex 21.5951 -10.5993 2
      vertex 21.8654 -10.7828 2
    endloop
  endfacet
  facet normal 0 0 1
    outer loop
      vertex 22.5238 -9.32968 2
      vertex 21.4239 -10.4679 2
      vertex 21.5116 -10.5308 2
    endloop
  endfacet
  facet normal 0 0 1
    outer loop
      vertex 22.5238 -9.32968 2
      vertex 21.3322 -10.4109 2
      vertex 21.4239 -10.4679 2
    endloop
  endfacet
  facet normal 0 0 1
    outer loop
      vertex 22.5238 -9.32968 2
      vertex 21.2369 -10.36 2
      vertex 21.3322 -10.4109 2
    endloop
  endfacet
  facet normal 0 0 1
    outer loop
      vertex 22.5238 -9.32968 2
      vertex 21.1386 -10.3154 2
      vertex 21.2369 -10.36 2
    endloop
  endfacet
  facet normal 0 0 1
    outer loop
      vertex 19.2666 -10.7519 2
      vertex 21.8654 10.7828 2
      vertex 21.1134 12.1898 2
    endloop
  endfacet
  facet normal 0 0 1
    outer loop
      vertex 22.5238 -9.32968 2
      vertex 21.0375 -10.2774 2
      vertex 21.1386 -10.3154 2
    endloop
  endfacet
  facet normal 0 0 1
    outer loop
      vertex 22.5238 -9.32968 2
      vertex 20.9342 -10.246 2
      vertex 21.0375 -10.2774 2
    endloop
  endfacet
  facet normal 0 0 1
    outer loop
      vertex 22.5238 -9.32968 2
      vertex 20.8291 -10.2215 2
      vertex 20.9342 -10.246 2
    endloop
  endfacet
  facet normal 0 0 1
    outer loop
      vertex 22.5238 -9.32968 2
      vertex 20.7225 -10.2039 2
      vertex 20.8291 -10.2215 2
    endloop
  endfacet
  facet normal 0 0 1
    outer loop
      vertex 22.5238 -9.32968 2
      vertex 20.6151 -10.1934 2
      vertex 20.7225 -10.2039 2
    endloop
  endfacet
  facet normal 0 0 1
    outer loop
      vertex 23.0858 -7.83658 2
      vertex 20.6151 -10.1934 2
      vertex 22.5238 -9.32968 2
    endloop
  endfacet
  facet normal 0 -0 1
    outer loop
      vertex 20.6151 -10.1934 2
      vertex 23.0858 -7.83658 2
      vertex 20.5072 -10.1898 2
    endloop
  endfacet
  facet normal 0 -0 1
    outer loop
      vertex 20.5072 -10.1898 2
      vertex 23.0858 -7.83658 2
      vertex 20.3993 -10.1934 2
    endloop
  endfacet
  facet normal 0 0 1
    outer loop
      vertex 19.2666 -10.7519 2
      vertex 21.1134 12.1898 2
      vertex 20.2709 13.5446 2
    endloop
  endfacet
  facet normal 0 -0 1
    outer loop
      vertex 20.3993 -10.1934 2
      vertex 23.0858 -7.83658 2
      vertex 20.2918 -10.2039 2
    endloop
  endfacet
  facet normal 0 -0 1
    outer loop
      vertex 20.2918 -10.2039 2
      vertex 23.0858 -7.83658 2
      vertex 20.1853 -10.2215 2
    endloop
  endfacet
  facet normal 0 0 1
    outer loop
      vertex 23.5489 -6.30991 2
      vertex 20.0801 -10.246 2
      vertex 23.0858 -7.83658 2
    endloop
  endfacet
  facet normal 0 -0 1
    outer loop
      vertex 20.0801 -10.246 2
      vertex 23.5489 -6.30991 2
      vertex 19.9768 -10.2774 2
    endloop
  endfacet
  facet normal 0 -0 1
    outer loop
      vertex 19.9768 -10.2774 2
      vertex 23.5489 -6.30991 2
      vertex 19.8757 -10.3154 2
    endloop
  endfacet
  facet normal 0 0 1
    outer loop
      vertex 23.9112 -4.75623 2
      vertex 19.7774 -10.36 2
      vertex 23.5489 -6.30991 2
    endloop
  endfacet
  facet normal 0 -0 1
    outer loop
      vertex 19.7774 -10.36 2
      vertex 23.9112 -4.75623 2
      vertex 19.6822 -10.4109 2
    endloop
  endfacet
  facet normal 0 -0 1
    outer loop
      vertex 19.6822 -10.4109 2
      vertex 24.1711 -3.18218 2
      vertex 19.5905 -10.4679 2
    endloop
  endfacet
  facet normal 0 0 1
    outer loop
      vertex 24.3796 0 2
      vertex 19.5027 -10.5308 2
      vertex 24.3274 -1.5945 2
    endloop
  endfacet
  facet normal 0 0 1
    outer loop
      vertex 0.321898 22.0613 2
      vertex 20.2709 13.5446 2
      vertex 19.3417 14.8414 2
    endloop
  endfacet
  facet normal 0 0 1
    outer loop
      vertex 24.1711 3.18218 2
      vertex 19.3404 -10.6731 2
      vertex 19.4192 -10.5993 2
    endloop
  endfacet
  facet normal 0 0 1
    outer loop
      vertex 23.5489 6.30991 2
      vertex 19.2666 -10.7519 2
      vertex 19.3404 -10.6731 2
    endloop
  endfacet
  facet normal 0 0 1
    outer loop
      vertex 20.2709 13.5446 2
      vertex 19.1981 -10.8354 2
      vertex 19.2666 -10.7519 2
    endloop
  endfacet
  facet normal 0 0 1
    outer loop
      vertex 20.2709 13.5446 2
      vertex 0.215367 22.0438 2
      vertex 19.1981 -10.8354 2
    endloop
  endfacet
  facet normal 0 0 1
    outer loop
      vertex 19.1981 -10.8354 2
      vertex 0.215367 22.0438 2
      vertex 19.1352 -10.9231 2
    endloop
  endfacet
  facet normal -0 0 1
    outer loop
      vertex 0.107915 22.0332 2
      vertex 19.1352 -10.9231 2
      vertex 0.215367 22.0438 2
    endloop
  endfacet
  facet normal 0 0 1
    outer loop
      vertex 19.1352 -10.9231 2
      vertex 0.107915 22.0332 2
      vertex 19.0782 -11.0148 2
    endloop
  endfacet
  facet normal -0 0 1
    outer loop
      vertex 0 22.0296 2
      vertex 19.0782 -11.0148 2
      vertex 0.107915 22.0332 2
    endloop
  endfacet
  facet normal 0 0 1
    outer loop
      vertex -19.0782 -11.0148 2
      vertex 19.0782 -11.0148 2
      vertex 0 22.0296 2
    endloop
  endfacet
  facet normal 0 0 1
    outer loop
      vertex 19.0782 -11.0148 2
      vertex -19.0782 -11.0148 2
      vertex 19.0273 -11.11 2
    endloop
  endfacet
  facet normal 0 -0 1
    outer loop
      vertex -19.0273 -11.11 2
      vertex 19.0273 -11.11 2
      vertex -19.0782 -11.0148 2
    endloop
  endfacet
  facet normal 0 0 1
    outer loop
      vertex 19.0273 -11.11 2
      vertex -19.0273 -11.11 2
      vertex 18.9828 -11.2084 2
    endloop
  endfacet
  facet normal 0 -0 1
    outer loop
      vertex -18.9828 -11.2084 2
      vertex 18.9828 -11.2084 2
      vertex -19.0273 -11.11 2
    endloop
  endfacet
  facet normal 0 0 1
    outer loop
      vertex 0.321898 22.0613 2
      vertex 19.3417 14.8414 2
      vertex 18.3296 16.0746 2
    endloop
  endfacet
  facet normal 0 0 1
    outer loop
      vertex 20.2918 -13.4757 2
      vertex 20.2709 -13.5446 2
      vertex 20.3125 -13.4777 2
    endloop
  endfacet
  facet normal 0 0 1
    outer loop
      vertex 20.1853 -13.4581 2
      vertex 20.2709 -13.5446 2
      vertex 20.2918 -13.4757 2
    endloop
  endfacet
  facet normal 0 0 1
    outer loop
      vertex 20.0801 -13.4336 2
      vertex 20.2709 -13.5446 2
      vertex 20.1853 -13.4581 2
    endloop
  endfacet
  facet normal 0 0 1
    outer loop
      vertex 19.9768 -13.4023 2
      vertex 20.2709 -13.5446 2
      vertex 20.0801 -13.4336 2
    endloop
  endfacet
  facet normal 0 0 1
    outer loop
      vertex 19.3417 -14.8414 2
      vertex 19.9768 -13.4023 2
      vertex 19.8757 -13.3642 2
    endloop
  endfacet
  facet normal 0 0 1
    outer loop
      vertex 19.3417 -14.8414 2
      vertex 19.8757 -13.3642 2
      vertex 19.7774 -13.3197 2
    endloop
  endfacet
  facet normal 0 0 1
    outer loop
      vertex 19.9768 -13.4023 2
      vertex 19.3417 -14.8414 2
      vertex 20.2709 -13.5446 2
    endloop
  endfacet
  facet normal 0 0 1
    outer loop
      vertex 19.6822 -13.2688 2
      vertex 19.3417 -14.8414 2
      vertex 19.7774 -13.3197 2
    endloop
  endfacet
  facet normal 0 0 1
    outer loop
      vertex 19.5905 -13.2117 2
      vertex 19.3417 -14.8414 2
      vertex 19.6822 -13.2688 2
    endloop
  endfacet
  facet normal 0 0 1
    outer loop
      vertex 19.5027 -13.1489 2
      vertex 19.3417 -14.8414 2
      vertex 19.5905 -13.2117 2
    endloop
  endfacet
  facet normal 0 0 1
    outer loop
      vertex 19.4192 -13.0804 2
      vertex 19.3417 -14.8414 2
      vertex 19.5027 -13.1489 2
    endloop
  endfacet
  facet normal 0 0 1
    outer loop
      vertex 19.3404 -13.0065 2
      vertex 19.3417 -14.8414 2
      vertex 19.4192 -13.0804 2
    endloop
  endfacet
  facet normal 0 0 1
    outer loop
      vertex 19.2666 -12.9277 2
      vertex 19.3417 -14.8414 2
      vertex 19.3404 -13.0065 2
    endloop
  endfacet
  facet normal 0 0 1
    outer loop
      vertex 19.1981 -12.8443 2
      vertex 19.3417 -14.8414 2
      vertex 19.2666 -12.9277 2
    endloop
  endfacet
  facet normal 0 0 1
    outer loop
      vertex 19.1352 -12.7565 2
      vertex 19.3417 -14.8414 2
      vertex 19.1981 -12.8443 2
    endloop
  endfacet
  facet normal 0 0 1
    outer loop
      vertex 18.3296 -16.0746 2
      vertex 19.1352 -12.7565 2
      vertex 19.0782 -12.6648 2
    endloop
  endfacet
  facet normal 0 0 1
    outer loop
      vertex 18.3296 -16.0746 2
      vertex 19.0782 -12.6648 2
      vertex 19.0273 -12.5696 2
    endloop
  endfacet
  facet normal 0 0 1
    outer loop
      vertex 18.3296 -16.0746 2
      vertex 19.0273 -12.5696 2
      vertex 18.9828 -12.4712 2
    endloop
  endfacet
  facet normal 0 0 1
    outer loop
      vertex 18.3296 -16.0746 2
      vertex 18.9828 -12.4712 2
      vertex 18.9447 -12.3702 2
    endloop
  endfacet
  facet normal 0 0 1
    outer loop
      vertex 18.3296 -16.0746 2
      vertex 18.9447 -12.3702 2
      vertex 18.9134 -12.2669 2
    endloop
  endfacet
  facet normal 0 0 1
    outer loop
      vertex 17.239 -17.239 2
      vertex 18.9134 -12.2669 2
      vertex 18.8889 -12.1617 2
    endloop
  endfacet
  facet normal 0 0 1
    outer loop
      vertex 19.1352 -12.7565 2
      vertex 18.3296 -16.0746 2
      vertex 19.3417 -14.8414 2
    endloop
  endfacet
  facet normal 0 0 1
    outer loop
      vertex 17.239 -17.239 2
      vertex 18.8889 -12.1617 2
      vertex 18.8713 -12.0552 2
    endloop
  endfacet
  facet normal 0 0 1
    outer loop
      vertex 17.239 -17.239 2
      vertex 18.8713 -12.0552 2
      vertex 18.8607 -11.9477 2
    endloop
  endfacet
  facet normal 0 0 1
    outer loop
      vertex 16.0746 -18.3296 2
      vertex 18.8607 -11.9477 2
      vertex 18.8572 -11.8398 2
    endloop
  endfacet
  facet normal 0 0 1
    outer loop
      vertex 18.9828 -11.2084 2
      vertex -18.9828 -11.2084 2
      vertex 18.9447 -11.3094 2
    endloop
  endfacet
  facet normal 0 0 1
    outer loop
      vertex 0.321898 22.0613 2
      vertex 18.3296 16.0746 2
      vertex 17.239 17.239 2
    endloop
  endfacet
  facet normal 0 -0 1
    outer loop
      vertex 1.5945 -24.3274 2
      vertex 18.9447 -11.3094 2
      vertex -18.9828 -11.2084 2
    endloop
  endfacet
  facet normal 0 0 1
    outer loop
      vertex 0.427051 22.0859 2
      vertex 17.239 17.239 2
      vertex 16.0746 18.3296 2
    endloop
  endfacet
  facet normal 0 -0 1
    outer loop
      vertex 3.18218 -24.1711 2
      vertex 18.9447 -11.3094 2
      vertex 1.5945 -24.3274 2
    endloop
  endfacet
  facet normal 0 0 1
    outer loop
      vertex 0.427051 22.0859 2
      vertex 16.0746 18.3296 2
      vertex 14.8414 19.3417 2
    endloop
  endfacet
  facet normal 0 0 1
    outer loop
      vertex 20.2709 13.5446 2
      vertex 0.321898 22.0613 2
      vertex 0.215367 22.0438 2
    endloop
  endfacet
  facet normal 0 0 1
    outer loop
      vertex 0.427051 22.0859 2
      vertex 14.8414 19.3417 2
      vertex 13.5446 20.2709 2
    endloop
  endfacet
  facet normal 0 0 1
    outer loop
      vertex 18.9447 -11.3094 2
      vertex 6.30991 -23.5489 2
      vertex 18.9134 -11.4128 2
    endloop
  endfacet
  facet normal 0 0 1
    outer loop
      vertex 0.530375 22.1172 2
      vertex 13.5446 20.2709 2
      vertex 12.1898 21.1134 2
    endloop
  endfacet
  facet normal 0 0 1
    outer loop
      vertex 18.9134 -12.2669 2
      vertex 17.239 -17.239 2
      vertex 18.3296 -16.0746 2
    endloop
  endfacet
  facet normal 0 0 1
    outer loop
      vertex 0.631427 22.1552 2
      vertex 12.1898 21.1134 2
      vertex 10.7828 21.8654 2
    endloop
  endfacet
  facet normal 0 0 1
    outer loop
      vertex 18.8607 -11.9477 2
      vertex 16.0746 -18.3296 2
      vertex 17.239 -17.239 2
    endloop
  endfacet
  facet normal -0 0 1
    outer loop
      vertex 0.631427 22.1552 2
      vertex 10.7828 21.8654 2
      vertex 9.32968 22.5238 2
    endloop
  endfacet
  facet normal 0 0 1
    outer loop
      vertex 17.239 17.239 2
      vertex 0.427051 22.0859 2
      vertex 0.321898 22.0613 2
    endloop
  endfacet
  facet normal 0 0 1
    outer loop
      vertex 0.825 22.2507 2
      vertex 9.32968 22.5238 2
      vertex 7.83658 23.0858 2
    endloop
  endfacet
  facet normal 0 0 1
    outer loop
      vertex 13.5446 20.2709 2
      vertex 0.530375 22.1172 2
      vertex 0.427051 22.0859 2
    endloop
  endfacet
  facet normal 0 0 1
    outer loop
      vertex 0.916691 22.3077 2
      vertex 7.83658 23.0858 2
      vertex 6.30991 23.5489 2
    endloop
  endfacet
  facet normal 0 0 1
    outer loop
      vertex 12.1898 21.1134 2
      vertex 0.631427 22.1552 2
      vertex 0.530375 22.1172 2
    endloop
  endfacet
  facet normal 0 0 1
    outer loop
      vertex 1.16673 22.5129 2
      vertex 6.30991 23.5489 2
      vertex 4.75623 23.9112 2
    endloop
  endfacet
  facet normal 0 0 1
    outer loop
      vertex 9.32968 22.5238 2
      vertex 0.825 22.2507 2
      vertex 0.729775 22.1998 2
    endloop
  endfacet
  facet normal 0 0 1
    outer loop
      vertex 1.47984 22.9499 2
      vertex 4.75623 23.9112 2
      vertex 3.18218 24.1711 2
    endloop
  endfacet
  facet normal 0 0 1
    outer loop
      vertex 6.30991 23.5489 2
      vertex 1.08792 22.4391 2
      vertex 1.00446 22.3706 2
    endloop
  endfacet
  facet normal 0 0 1
    outer loop
      vertex 1.64647 23.5717 2
      vertex 3.18218 24.1711 2
      vertex 1.65 23.6796 2
    endloop
  endfacet
  facet normal 0 0 1
    outer loop
      vertex 3.18218 24.1711 2
      vertex 1.64647 23.7876 2
      vertex 1.65 23.6796 2
    endloop
  endfacet
  facet normal 0 0 1
    outer loop
      vertex 3.18218 24.1711 2
      vertex 1.63588 23.895 2
      vertex 1.64647 23.7876 2
    endloop
  endfacet
  facet normal 0 0 1
    outer loop
      vertex 3.18218 24.1711 2
      vertex 1.6183 24.0015 2
      vertex 1.63588 23.895 2
    endloop
  endfacet
  facet normal 0 0 1
    outer loop
      vertex 1.5945 24.3274 2
      vertex 1.6183 24.0015 2
      vertex 3.18218 24.1711 2
    endloop
  endfacet
  facet normal 0 0 1
    outer loop
      vertex 1.5945 24.3274 2
      vertex 1.59378 24.1067 2
      vertex 1.6183 24.0015 2
    endloop
  endfacet
  facet normal 0 0 1
    outer loop
      vertex 1.5945 24.3274 2
      vertex 1.56243 24.21 2
      vertex 1.59378 24.1067 2
    endloop
  endfacet
  facet normal 0 0 1
    outer loop
      vertex 1.5945 24.3274 2
      vertex 1.5244 24.3111 2
      vertex 1.56243 24.21 2
    endloop
  endfacet
  facet normal 0 -0 1
    outer loop
      vertex 1.5244 24.3111 2
      vertex 1.5945 24.3274 2
      vertex 1.51581 24.33 2
    endloop
  endfacet
  facet normal 0 0 1
    outer loop
      vertex 1.63588 23.4643 2
      vertex 3.18218 24.1711 2
      vertex 1.64647 23.5717 2
    endloop
  endfacet
  facet normal 0 0 1
    outer loop
      vertex 1.6183 23.3577 2
      vertex 3.18218 24.1711 2
      vertex 1.63588 23.4643 2
    endloop
  endfacet
  facet normal 0 0 1
    outer loop
      vertex 1.59378 23.2526 2
      vertex 3.18218 24.1711 2
      vertex 1.6183 23.3577 2
    endloop
  endfacet
  facet normal 0 0 1
    outer loop
      vertex 1.56243 23.1493 2
      vertex 3.18218 24.1711 2
      vertex 1.59378 23.2526 2
    endloop
  endfacet
  facet normal 0 0 1
    outer loop
      vertex 1.5244 23.0482 2
      vertex 3.18218 24.1711 2
      vertex 1.56243 23.1493 2
    endloop
  endfacet
  facet normal 0 0 1
    outer loop
      vertex 1.47984 22.9499 2
      vertex 3.18218 24.1711 2
      vertex 1.5244 23.0482 2
    endloop
  endfacet
  facet normal 0 0 1
    outer loop
      vertex 4.75623 23.9112 2
      vertex 1.47984 22.9499 2
      vertex 1.42894 22.8546 2
    endloop
  endfacet
  facet normal 0 0 1
    outer loop
      vertex 4.75623 23.9112 2
      vertex 1.42894 22.8546 2
      vertex 1.37192 22.7629 2
    endloop
  endfacet
  facet normal 0 0 1
    outer loop
      vertex 4.75623 23.9112 2
      vertex 1.37192 22.7629 2
      vertex 1.30903 22.6752 2
    endloop
  endfacet
  facet normal 0 0 1
    outer loop
      vertex 4.75623 23.9112 2
      vertex 1.30903 22.6752 2
      vertex 1.24053 22.5917 2
    endloop
  endfacet
  facet normal 0 0 1
    outer loop
      vertex 4.75623 23.9112 2
      vertex 1.24053 22.5917 2
      vertex 1.16673 22.5129 2
    endloop
  endfacet
  facet normal 0 0 1
    outer loop
      vertex 6.30991 23.5489 2
      vertex 1.16673 22.5129 2
      vertex 1.08792 22.4391 2
    endloop
  endfacet
  facet normal 0 0 1
    outer loop
      vertex 6.30991 23.5489 2
      vertex 1.00446 22.3706 2
      vertex 0.916691 22.3077 2
    endloop
  endfacet
  facet normal 0 0 1
    outer loop
      vertex 7.83658 23.0858 2
      vertex 0.916691 22.3077 2
      vertex 0.825 22.2507 2
    endloop
  endfacet
  facet normal 0 0 1
    outer loop
      vertex 9.32968 22.5238 2
      vertex 0.729775 22.1998 2
      vertex 0.631427 22.1552 2
    endloop
  endfacet
  facet normal 0 0 1
    outer loop
      vertex 18.8572 -11.8398 2
      vertex 14.8414 -19.3417 2
      vertex 16.0746 -18.3296 2
    endloop
  endfacet
  facet normal 0 0 1
    outer loop
      vertex 18.8607 -11.7319 2
      vertex 14.8414 -19.3417 2
      vertex 18.8572 -11.8398 2
    endloop
  endfacet
  facet normal 0 -0 1
    outer loop
      vertex 14.8414 -19.3417 2
      vertex 18.8607 -11.7319 2
      vertex 13.5446 -20.2709 2
    endloop
  endfacet
  facet normal 0 0 1
    outer loop
      vertex 18.8713 -11.6244 2
      vertex 13.5446 -20.2709 2
      vertex 18.8607 -11.7319 2
    endloop
  endfacet
  facet normal 0 -0 1
    outer loop
      vertex 13.5446 -20.2709 2
      vertex 18.8713 -11.6244 2
      vertex 12.1898 -21.1134 2
    endloop
  endfacet
  facet normal 0 -0 1
    outer loop
      vertex 7.83658 -23.0858 2
      vertex 18.9134 -11.4128 2
      vertex 6.30991 -23.5489 2
    endloop
  endfacet
  facet normal 0 0 1
    outer loop
      vertex 18.8889 -11.5179 2
      vertex 12.1898 -21.1134 2
      vertex 18.8713 -11.6244 2
    endloop
  endfacet
  facet normal 0 -0 1
    outer loop
      vertex 12.1898 -21.1134 2
      vertex 18.8889 -11.5179 2
      vertex 10.7828 -21.8654 2
    endloop
  endfacet
  facet normal 0 -0 1
    outer loop
      vertex 10.7828 -21.8654 2
      vertex 18.8889 -11.5179 2
      vertex 9.32968 -22.5238 2
    endloop
  endfacet
  facet normal 0 -0 1
    outer loop
      vertex 4.75623 -23.9112 2
      vertex 18.9447 -11.3094 2
      vertex 3.18218 -24.1711 2
    endloop
  endfacet
  facet normal 0 0 1
    outer loop
      vertex 18.9134 -11.4128 2
      vertex 9.32968 -22.5238 2
      vertex 18.8889 -11.5179 2
    endloop
  endfacet
  facet normal 0 0 1
    outer loop
      vertex -19.0782 -11.0148 2
      vertex 0 22.0296 2
      vertex -0.107915 22.0332 2
    endloop
  endfacet
  facet normal 0 0 1
    outer loop
      vertex -19.1352 -10.9231 2
      vertex -0.107915 22.0332 2
      vertex -0.215367 22.0438 2
    endloop
  endfacet
  facet normal 0 0 1
    outer loop
      vertex -19.1981 -10.8354 2
      vertex -0.215367 22.0438 2
      vertex -0.321898 22.0613 2
    endloop
  endfacet
  facet normal 0 0 1
    outer loop
      vertex -17.239 17.239 2
      vertex -0.321898 22.0613 2
      vertex -0.427051 22.0859 2
    endloop
  endfacet
  facet normal 0 0 1
    outer loop
      vertex -14.8414 19.3417 2
      vertex -0.427051 22.0859 2
      vertex -0.530375 22.1172 2
    endloop
  endfacet
  facet normal 0 0 1
    outer loop
      vertex -12.1898 21.1134 2
      vertex -0.530375 22.1172 2
      vertex -0.631427 22.1552 2
    endloop
  endfacet
  facet normal 0 0 1
    outer loop
      vertex -10.7828 21.8654 2
      vertex -0.631427 22.1552 2
      vertex -0.729775 22.1998 2
    endloop
  endfacet
  facet normal 0 0 1
    outer loop
      vertex -9.32968 22.5238 2
      vertex -0.729775 22.1998 2
      vertex -0.825 22.2507 2
    endloop
  endfacet
  facet normal 0 0 1
    outer loop
      vertex -7.83658 23.0858 2
      vertex -0.825 22.2507 2
      vertex -0.916691 22.3077 2
    endloop
  endfacet
  facet normal 0 0 1
    outer loop
      vertex -7.83658 23.0858 2
      vertex -0.916691 22.3077 2
      vertex -1.00446 22.3706 2
    endloop
  endfacet
  facet normal 0 0 1
    outer loop
      vertex -6.30991 23.5489 2
      vertex -1.00446 22.3706 2
      vertex -1.08792 22.4391 2
    endloop
  endfacet
  facet normal 0 0 1
    outer loop
      vertex -6.30991 23.5489 2
      vertex -1.08792 22.4391 2
      vertex -1.16673 22.5129 2
    endloop
  endfacet
  facet normal 0 0 1
    outer loop
      vertex -4.75623 23.9112 2
      vertex -1.16673 22.5129 2
      vertex -1.24053 22.5917 2
    endloop
  endfacet
  facet normal 0 0 1
    outer loop
      vertex -4.75623 23.9112 2
      vertex -1.24053 22.5917 2
      vertex -1.30903 22.6752 2
    endloop
  endfacet
  facet normal 0 0 1
    outer loop
      vertex -4.75623 23.9112 2
      vertex -1.30903 22.6752 2
      vertex -1.37192 22.7629 2
    endloop
  endfacet
  facet normal 0 0 1
    outer loop
      vertex -4.75623 23.9112 2
      vertex -1.37192 22.7629 2
      vertex -1.42894 22.8546 2
    endloop
  endfacet
  facet normal 0 0 1
    outer loop
      vertex -4.75623 23.9112 2
      vertex -1.42894 22.8546 2
      vertex -1.47984 22.9499 2
    endloop
  endfacet
  facet normal 0 0 1
    outer loop
      vertex -3.18218 24.1711 2
      vertex -1.47984 22.9499 2
      vertex -1.5244 23.0482 2
    endloop
  endfacet
  facet normal 0 0 1
    outer loop
      vertex -3.18218 24.1711 2
      vertex -1.5244 23.0482 2
      vertex -1.56243 23.1493 2
    endloop
  endfacet
  facet normal 0 0 1
    outer loop
      vertex -3.18218 24.1711 2
      vertex -1.56243 23.1493 2
      vertex -1.59378 23.2526 2
    endloop
  endfacet
  facet normal 0 -0 1
    outer loop
      vertex 9.32968 -22.5238 2
      vertex 18.9134 -11.4128 2
      vertex 7.83658 -23.0858 2
    endloop
  endfacet
  facet normal 0 0 1
    outer loop
      vertex -3.18218 24.1711 2
      vertex -1.59378 23.2526 2
      vertex -1.6183 23.3577 2
    endloop
  endfacet
  facet normal 0 0 1
    outer loop
      vertex -3.18218 24.1711 2
      vertex -1.6183 23.3577 2
      vertex -1.63588 23.4643 2
    endloop
  endfacet
  facet normal 0 0 1
    outer loop
      vertex -3.18218 24.1711 2
      vertex -1.63588 23.4643 2
      vertex -1.64647 23.5717 2
    endloop
  endfacet
  facet normal 0 0 1
    outer loop
      vertex -3.18218 24.1711 2
      vertex -1.64647 23.5717 2
      vertex -1.65 23.6796 2
    endloop
  endfacet
  facet normal 0 0 1
    outer loop
      vertex -1.47984 22.9499 2
      vertex -3.18218 24.1711 2
      vertex -4.75623 23.9112 2
    endloop
  endfacet
  facet normal 0 0 1
    outer loop
      vertex 1.5945 -24.3274 2
      vertex -18.9828 -11.2084 2
      vertex 0 -24.3796 2
    endloop
  endfacet
  facet normal 0 0 1
    outer loop
      vertex -1.16673 22.5129 2
      vertex -4.75623 23.9112 2
      vertex -6.30991 23.5489 2
    endloop
  endfacet
  facet normal 0 0 1
    outer loop
      vertex 0 -24.3796 2
      vertex -18.9828 -11.2084 2
      vertex -1.5945 -24.3274 2
    endloop
  endfacet
  facet normal 0 0 1
    outer loop
      vertex -1.00446 22.3706 2
      vertex -6.30991 23.5489 2
      vertex -7.83658 23.0858 2
    endloop
  endfacet
  facet normal -0 -0 1
    outer loop
      vertex -18.9447 -11.3094 2
      vertex -1.5945 -24.3274 2
      vertex -18.9828 -11.2084 2
    endloop
  endfacet
  facet normal 0 0 1
    outer loop
      vertex -0.825 22.2507 2
      vertex -7.83658 23.0858 2
      vertex -9.32968 22.5238 2
    endloop
  endfacet
  facet normal 0 0 1
    outer loop
      vertex -1.5945 -24.3274 2
      vertex -18.9447 -11.3094 2
      vertex -3.18218 -24.1711 2
    endloop
  endfacet
  facet normal 0 0 1
    outer loop
      vertex -0.729775 22.1998 2
      vertex -9.32968 22.5238 2
      vertex -10.7828 21.8654 2
    endloop
  endfacet
  facet normal 0 0 1
    outer loop
      vertex -3.18218 -24.1711 2
      vertex -18.9447 -11.3094 2
      vertex -4.75623 -23.9112 2
    endloop
  endfacet
  facet normal 0 0 1
    outer loop
      vertex -0.631427 22.1552 2
      vertex -10.7828 21.8654 2
      vertex -12.1898 21.1134 2
    endloop
  endfacet
  facet normal -0 -0 1
    outer loop
      vertex -18.9134 -11.4128 2
      vertex -6.30991 -23.5489 2
      vertex -18.9447 -11.3094 2
    endloop
  endfacet
  facet normal 0 0 1
    outer loop
      vertex -0.530375 22.1172 2
      vertex -12.1898 21.1134 2
      vertex -13.5446 20.2709 2
    endloop
  endfacet
  facet normal 0 0 1
    outer loop
      vertex -6.30991 -23.5489 2
      vertex -18.9134 -11.4128 2
      vertex -7.83658 -23.0858 2
    endloop
  endfacet
  facet normal 0 0 1
    outer loop
      vertex -0.530375 22.1172 2
      vertex -13.5446 20.2709 2
      vertex -14.8414 19.3417 2
    endloop
  endfacet
  facet normal 0 0 1
    outer loop
      vertex -7.83658 -23.0858 2
      vertex -18.9134 -11.4128 2
      vertex -9.32968 -22.5238 2
    endloop
  endfacet
  facet normal 0 0 1
    outer loop
      vertex -0.427051 22.0859 2
      vertex -14.8414 19.3417 2
      vertex -16.0746 18.3296 2
    endloop
  endfacet
  facet normal 0 0 1
    outer loop
      vertex -9.32968 -22.5238 2
      vertex -18.9134 -11.4128 2
      vertex -10.7828 -21.8654 2
    endloop
  endfacet
  facet normal 0 0 1
    outer loop
      vertex -0.427051 22.0859 2
      vertex -16.0746 18.3296 2
      vertex -17.239 17.239 2
    endloop
  endfacet
  facet normal 0 0 1
    outer loop
      vertex -10.7828 -21.8654 2
      vertex -18.8889 -11.5179 2
      vertex -12.1898 -21.1134 2
    endloop
  endfacet
  facet normal 0 0 1
    outer loop
      vertex -0.321898 22.0613 2
      vertex -17.239 17.239 2
      vertex -18.3296 16.0746 2
    endloop
  endfacet
  facet normal 0 0 1
    outer loop
      vertex -12.1898 -21.1134 2
      vertex -18.8713 -11.6244 2
      vertex -13.5446 -20.2709 2
    endloop
  endfacet
  facet normal 0 0 1
    outer loop
      vertex -0.321898 22.0613 2
      vertex -18.3296 16.0746 2
      vertex -19.3417 14.8414 2
    endloop
  endfacet
  facet normal -0 -0 1
    outer loop
      vertex -18.8607 -11.7319 2
      vertex -14.8414 -19.3417 2
      vertex -18.8713 -11.6244 2
    endloop
  endfacet
  facet normal -0 0 1
    outer loop
      vertex -18.8607 -11.9477 2
      vertex -16.0746 -18.3296 2
      vertex -18.8572 -11.8398 2
    endloop
  endfacet
  facet normal 0 0 1
    outer loop
      vertex -16.0746 -18.3296 2
      vertex -18.8607 -11.9477 2
      vertex -17.239 -17.239 2
    endloop
  endfacet
  facet normal 0 0 1
    outer loop
      vertex -14.8414 -19.3417 2
      vertex -18.8572 -11.8398 2
      vertex -16.0746 -18.3296 2
    endloop
  endfacet
  facet normal -0 -0 1
    outer loop
      vertex -18.8572 -11.8398 2
      vertex -14.8414 -19.3417 2
      vertex -18.8607 -11.7319 2
    endloop
  endfacet
  facet normal 0 0 1
    outer loop
      vertex -13.5446 -20.2709 2
      vertex -18.8713 -11.6244 2
      vertex -14.8414 -19.3417 2
    endloop
  endfacet
  facet normal -0 -0 1
    outer loop
      vertex -18.8713 -11.6244 2
      vertex -12.1898 -21.1134 2
      vertex -18.8889 -11.5179 2
    endloop
  endfacet
  facet normal -0 -0 1
    outer loop
      vertex -18.8889 -11.5179 2
      vertex -10.7828 -21.8654 2
      vertex -18.9134 -11.4128 2
    endloop
  endfacet
  facet normal 0 0 1
    outer loop
      vertex -4.75623 -23.9112 2
      vertex -18.9447 -11.3094 2
      vertex -6.30991 -23.5489 2
    endloop
  endfacet
  facet normal 0 -0 1
    outer loop
      vertex 6.30991 -23.5489 2
      vertex 18.9447 -11.3094 2
      vertex 4.75623 -23.9112 2
    endloop
  endfacet
  facet normal 0 0 1
    outer loop
      vertex -0.107915 22.0332 2
      vertex -19.1352 -10.9231 2
      vertex -19.0782 -11.0148 2
    endloop
  endfacet
  facet normal 0 0 1
    outer loop
      vertex -0.215367 22.0438 2
      vertex -19.1981 -10.8354 2
      vertex -19.1352 -10.9231 2
    endloop
  endfacet
  facet normal 0 0 1
    outer loop
      vertex -0.321898 22.0613 2
      vertex -19.3417 14.8414 2
      vertex -20.2709 13.5446 2
    endloop
  endfacet
  facet normal 0 0 1
    outer loop
      vertex -0.321898 22.0613 2
      vertex -20.2709 13.5446 2
      vertex -19.1981 -10.8354 2
    endloop
  endfacet
  facet normal 0 0 1
    outer loop
      vertex -19.1981 -10.8354 2
      vertex -20.2709 13.5446 2
      vertex -19.2666 -10.7519 2
    endloop
  endfacet
  facet normal -0 0 1
    outer loop
      vertex -21.1134 12.1898 2
      vertex -19.2666 -10.7519 2
      vertex -20.2709 13.5446 2
    endloop
  endfacet
  facet normal -0 0 1
    outer loop
      vertex -21.8654 10.7828 2
      vertex -19.2666 -10.7519 2
      vertex -21.1134 12.1898 2
    endloop
  endfacet
  facet normal -0 0 1
    outer loop
      vertex -22.5238 9.32968 2
      vertex -19.2666 -10.7519 2
      vertex -21.8654 10.7828 2
    endloop
  endfacet
  facet normal -0 0 1
    outer loop
      vertex -23.0858 7.83658 2
      vertex -19.2666 -10.7519 2
      vertex -22.5238 9.32968 2
    endloop
  endfacet
  facet normal -0 0 1
    outer loop
      vertex -23.5489 6.30991 2
      vertex -19.2666 -10.7519 2
      vertex -23.0858 7.83658 2
    endloop
  endfacet
  facet normal 0 0 1
    outer loop
      vertex -19.2666 -10.7519 2
      vertex -23.5489 6.30991 2
      vertex -19.3404 -10.6731 2
    endloop
  endfacet
  facet normal -0 0 1
    outer loop
      vertex -23.9112 4.75623 2
      vertex -19.3404 -10.6731 2
      vertex -23.5489 6.30991 2
    endloop
  endfacet
  facet normal -0 0 1
    outer loop
      vertex -24.1711 3.18218 2
      vertex -19.3404 -10.6731 2
      vertex -23.9112 4.75623 2
    endloop
  endfacet
  facet normal 0 0 1
    outer loop
      vertex -19.3404 -10.6731 2
      vertex -24.1711 3.18218 2
      vertex -19.4192 -10.5993 2
    endloop
  endfacet
  facet normal -0 0 1
    outer loop
      vertex -24.3274 1.5945 2
      vertex -19.4192 -10.5993 2
      vertex -24.1711 3.18218 2
    endloop
  endfacet
  facet normal -0 0 1
    outer loop
      vertex -24.3796 0 2
      vertex -19.4192 -10.5993 2
      vertex -24.3274 1.5945 2
    endloop
  endfacet
  facet normal 0 0 1
    outer loop
      vertex -19.4192 -10.5993 2
      vertex -24.3796 0 2
      vertex -19.5027 -10.5308 2
    endloop
  endfacet
  facet normal -0 -0 1
    outer loop
      vertex -24.3274 -1.5945 2
      vertex -19.5027 -10.5308 2
      vertex -24.3796 0 2
    endloop
  endfacet
  facet normal 0 0 1
    outer loop
      vertex -19.5027 -10.5308 2
      vertex -24.3274 -1.5945 2
      vertex -19.5905 -10.4679 2
    endloop
  endfacet
  facet normal -0 -0 1
    outer loop
      vertex -24.1711 -3.18218 2
      vertex -19.5905 -10.4679 2
      vertex -24.3274 -1.5945 2
    endloop
  endfacet
  facet normal 0 0 1
    outer loop
      vertex -19.5905 -10.4679 2
      vertex -24.1711 -3.18218 2
      vertex -19.6822 -10.4109 2
    endloop
  endfacet
  facet normal -0 -0 1
    outer loop
      vertex -23.9112 -4.75623 2
      vertex -19.6822 -10.4109 2
      vertex -24.1711 -3.18218 2
    endloop
  endfacet
  facet normal 0 0 1
    outer loop
      vertex -19.6822 -10.4109 2
      vertex -23.9112 -4.75623 2
      vertex -19.7774 -10.36 2
    endloop
  endfacet
  facet normal 0 0 1
    outer loop
      vertex -19.7774 -10.36 2
      vertex -23.9112 -4.75623 2
      vertex -19.8757 -10.3154 2
    endloop
  endfacet
  facet normal -0 -0 1
    outer loop
      vertex -23.5489 -6.30991 2
      vertex -19.8757 -10.3154 2
      vertex -23.9112 -4.75623 2
    endloop
  endfacet
  facet normal 0 0 1
    outer loop
      vertex -19.8757 -10.3154 2
      vertex -23.5489 -6.30991 2
      vertex -19.9768 -10.2774 2
    endloop
  endfacet
  facet normal 0 0 1
    outer loop
      vertex -19.9768 -10.2774 2
      vertex -23.5489 -6.30991 2
      vertex -20.0801 -10.246 2
    endloop
  endfacet
  facet normal -0 -0 1
    outer loop
      vertex -23.0858 -7.83658 2
      vertex -20.0801 -10.246 2
      vertex -23.5489 -6.30991 2
    endloop
  endfacet
  facet normal 0 0 1
    outer loop
      vertex -20.0801 -10.246 2
      vertex -23.0858 -7.83658 2
      vertex -20.1853 -10.2215 2
    endloop
  endfacet
  facet normal 0 0 1
    outer loop
      vertex -20.1853 -10.2215 2
      vertex -23.0858 -7.83658 2
      vertex -20.2918 -10.2039 2
    endloop
  endfacet
  facet normal 0 0 1
    outer loop
      vertex -20.2918 -10.2039 2
      vertex -23.0858 -7.83658 2
      vertex -20.3993 -10.1934 2
    endloop
  endfacet
  facet normal 0 0 1
    outer loop
      vertex -20.3993 -10.1934 2
      vertex -23.0858 -7.83658 2
      vertex -20.5072 -10.1898 2
    endloop
  endfacet
  facet normal 0 0 1
    outer loop
      vertex -20.5072 -10.1898 2
      vertex -23.0858 -7.83658 2
      vertex -20.6151 -10.1934 2
    endloop
  endfacet
  facet normal -0 -0 1
    outer loop
      vertex -22.5238 -9.32968 2
      vertex -20.6151 -10.1934 2
      vertex -23.0858 -7.83658 2
    endloop
  endfacet
  facet normal 0 0 1
    outer loop
      vertex -20.6151 -10.1934 2
      vertex -22.5238 -9.32968 2
      vertex -20.7225 -10.2039 2
    endloop
  endfacet
  facet normal 0 0 1
    outer loop
      vertex -20.7225 -10.2039 2
      vertex -22.5238 -9.32968 2
      vertex -20.8291 -10.2215 2
    endloop
  endfacet
  facet normal 0 0 1
    outer loop
      vertex -21.7477 -10.7519 2
      vertex -21.8654 -10.7828 2
      vertex -21.8162 -10.8354 2
    endloop
  endfacet
  facet normal 0 0 1
    outer loop
      vertex -21.8162 -10.8354 2
      vertex -21.8654 -10.7828 2
      vertex -21.8283 -10.8523 2
    endloop
  endfacet
  facet normal 0 0 1
    outer loop
      vertex -21.5951 -10.5993 2
      vertex -21.8654 -10.7828 2
      vertex -21.6739 -10.6731 2
    endloop
  endfacet
  facet normal 0 0 1
    outer loop
      vertex -21.6739 -10.6731 2
      vertex -21.8654 -10.7828 2
      vertex -21.7477 -10.7519 2
    endloop
  endfacet
  facet normal 0 0 1
    outer loop
      vertex -20.8291 -10.2215 2
      vertex -22.5238 -9.32968 2
      vertex -20.9342 -10.246 2
    endloop
  endfacet
  facet normal 0 -0 1
    outer loop
      vertex -21.8654 -10.7828 2
      vertex -21.5951 -10.5993 2
      vertex -22.5238 -9.32968 2
    endloop
  endfacet
  facet normal 0 0 1
    outer loop
      vertex -21.0375 -10.2774 2
      vertex -22.5238 -9.32968 2
      vertex -21.1386 -10.3154 2
    endloop
  endfacet
  facet normal 0 0 1
    outer loop
      vertex -21.5116 -10.5308 2
      vertex -22.5238 -9.32968 2
      vertex -21.5951 -10.5993 2
    endloop
  endfacet
  facet normal 0 0 1
    outer loop
      vertex -21.3322 -10.4109 2
      vertex -22.5238 -9.32968 2
      vertex -21.4239 -10.4679 2
    endloop
  endfacet
  facet normal 0 0 1
    outer loop
      vertex -21.4239 -10.4679 2
      vertex -22.5238 -9.32968 2
      vertex -21.5116 -10.5308 2
    endloop
  endfacet
  facet normal 0 0 1
    outer loop
      vertex -21.1386 -10.3154 2
      vertex -22.5238 -9.32968 2
      vertex -21.2369 -10.36 2
    endloop
  endfacet
  facet normal 0 0 1
    outer loop
      vertex -21.2369 -10.36 2
      vertex -22.5238 -9.32968 2
      vertex -21.3322 -10.4109 2
    endloop
  endfacet
  facet normal 0 0 1
    outer loop
      vertex -20.9342 -10.246 2
      vertex -22.5238 -9.32968 2
      vertex -21.0375 -10.2774 2
    endloop
  endfacet
  facet normal -0 0 1
    outer loop
      vertex -18.8713 -12.0552 2
      vertex -17.239 -17.239 2
      vertex -18.8607 -11.9477 2
    endloop
  endfacet
  facet normal -0 0 1
    outer loop
      vertex -18.8889 -12.1617 2
      vertex -17.239 -17.239 2
      vertex -18.8713 -12.0552 2
    endloop
  endfacet
  facet normal -0 0 1
    outer loop
      vertex -18.9134 -12.2669 2
      vertex -17.239 -17.239 2
      vertex -18.8889 -12.1617 2
    endloop
  endfacet
  facet normal 0 0 1
    outer loop
      vertex -17.239 -17.239 2
      vertex -18.9134 -12.2669 2
      vertex -18.3296 -16.0746 2
    endloop
  endfacet
  facet normal -0 0 1
    outer loop
      vertex -18.9447 -12.3702 2
      vertex -18.3296 -16.0746 2
      vertex -18.9134 -12.2669 2
    endloop
  endfacet
  facet normal -0 0 1
    outer loop
      vertex -18.9828 -12.4712 2
      vertex -18.3296 -16.0746 2
      vertex -18.9447 -12.3702 2
    endloop
  endfacet
  facet normal -0 0 1
    outer loop
      vertex -19.0273 -12.5696 2
      vertex -18.3296 -16.0746 2
      vertex -18.9828 -12.4712 2
    endloop
  endfacet
  facet normal -0 0 1
    outer loop
      vertex -19.0782 -12.6648 2
      vertex -18.3296 -16.0746 2
      vertex -19.0273 -12.5696 2
    endloop
  endfacet
  facet normal -0 0 1
    outer loop
      vertex -19.1352 -12.7565 2
      vertex -18.3296 -16.0746 2
      vertex -19.0782 -12.6648 2
    endloop
  endfacet
  facet normal 0 0 1
    outer loop
      vertex -19.3417 -14.8414 2
      vertex -19.1352 -12.7565 2
      vertex -19.1981 -12.8443 2
    endloop
  endfacet
  facet normal 0 0 1
    outer loop
      vertex -19.3417 -14.8414 2
      vertex -19.1981 -12.8443 2
      vertex -19.2666 -12.9277 2
    endloop
  endfacet
  facet normal 0 0 1
    outer loop
      vertex -19.3417 -14.8414 2
      vertex -19.2666 -12.9277 2
      vertex -19.3404 -13.0065 2
    endloop
  endfacet
  facet normal 0 0 1
    outer loop
      vertex -19.1352 -12.7565 2
      vertex -19.3417 -14.8414 2
      vertex -18.3296 -16.0746 2
    endloop
  endfacet
  facet normal -0 0 1
    outer loop
      vertex -19.4192 -13.0804 2
      vertex -19.3417 -14.8414 2
      vertex -19.3404 -13.0065 2
    endloop
  endfacet
  facet normal -0 0 1
    outer loop
      vertex -19.5027 -13.1489 2
      vertex -19.3417 -14.8414 2
      vertex -19.4192 -13.0804 2
    endloop
  endfacet
  facet normal -0 0 1
    outer loop
      vertex -19.5905 -13.2117 2
      vertex -19.3417 -14.8414 2
      vertex -19.5027 -13.1489 2
    endloop
  endfacet
  facet normal -0 0 1
    outer loop
      vertex -19.6822 -13.2688 2
      vertex -19.3417 -14.8414 2
      vertex -19.5905 -13.2117 2
    endloop
  endfacet
  facet normal -0 0 1
    outer loop
      vertex -19.7774 -13.3197 2
      vertex -19.3417 -14.8414 2
      vertex -19.6822 -13.2688 2
    endloop
  endfacet
  facet normal -0 0 1
    outer loop
      vertex -19.8757 -13.3642 2
      vertex -19.3417 -14.8414 2
      vertex -19.7774 -13.3197 2
    endloop
  endfacet
  facet normal -0 0 1
    outer loop
      vertex -19.9768 -13.4023 2
      vertex -19.3417 -14.8414 2
      vertex -19.8757 -13.3642 2
    endloop
  endfacet
  facet normal 0 0 1
    outer loop
      vertex -20.2709 -13.5446 2
      vertex -19.9768 -13.4023 2
      vertex -20.0801 -13.4336 2
    endloop
  endfacet
  facet normal 0 0 1
    outer loop
      vertex -20.2709 -13.5446 2
      vertex -20.0801 -13.4336 2
      vertex -20.1853 -13.4581 2
    endloop
  endfacet
  facet normal 0 0 1
    outer loop
      vertex -19.9768 -13.4023 2
      vertex -20.2709 -13.5446 2
      vertex -19.3417 -14.8414 2
    endloop
  endfacet
  facet normal -0 0 1
    outer loop
      vertex -20.2918 -13.4757 2
      vertex -20.2709 -13.5446 2
      vertex -20.1853 -13.4581 2
    endloop
  endfacet
  facet normal 0 0 1
    outer loop
      vertex -20.2709 -13.5446 2
      vertex -20.2918 -13.4757 2
      vertex -20.3125 -13.4777 2
    endloop
  endfacet
  facet normal -0.995189 0.0979719 0
    outer loop
      vertex -24.3274 1.5945 0
      vertex -24.1711 3.18218 2
      vertex -24.1711 3.18218 0
    endloop
  endfacet
  facet normal -0.995189 0.0979719 0
    outer loop
      vertex -24.1711 3.18218 2
      vertex -24.3274 1.5945 0
      vertex -24.3274 1.5945 2
    endloop
  endfacet
  facet normal -0.227096 0.973872 0
    outer loop
      vertex -4.75623 23.9112 0
      vertex -6.30991 23.5489 2
      vertex -4.75623 23.9112 2
    endloop
  endfacet
  facet normal -0.227096 0.973872 0
    outer loop
      vertex -6.30991 23.5489 2
      vertex -4.75623 23.9112 0
      vertex -6.30991 23.5489 0
    endloop
  endfacet
  facet normal 0.973872 -0.227096 0
    outer loop
      vertex 23.5489 -6.30991 2
      vertex 23.9112 -4.75623 0
      vertex 23.9112 -4.75623 2
    endloop
  endfacet
  facet normal 0.973872 -0.227096 0
    outer loop
      vertex 23.9112 -4.75623 0
      vertex 23.5489 -6.30991 2
      vertex 23.5489 -6.30991 0
    endloop
  endfacet
  facet normal 0.227096 -0.973872 0
    outer loop
      vertex 4.75623 -23.9112 0
      vertex 6.30991 -23.5489 2
      vertex 4.75623 -23.9112 2
    endloop
  endfacet
  facet normal 0.227096 -0.973872 0
    outer loop
      vertex 6.30991 -23.5489 2
      vertex 4.75623 -23.9112 0
      vertex 6.30991 -23.5489 0
    endloop
  endfacet
  facet normal 0.935898 -0.35227 0
    outer loop
      vertex 22.5238 -9.32968 2
      vertex 23.0858 -7.83658 0
      vertex 23.0858 -7.83658 2
    endloop
  endfacet
  facet normal 0.935898 -0.35227 0
    outer loop
      vertex 23.0858 -7.83658 0
      vertex 22.5238 -9.32968 2
      vertex 22.5238 -9.32968 0
    endloop
  endfacet
  facet normal -0.227096 -0.973872 0
    outer loop
      vertex -6.30991 -23.5489 0
      vertex -4.75623 -23.9112 2
      vertex -6.30991 -23.5489 2
    endloop
  endfacet
  facet normal -0.227096 -0.973872 -0
    outer loop
      vertex -4.75623 -23.9112 2
      vertex -6.30991 -23.5489 0
      vertex -4.75623 -23.9112 0
    endloop
  endfacet
  facet normal -0.634408 -0.772998 0
    outer loop
      vertex -16.0746 -18.3296 0
      vertex -14.8414 -19.3417 2
      vertex -16.0746 -18.3296 2
    endloop
  endfacet
  facet normal -0.634408 -0.772998 -0
    outer loop
      vertex -14.8414 -19.3417 2
      vertex -16.0746 -18.3296 0
      vertex -14.8414 -19.3417 0
    endloop
  endfacet
  facet normal -0.956942 -0.290279 0
    outer loop
      vertex -23.0858 -7.83658 0
      vertex -23.5489 -6.30991 2
      vertex -23.5489 -6.30991 0
    endloop
  endfacet
  facet normal -0.956942 -0.290279 0
    outer loop
      vertex -23.5489 -6.30991 2
      vertex -23.0858 -7.83658 0
      vertex -23.0858 -7.83658 2
    endloop
  endfacet
  facet normal -0.995189 -0.0979719 0
    outer loop
      vertex -24.1711 -3.18218 0
      vertex -24.3274 -1.5945 2
      vertex -24.3274 -1.5945 0
    endloop
  endfacet
  facet normal -0.995189 -0.0979719 0
    outer loop
      vertex -24.3274 -1.5945 2
      vertex -24.1711 -3.18218 0
      vertex -24.1711 -3.18218 2
    endloop
  endfacet
  facet normal -0.885832 -0.464007 0
    outer loop
      vertex -21.8632 -10.787 1.60559
      vertex -21.8654 -10.7828 2
      vertex -21.8654 -10.7828 1.60007
    endloop
  endfacet
  facet normal -0.882286 -0.470715 9.12072e-05
    outer loop
      vertex -21.8521 -10.8078 1.63307
      vertex -21.8654 -10.7828 2
      vertex -21.8632 -10.787 1.60559
    endloop
  endfacet
  facet normal -0.882602 -0.470121 3.9292e-05
    outer loop
      vertex -21.8464 -10.8185 1.64674
      vertex -21.8654 -10.7828 2
      vertex -21.8521 -10.8078 1.63307
    endloop
  endfacet
  facet normal -0.881696 -0.471818 0.000259581
    outer loop
      vertex -21.8283 -10.8523 1.69
      vertex -21.8654 -10.7828 2
      vertex -21.8464 -10.8185 1.64674
    endloop
  endfacet
  facet normal -0.882177 -0.470918 0
    outer loop
      vertex -21.8654 -10.7828 2
      vertex -21.8283 -10.8523 1.69
      vertex -21.8283 -10.8523 2
    endloop
  endfacet
  facet normal 0.986641 -0.16291 0
    outer loop
      vertex 23.9112 -4.75623 2
      vertex 24.1711 -3.18218 0
      vertex 24.1711 -3.18218 2
    endloop
  endfacet
  facet normal 0.986641 -0.16291 0
    outer loop
      vertex 24.1711 -3.18218 0
      vertex 23.9112 -4.75623 2
      vertex 23.9112 -4.75623 0
    endloop
  endfacet
endsolid OpenSCAD_Model
